00:15:07:461  WARN 30980 --- [warehouse] [HikariPool-1:housekeeper] com.zaxxer.hikari.pool.HikariPool        : HikariPool-1 - Thread starvation or clock leap detected (housekeeper delta=3h19m30s911ms357µs500ns).
00:31:33:390  INFO 30980 --- [warehouse] [SpringApplicationShutdownHook] o.s.boot.tomcat.GracefulShutdown         : Commencing graceful shutdown. Waiting for active requests to complete
00:31:33:580  INFO 30980 --- [warehouse] [tomcat-shutdown] o.s.boot.tomcat.GracefulShutdown         : Graceful shutdown complete
00:31:33:625  INFO 30980 --- [warehouse] [SpringApplicationShutdownHook] com.zaxxer.hikari.HikariDataSource       : HikariPool-1 - Shutdown initiated...
00:31:33:651  INFO 30980 --- [warehouse] [SpringApplicationShutdownHook] com.zaxxer.hikari.HikariDataSource       : HikariPool-1 - Shutdown completed.
00:31:43:346  INFO 19096 --- [warehouse] [main] com.zh.WarehouseApplication              : Starting WarehouseApplication using Java 17.0.16 with PID 19096 (E:\ideaProject\warehouse\target\classes started by 张乐宇 in E:\ideaProject\warehouse)
00:31:43:354 DEBUG 19096 --- [warehouse] [main] com.zh.WarehouseApplication              : Running with Spring Boot v4.1.0, Spring v7.0.8
00:31:43:355  INFO 19096 --- [warehouse] [main] com.zh.WarehouseApplication              : The following 1 profile is active: "local"
00:31:44:555  INFO 19096 --- [warehouse] [main] .s.d.r.c.RepositoryConfigurationDelegate : Multiple Spring Data modules found, entering strict repository configuration mode
00:31:44:560  INFO 19096 --- [warehouse] [main] .s.d.r.c.RepositoryConfigurationDelegate : Bootstrapping Spring Data JDBC repositories in DEFAULT mode.
00:31:44:602  INFO 19096 --- [warehouse] [main] .s.d.r.c.RepositoryConfigurationDelegate : Finished Spring Data repository scanning in 29 ms. Found 0 JDBC repository interfaces.
00:31:45:515  INFO 19096 --- [warehouse] [main] o.s.boot.tomcat.TomcatWebServer          : Tomcat initialized with port 8000 (http)
00:31:45:539  INFO 19096 --- [warehouse] [main] o.apache.catalina.core.StandardService   : Starting service [Tomcat]
00:31:45:540  INFO 19096 --- [warehouse] [main] o.apache.catalina.core.StandardEngine    : Starting Servlet engine: [Apache Tomcat/11.0.22]
00:31:45:626  INFO 19096 --- [warehouse] [main] b.w.c.s.WebApplicationContextInitializer : Root WebApplicationContext: initialization completed in 2182 ms
00:31:47:152  INFO 19096 --- [warehouse] [main] b.m.s.MybatisPlusApplicationContextAware : Register ApplicationContext instances org.springframework.boot.web.server.servlet.context.AnnotationConfigServletWebServerApplicationContext@2c177f9e
00:31:47:280  INFO 19096 --- [warehouse] [main] com.zaxxer.hikari.HikariDataSource       : HikariPool-1 - Starting...
00:31:47:916  INFO 19096 --- [warehouse] [main] com.zaxxer.hikari.pool.HikariPool        : HikariPool-1 - Added connection com.mysql.cj.jdbc.ConnectionImpl@404009df
00:31:47:921  INFO 19096 --- [warehouse] [main] com.zaxxer.hikari.HikariDataSource       : HikariPool-1 - Start completed.
00:31:48:227  INFO 19096 --- [warehouse] [main] o.s.boot.tomcat.TomcatWebServer          : Tomcat started on port 8000 (http) with context path '/'
00:31:48:236  INFO 19096 --- [warehouse] [main] com.zh.WarehouseApplication              : Started WarehouseApplication in 5.778 seconds (process running for 6.999)
00:31:57:362  INFO 19096 --- [warehouse] [http-nio-8000-exec-1] o.a.c.c.C.[Tomcat].[localhost].[/]       : Initializing Spring DispatcherServlet 'dispatcherServlet'
00:31:57:365  INFO 19096 --- [warehouse] [http-nio-8000-exec-1] o.s.web.servlet.DispatcherServlet        : Initializing Servlet 'dispatcherServlet'
00:31:57:371  INFO 19096 --- [warehouse] [http-nio-8000-exec-1] o.s.web.servlet.DispatcherServlet        : Completed initialization in 4 ms
00:32:02:668 DEBUG 19096 --- [warehouse] [http-nio-8000-exec-7] c.z.m.ProductMapper.selectList_mpCount   : ==>  Preparing: SELECT COUNT(*) AS total FROM product
00:32:02:829 DEBUG 19096 --- [warehouse] [http-nio-8000-exec-7] c.z.m.ProductMapper.selectList_mpCount   : ==> Parameters: 
00:32:03:008 DEBUG 19096 --- [warehouse] [http-nio-8000-exec-7] c.z.m.ProductMapper.selectList_mpCount   : <==      Total: 1
00:32:03:025 DEBUG 19096 --- [warehouse] [http-nio-8000-exec-7] com.zh.mapper.ProductMapper.selectList   : ==>  Preparing: SELECT id,sku,name,category,unit,price,low_stock_threshold,created_at,updated_at FROM product ORDER BY id ASC LIMIT ?
00:32:03:030 DEBUG 19096 --- [warehouse] [http-nio-8000-exec-7] com.zh.mapper.ProductMapper.selectList   : ==> Parameters: 100(Long)
00:32:03:078 DEBUG 19096 --- [warehouse] [http-nio-8000-exec-7] com.zh.mapper.ProductMapper.selectList   : <==      Total: 11
00:32:19:742 DEBUG 19096 --- [warehouse] [http-nio-8000-exec-2] c.z.m.ProductMapper.selectList_mpCount   : ==>  Preparing: SELECT COUNT(*) AS total FROM product
00:32:19:746 DEBUG 19096 --- [warehouse] [http-nio-8000-exec-2] c.z.m.ProductMapper.selectList_mpCount   : ==> Parameters: 
00:32:19:755 DEBUG 19096 --- [warehouse] [http-nio-8000-exec-2] c.z.m.ProductMapper.selectList_mpCount   : <==      Total: 1
00:32:19:757 DEBUG 19096 --- [warehouse] [http-nio-8000-exec-2] com.zh.mapper.ProductMapper.selectList   : ==>  Preparing: SELECT id,sku,name,category,unit,price,low_stock_threshold,created_at,updated_at FROM product ORDER BY id ASC LIMIT ?
00:32:19:759 DEBUG 19096 --- [warehouse] [http-nio-8000-exec-2] com.zh.mapper.ProductMapper.selectList   : ==> Parameters: 100(Long)
00:32:19:790 DEBUG 19096 --- [warehouse] [http-nio-8000-exec-2] com.zh.mapper.ProductMapper.selectList   : <==      Total: 11
00:32:52:286 DEBUG 19096 --- [warehouse] [http-nio-8000-exec-4] c.zh.mapper.ProductMapper.selectByIds    : ==>  Preparing: SELECT id,sku,name,category,unit,price,low_stock_threshold,created_at,updated_at FROM product WHERE id IN ( ? )
00:32:52:289 DEBUG 19096 --- [warehouse] [http-nio-8000-exec-4] c.zh.mapper.ProductMapper.selectByIds    : ==> Parameters: 1(Long)
00:32:52:310 DEBUG 19096 --- [warehouse] [http-nio-8000-exec-4] c.zh.mapper.ProductMapper.selectByIds    : <==      Total: 1
00:32:52:341 DEBUG 19096 --- [warehouse] [http-nio-8000-exec-4] com.zh.mapper.OrdersMapper.selectCount   : ==>  Preparing: SELECT COUNT( * ) AS total FROM orders WHERE (order_no LIKE ?)
00:32:52:343 DEBUG 19096 --- [warehouse] [http-nio-8000-exec-4] com.zh.mapper.OrdersMapper.selectCount   : ==> Parameters: IN20260804%(String)
00:32:52:364 DEBUG 19096 --- [warehouse] [http-nio-8000-exec-4] com.zh.mapper.OrdersMapper.selectCount   : <==      Total: 1
00:32:52:387 DEBUG 19096 --- [warehouse] [http-nio-8000-exec-4] com.zh.mapper.OrdersMapper.insert        : ==>  Preparing: INSERT INTO orders ( order_no, type, status, total_quantity, operator_id, operator_name, remark, created_at ) VALUES ( ?, ?, ?, ?, ?, ?, ?, ? )
00:32:52:393 DEBUG 19096 --- [warehouse] [http-nio-8000-exec-4] com.zh.mapper.OrdersMapper.insert        : ==> Parameters: IN202608040001(String), INBOUND(String), CREATED(String), 5(Integer), 1(Long), 管理员(String), 阿迪达斯(String), 2026-08-04T00:32:52.371355800(LocalDateTime)
00:32:52:430 DEBUG 19096 --- [warehouse] [http-nio-8000-exec-4] com.zh.mapper.OrdersMapper.insert        : <==    Updates: 1
00:32:52:458 DEBUG 19096 --- [warehouse] [http-nio-8000-exec-4] com.zh.mapper.OrderItemMapper.insert     : ==>  Preparing: INSERT INTO order_item ( order_id, product_id, product_name, quantity ) VALUES ( ?, ?, ?, ? )
00:32:52:468 DEBUG 19096 --- [warehouse] [http-nio-8000-exec-4] com.zh.mapper.OrderItemMapper.insert     : ==> Parameters: 7(Long), 1(Long), 一次性口罩(String), 5(Integer)
00:33:05:394 DEBUG 19096 --- [warehouse] [http-nio-8000-exec-5] c.z.m.ProductMapper.selectList_mpCount   : ==>  Preparing: SELECT COUNT(*) AS total FROM product
00:33:05:397 DEBUG 19096 --- [warehouse] [http-nio-8000-exec-5] c.z.m.ProductMapper.selectList_mpCount   : ==> Parameters: 
00:33:05:401 DEBUG 19096 --- [warehouse] [http-nio-8000-exec-5] c.z.m.ProductMapper.selectList_mpCount   : <==      Total: 1
00:33:05:403 DEBUG 19096 --- [warehouse] [http-nio-8000-exec-5] com.zh.mapper.ProductMapper.selectList   : ==>  Preparing: SELECT id,sku,name,category,unit,price,low_stock_threshold,created_at,updated_at FROM product ORDER BY id ASC LIMIT ?
00:33:05:404 DEBUG 19096 --- [warehouse] [http-nio-8000-exec-5] com.zh.mapper.ProductMapper.selectList   : ==> Parameters: 100(Long)
00:33:05:418 DEBUG 19096 --- [warehouse] [http-nio-8000-exec-5] com.zh.mapper.ProductMapper.selectList   : <==      Total: 11
00:34:59:215  INFO 19096 --- [warehouse] [SpringApplicationShutdownHook] o.s.boot.tomcat.GracefulShutdown         : Commencing graceful shutdown. Waiting for active requests to complete
00:34:59:341  INFO 19096 --- [warehouse] [tomcat-shutdown] o.s.boot.tomcat.GracefulShutdown         : Graceful shutdown complete
00:34:59:350  INFO 19096 --- [warehouse] [SpringApplicationShutdownHook] com.zaxxer.hikari.HikariDataSource       : HikariPool-1 - Shutdown initiated...
00:34:59:362  INFO 19096 --- [warehouse] [SpringApplicationShutdownHook] com.zaxxer.hikari.HikariDataSource       : HikariPool-1 - Shutdown completed.
00:35:06:122  INFO 22464 --- [warehouse] [main] com.zh.WarehouseApplication              : Starting WarehouseApplication using Java 17.0.16 with PID 22464 (E:\ideaProject\warehouse\target\classes started by 张乐宇 in E:\ideaProject\warehouse)
00:35:06:130 DEBUG 22464 --- [warehouse] [main] com.zh.WarehouseApplication              : Running with Spring Boot v4.1.0, Spring v7.0.8
00:35:06:131  INFO 22464 --- [warehouse] [main] com.zh.WarehouseApplication              : The following 1 profile is active: "local"
00:35:07:235  INFO 22464 --- [warehouse] [main] .s.d.r.c.RepositoryConfigurationDelegate : Multiple Spring Data modules found, entering strict repository configuration mode
00:35:07:238  INFO 22464 --- [warehouse] [main] .s.d.r.c.RepositoryConfigurationDelegate : Bootstrapping Spring Data JDBC repositories in DEFAULT mode.
00:35:07:285  INFO 22464 --- [warehouse] [main] .s.d.r.c.RepositoryConfigurationDelegate : Finished Spring Data repository scanning in 32 ms. Found 0 JDBC repository interfaces.
00:35:08:137  INFO 22464 --- [warehouse] [main] o.s.boot.tomcat.TomcatWebServer          : Tomcat initialized with port 8000 (http)
00:35:08:163  INFO 22464 --- [warehouse] [main] o.apache.catalina.core.StandardService   : Starting service [Tomcat]
00:35:08:164  INFO 22464 --- [warehouse] [main] o.apache.catalina.core.StandardEngine    : Starting Servlet engine: [Apache Tomcat/11.0.22]
00:35:08:261  INFO 22464 --- [warehouse] [main] b.w.c.s.WebApplicationContextInitializer : Root WebApplicationContext: initialization completed in 2039 ms
00:35:09:753  INFO 22464 --- [warehouse] [main] b.m.s.MybatisPlusApplicationContextAware : Register ApplicationContext instances org.springframework.boot.web.server.servlet.context.AnnotationConfigServletWebServerApplicationContext@33617539
00:35:09:856  INFO 22464 --- [warehouse] [main] com.zaxxer.hikari.HikariDataSource       : HikariPool-1 - Starting...
00:35:10:373  INFO 22464 --- [warehouse] [main] com.zaxxer.hikari.pool.HikariPool        : HikariPool-1 - Added connection com.mysql.cj.jdbc.ConnectionImpl@6d31f14
00:35:10:377  INFO 22464 --- [warehouse] [main] com.zaxxer.hikari.HikariDataSource       : HikariPool-1 - Start completed.
00:35:10:681  INFO 22464 --- [warehouse] [main] o.s.boot.tomcat.TomcatWebServer          : Tomcat started on port 8000 (http) with context path '/'
00:35:10:689  INFO 22464 --- [warehouse] [main] com.zh.WarehouseApplication              : Started WarehouseApplication in 5.343 seconds (process running for 6.323)
00:35:17:387  INFO 22464 --- [warehouse] [http-nio-8000-exec-1] o.a.c.c.C.[Tomcat].[localhost].[/]       : Initializing Spring DispatcherServlet 'dispatcherServlet'
00:35:17:390  INFO 22464 --- [warehouse] [http-nio-8000-exec-1] o.s.web.servlet.DispatcherServlet        : Initializing Servlet 'dispatcherServlet'
00:35:17:398  INFO 22464 --- [warehouse] [http-nio-8000-exec-1] o.s.web.servlet.DispatcherServlet        : Completed initialization in 7 ms
00:35:18:528 DEBUG 22464 --- [warehouse] [http-nio-8000-exec-1] c.z.m.ProductMapper.selectList_mpCount   : ==>  Preparing: SELECT COUNT(*) AS total FROM product
00:35:18:707 DEBUG 22464 --- [warehouse] [http-nio-8000-exec-1] c.z.m.ProductMapper.selectList_mpCount   : ==> Parameters: 
00:35:18:839 DEBUG 22464 --- [warehouse] [http-nio-8000-exec-1] c.z.m.ProductMapper.selectList_mpCount   : <==      Total: 1
00:35:18:856 DEBUG 22464 --- [warehouse] [http-nio-8000-exec-1] com.zh.mapper.ProductMapper.selectList   : ==>  Preparing: SELECT id,sku,name,category,unit,price,low_stock_threshold,created_at,updated_at FROM product ORDER BY id ASC LIMIT ?
00:35:18:862 DEBUG 22464 --- [warehouse] [http-nio-8000-exec-1] com.zh.mapper.ProductMapper.selectList   : ==> Parameters: 100(Long)
00:35:18:894 DEBUG 22464 --- [warehouse] [http-nio-8000-exec-1] com.zh.mapper.ProductMapper.selectList   : <==      Total: 11
00:35:20:446 DEBUG 22464 --- [warehouse] [http-nio-8000-exec-3] c.z.m.ProductMapper.selectList_mpCount   : ==>  Preparing: SELECT COUNT(*) AS total FROM product
00:35:20:450 DEBUG 22464 --- [warehouse] [http-nio-8000-exec-3] c.z.m.ProductMapper.selectList_mpCount   : ==> Parameters: 
00:35:20:456 DEBUG 22464 --- [warehouse] [http-nio-8000-exec-3] c.z.m.ProductMapper.selectList_mpCount   : <==      Total: 1
00:35:20:458 DEBUG 22464 --- [warehouse] [http-nio-8000-exec-3] com.zh.mapper.ProductMapper.selectList   : ==>  Preparing: SELECT id,sku,name,category,unit,price,low_stock_threshold,created_at,updated_at FROM product ORDER BY id ASC LIMIT ?
00:35:20:461 DEBUG 22464 --- [warehouse] [http-nio-8000-exec-3] com.zh.mapper.ProductMapper.selectList   : ==> Parameters: 100(Long)
00:35:20:489 DEBUG 22464 --- [warehouse] [http-nio-8000-exec-3] com.zh.mapper.ProductMapper.selectList   : <==      Total: 11
00:35:28:369 DEBUG 22464 --- [warehouse] [http-nio-8000-exec-4] c.zh.mapper.ProductMapper.selectByIds    : ==>  Preparing: SELECT id,sku,name,category,unit,price,low_stock_threshold,created_at,updated_at FROM product WHERE id IN ( ? )
00:35:28:374 DEBUG 22464 --- [warehouse] [http-nio-8000-exec-4] c.zh.mapper.ProductMapper.selectByIds    : ==> Parameters: 1(Long)
00:35:28:380 DEBUG 22464 --- [warehouse] [http-nio-8000-exec-4] c.zh.mapper.ProductMapper.selectByIds    : <==      Total: 1
00:35:28:451 DEBUG 22464 --- [warehouse] [http-nio-8000-exec-4] com.zh.mapper.OrdersMapper.selectCount   : ==>  Preparing: SELECT COUNT( * ) AS total FROM orders WHERE (order_no LIKE ?)
00:35:28:453 DEBUG 22464 --- [warehouse] [http-nio-8000-exec-4] com.zh.mapper.OrdersMapper.selectCount   : ==> Parameters: IN20260804%(String)
00:35:28:463 DEBUG 22464 --- [warehouse] [http-nio-8000-exec-4] com.zh.mapper.OrdersMapper.selectCount   : <==      Total: 1
00:35:28:487 DEBUG 22464 --- [warehouse] [http-nio-8000-exec-4] com.zh.mapper.OrdersMapper.insert        : ==>  Preparing: INSERT INTO orders ( order_no, type, status, total_quantity, operator_id, operator_name, remark, created_at ) VALUES ( ?, ?, ?, ?, ?, ?, ?, ? )
00:35:28:491 DEBUG 22464 --- [warehouse] [http-nio-8000-exec-4] com.zh.mapper.OrdersMapper.insert        : ==> Parameters: IN202608040002(String), INBOUND(String), CREATED(String), 5(Integer), 1(Long), 管理员(String), 12333(String), 2026-08-04T00:35:28.470071500(LocalDateTime)
00:35:28:515 DEBUG 22464 --- [warehouse] [http-nio-8000-exec-4] com.zh.mapper.OrdersMapper.insert        : <==    Updates: 1
00:35:28:537 DEBUG 22464 --- [warehouse] [http-nio-8000-exec-4] com.zh.mapper.OrderItemMapper.insert     : ==>  Preparing: INSERT INTO order_item ( order_id, product_id, product_name, quantity ) VALUES ( ?, ?, ?, ? )
00:35:28:543 DEBUG 22464 --- [warehouse] [http-nio-8000-exec-4] com.zh.mapper.OrderItemMapper.insert     : ==> Parameters: 8(Long), 1(Long), 一次性口罩(String), 5(Integer)
00:36:16:335 DEBUG 22464 --- [warehouse] [http-nio-8000-exec-5] c.z.m.ProductMapper.selectList_mpCount   : ==>  Preparing: SELECT COUNT(*) AS total FROM product
00:36:16:340 DEBUG 22464 --- [warehouse] [http-nio-8000-exec-5] c.z.m.ProductMapper.selectList_mpCount   : ==> Parameters: 
00:36:16:344 DEBUG 22464 --- [warehouse] [http-nio-8000-exec-5] c.z.m.ProductMapper.selectList_mpCount   : <==      Total: 1
00:36:16:346 DEBUG 22464 --- [warehouse] [http-nio-8000-exec-5] com.zh.mapper.ProductMapper.selectList   : ==>  Preparing: SELECT id,sku,name,category,unit,price,low_stock_threshold,created_at,updated_at FROM product ORDER BY id ASC LIMIT ?
00:36:16:347 DEBUG 22464 --- [warehouse] [http-nio-8000-exec-5] com.zh.mapper.ProductMapper.selectList   : ==> Parameters: 100(Long)
00:36:16:366 DEBUG 22464 --- [warehouse] [http-nio-8000-exec-5] com.zh.mapper.ProductMapper.selectList   : <==      Total: 11
00:36:27:143 DEBUG 22464 --- [warehouse] [http-nio-8000-exec-8] c.zh.mapper.ProductMapper.selectByIds    : ==>  Preparing: SELECT id,sku,name,category,unit,price,low_stock_threshold,created_at,updated_at FROM product WHERE id IN ( ? )
00:36:27:145 DEBUG 22464 --- [warehouse] [http-nio-8000-exec-8] c.zh.mapper.ProductMapper.selectByIds    : ==> Parameters: 1(Long)
00:36:27:149 DEBUG 22464 --- [warehouse] [http-nio-8000-exec-8] c.zh.mapper.ProductMapper.selectByIds    : <==      Total: 1
00:36:27:166 DEBUG 22464 --- [warehouse] [http-nio-8000-exec-8] com.zh.mapper.InventoryMapper.update     : ==>  Preparing: UPDATE inventory SET reserved_quantity = reserved_quantity + ?,updated_at=? WHERE (product_id = ? AND quantity - reserved_quantity >= ?)
00:36:27:170 DEBUG 22464 --- [warehouse] [http-nio-8000-exec-8] com.zh.mapper.InventoryMapper.update     : ==> Parameters: 50(Integer), 2026-08-04T00:36:27.158424400(LocalDateTime), 1(Long), 50(Integer)
00:36:27:182 DEBUG 22464 --- [warehouse] [http-nio-8000-exec-8] com.zh.mapper.InventoryMapper.update     : <==    Updates: 1
00:36:27:187 DEBUG 22464 --- [warehouse] [http-nio-8000-exec-8] com.zh.mapper.OrdersMapper.selectCount   : ==>  Preparing: SELECT COUNT( * ) AS total FROM orders WHERE (order_no LIKE ?)
00:36:27:189 DEBUG 22464 --- [warehouse] [http-nio-8000-exec-8] com.zh.mapper.OrdersMapper.selectCount   : ==> Parameters: OUT20260804%(String)
00:36:27:192 DEBUG 22464 --- [warehouse] [http-nio-8000-exec-8] com.zh.mapper.OrdersMapper.selectCount   : <==      Total: 1
00:36:27:198 DEBUG 22464 --- [warehouse] [http-nio-8000-exec-8] com.zh.mapper.OrdersMapper.insert        : ==>  Preparing: INSERT INTO orders ( order_no, type, status, total_quantity, operator_id, operator_name, remark, created_at ) VALUES ( ?, ?, ?, ?, ?, ?, ?, ? )
00:36:27:200 DEBUG 22464 --- [warehouse] [http-nio-8000-exec-8] com.zh.mapper.OrdersMapper.insert        : ==> Parameters: OUT202608040001(String), OUTBOUND(String), RESERVED(String), 50(Integer), 1(Long), 管理员(String), (String), 2026-08-04T00:36:27.195266400(LocalDateTime)
00:36:27:205 DEBUG 22464 --- [warehouse] [http-nio-8000-exec-8] com.zh.mapper.OrdersMapper.insert        : <==    Updates: 1
00:36:27:211 DEBUG 22464 --- [warehouse] [http-nio-8000-exec-8] com.zh.mapper.OrderItemMapper.insert     : ==>  Preparing: INSERT INTO order_item ( order_id, product_id, product_name, quantity ) VALUES ( ?, ?, ?, ? )
00:36:27:213 DEBUG 22464 --- [warehouse] [http-nio-8000-exec-8] com.zh.mapper.OrderItemMapper.insert     : ==> Parameters: 9(Long), 1(Long), 一次性口罩(String), 50(Integer)
00:36:45:493 DEBUG 22464 --- [warehouse] [http-nio-8000-exec-9] c.z.m.ProductMapper.selectList_mpCount   : ==>  Preparing: SELECT COUNT(*) AS total FROM product
00:36:45:501 DEBUG 22464 --- [warehouse] [http-nio-8000-exec-9] c.z.m.ProductMapper.selectList_mpCount   : ==> Parameters: 
00:36:45:509 DEBUG 22464 --- [warehouse] [http-nio-8000-exec-9] c.z.m.ProductMapper.selectList_mpCount   : <==      Total: 1
00:36:45:513 DEBUG 22464 --- [warehouse] [http-nio-8000-exec-9] com.zh.mapper.ProductMapper.selectList   : ==>  Preparing: SELECT id,sku,name,category,unit,price,low_stock_threshold,created_at,updated_at FROM product ORDER BY id ASC LIMIT ?
00:36:45:514 DEBUG 22464 --- [warehouse] [http-nio-8000-exec-9] com.zh.mapper.ProductMapper.selectList   : ==> Parameters: 100(Long)
00:36:45:525 DEBUG 22464 --- [warehouse] [http-nio-8000-exec-9] com.zh.mapper.ProductMapper.selectList   : <==      Total: 11
00:36:55:397 DEBUG 22464 --- [warehouse] [http-nio-8000-exec-7] c.zh.mapper.ProductMapper.selectByIds    : ==>  Preparing: SELECT id,sku,name,category,unit,price,low_stock_threshold,created_at,updated_at FROM product WHERE id IN ( ? )
00:36:55:398 DEBUG 22464 --- [warehouse] [http-nio-8000-exec-7] c.zh.mapper.ProductMapper.selectByIds    : ==> Parameters: 1(Long)
00:36:55:407 DEBUG 22464 --- [warehouse] [http-nio-8000-exec-7] c.zh.mapper.ProductMapper.selectByIds    : <==      Total: 1
00:36:55:415 DEBUG 22464 --- [warehouse] [http-nio-8000-exec-7] com.zh.mapper.OrdersMapper.selectCount   : ==>  Preparing: SELECT COUNT( * ) AS total FROM orders WHERE (order_no LIKE ?)
00:36:55:418 DEBUG 22464 --- [warehouse] [http-nio-8000-exec-7] com.zh.mapper.OrdersMapper.selectCount   : ==> Parameters: IN20260804%(String)
00:36:55:422 DEBUG 22464 --- [warehouse] [http-nio-8000-exec-7] com.zh.mapper.OrdersMapper.selectCount   : <==      Total: 1
00:36:55:430 DEBUG 22464 --- [warehouse] [http-nio-8000-exec-7] com.zh.mapper.OrdersMapper.insert        : ==>  Preparing: INSERT INTO orders ( order_no, type, status, total_quantity, operator_id, operator_name, remark, created_at ) VALUES ( ?, ?, ?, ?, ?, ?, ?, ? )
00:36:55:436 DEBUG 22464 --- [warehouse] [http-nio-8000-exec-7] com.zh.mapper.OrdersMapper.insert        : ==> Parameters: IN202608040003(String), INBOUND(String), CREATED(String), 5(Integer), 1(Long), 管理员(String), 11(String), 2026-08-04T00:36:55.424875800(LocalDateTime)
00:36:55:483 DEBUG 22464 --- [warehouse] [http-nio-8000-exec-7] com.zh.mapper.OrdersMapper.insert        : <==    Updates: 1
00:36:55:486 DEBUG 22464 --- [warehouse] [http-nio-8000-exec-7] com.zh.mapper.OrderItemMapper.insert     : ==>  Preparing: INSERT INTO order_item ( order_id, product_id, product_name, quantity ) VALUES ( ?, ?, ?, ? )
00:36:55:491 DEBUG 22464 --- [warehouse] [http-nio-8000-exec-7] com.zh.mapper.OrderItemMapper.insert     : ==> Parameters: 10(Long), 1(Long), 一次性口罩(String), 5(Integer)
00:37:24:770 DEBUG 22464 --- [warehouse] [http-nio-8000-exec-1] com.zh.mapper.ProductMapper.selectList   : ==>  Preparing: SELECT id,sku,name,category,unit,price,low_stock_threshold,created_at,updated_at FROM product
00:37:24:772 DEBUG 22464 --- [warehouse] [http-nio-8000-exec-1] com.zh.mapper.ProductMapper.selectList   : ==> Parameters: 
00:37:24:780 DEBUG 22464 --- [warehouse] [http-nio-8000-exec-1] com.zh.mapper.ProductMapper.selectList   : <==      Total: 11
00:37:24:793 DEBUG 22464 --- [warehouse] [http-nio-8000-exec-1] c.zh.mapper.InventoryMapper.selectList   : ==>  Preparing: SELECT id,product_id,quantity,reserved_quantity,version,updated_at FROM inventory WHERE (product_id IN (?,?,?,?,?,?,?,?,?,?,?))
00:37:24:797 DEBUG 22464 --- [warehouse] [http-nio-8000-exec-1] c.zh.mapper.InventoryMapper.selectList   : ==> Parameters: 1(Long), 2(Long), 3(Long), 4(Long), 5(Long), 6(Long), 7(Long), 8(Long), 9(Long), 10(Long), 11(Long)
00:37:24:808 DEBUG 22464 --- [warehouse] [http-nio-8000-exec-1] c.zh.mapper.InventoryMapper.selectList   : <==      Total: 10
00:37:40:402 DEBUG 22464 --- [warehouse] [http-nio-8000-exec-4] c.z.m.ProductMapper.selectList_mpCount   : ==>  Preparing: SELECT COUNT(*) AS total FROM product
00:37:40:403 DEBUG 22464 --- [warehouse] [http-nio-8000-exec-4] c.z.m.ProductMapper.selectList_mpCount   : ==> Parameters: 
00:37:40:406 DEBUG 22464 --- [warehouse] [http-nio-8000-exec-4] c.z.m.ProductMapper.selectList_mpCount   : <==      Total: 1
00:37:40:409 DEBUG 22464 --- [warehouse] [http-nio-8000-exec-4] com.zh.mapper.ProductMapper.selectList   : ==>  Preparing: SELECT id,sku,name,category,unit,price,low_stock_threshold,created_at,updated_at FROM product ORDER BY id ASC LIMIT ?
00:37:40:410 DEBUG 22464 --- [warehouse] [http-nio-8000-exec-4] com.zh.mapper.ProductMapper.selectList   : ==> Parameters: 100(Long)
00:37:40:415 DEBUG 22464 --- [warehouse] [http-nio-8000-exec-4] com.zh.mapper.ProductMapper.selectList   : <==      Total: 11
00:37:51:176 DEBUG 22464 --- [warehouse] [http-nio-8000-exec-6] c.zh.mapper.ProductMapper.selectByIds    : ==>  Preparing: SELECT id,sku,name,category,unit,price,low_stock_threshold,created_at,updated_at FROM product WHERE id IN ( ? )
00:37:51:178 DEBUG 22464 --- [warehouse] [http-nio-8000-exec-6] c.zh.mapper.ProductMapper.selectByIds    : ==> Parameters: 1(Long)
00:37:51:184 DEBUG 22464 --- [warehouse] [http-nio-8000-exec-6] c.zh.mapper.ProductMapper.selectByIds    : <==      Total: 1
00:37:51:190 DEBUG 22464 --- [warehouse] [http-nio-8000-exec-6] com.zh.mapper.InventoryMapper.update     : ==>  Preparing: UPDATE inventory SET reserved_quantity = reserved_quantity + ?,updated_at=? WHERE (product_id = ? AND quantity - reserved_quantity >= ?)
00:37:51:192 DEBUG 22464 --- [warehouse] [http-nio-8000-exec-6] com.zh.mapper.InventoryMapper.update     : ==> Parameters: 100(Integer), 2026-08-04T00:37:51.187226300(LocalDateTime), 1(Long), 100(Integer)
00:37:51:201 DEBUG 22464 --- [warehouse] [http-nio-8000-exec-6] com.zh.mapper.InventoryMapper.update     : <==    Updates: 1
00:37:51:204 DEBUG 22464 --- [warehouse] [http-nio-8000-exec-6] com.zh.mapper.OrdersMapper.selectCount   : ==>  Preparing: SELECT COUNT( * ) AS total FROM orders WHERE (order_no LIKE ?)
00:37:51:205 DEBUG 22464 --- [warehouse] [http-nio-8000-exec-6] com.zh.mapper.OrdersMapper.selectCount   : ==> Parameters: OUT20260804%(String)
00:37:51:209 DEBUG 22464 --- [warehouse] [http-nio-8000-exec-6] com.zh.mapper.OrdersMapper.selectCount   : <==      Total: 1
00:37:51:212 DEBUG 22464 --- [warehouse] [http-nio-8000-exec-6] com.zh.mapper.OrdersMapper.insert        : ==>  Preparing: INSERT INTO orders ( order_no, type, status, total_quantity, operator_id, operator_name, remark, created_at ) VALUES ( ?, ?, ?, ?, ?, ?, ?, ? )
00:37:51:215 DEBUG 22464 --- [warehouse] [http-nio-8000-exec-6] com.zh.mapper.OrdersMapper.insert        : ==> Parameters: OUT202608040002(String), OUTBOUND(String), RESERVED(String), 100(Integer), 1(Long), 管理员(String), 是的啊(String), 2026-08-04T00:37:51.211272600(LocalDateTime)
00:37:51:220 DEBUG 22464 --- [warehouse] [http-nio-8000-exec-6] com.zh.mapper.OrdersMapper.insert        : <==    Updates: 1
00:37:51:225 DEBUG 22464 --- [warehouse] [http-nio-8000-exec-6] com.zh.mapper.OrderItemMapper.insert     : ==>  Preparing: INSERT INTO order_item ( order_id, product_id, product_name, quantity ) VALUES ( ?, ?, ?, ? )
00:37:51:226 DEBUG 22464 --- [warehouse] [http-nio-8000-exec-6] com.zh.mapper.OrderItemMapper.insert     : ==> Parameters: 11(Long), 1(Long), 一次性口罩(String), 100(Integer)
00:37:53:511 DEBUG 22464 --- [warehouse] [http-nio-8000-exec-8] c.z.m.ProductMapper.selectList_mpCount   : ==>  Preparing: SELECT COUNT(*) AS total FROM product
00:37:53:513 DEBUG 22464 --- [warehouse] [http-nio-8000-exec-8] c.z.m.ProductMapper.selectList_mpCount   : ==> Parameters: 
00:37:53:516 DEBUG 22464 --- [warehouse] [http-nio-8000-exec-8] c.z.m.ProductMapper.selectList_mpCount   : <==      Total: 1
00:37:53:518 DEBUG 22464 --- [warehouse] [http-nio-8000-exec-8] com.zh.mapper.ProductMapper.selectList   : ==>  Preparing: SELECT id,sku,name,category,unit,price,low_stock_threshold,created_at,updated_at FROM product ORDER BY id ASC LIMIT ?
00:37:53:519 DEBUG 22464 --- [warehouse] [http-nio-8000-exec-8] com.zh.mapper.ProductMapper.selectList   : ==> Parameters: 10(Long)
00:37:53:525 DEBUG 22464 --- [warehouse] [http-nio-8000-exec-8] com.zh.mapper.ProductMapper.selectList   : <==      Total: 10
00:37:57:998 DEBUG 22464 --- [warehouse] [http-nio-8000-exec-10] com.zh.mapper.ProductMapper.selectList   : ==>  Preparing: SELECT id,sku,name,category,unit,price,low_stock_threshold,created_at,updated_at FROM product
00:37:58:002 DEBUG 22464 --- [warehouse] [http-nio-8000-exec-10] com.zh.mapper.ProductMapper.selectList   : ==> Parameters: 
00:37:58:010 DEBUG 22464 --- [warehouse] [http-nio-8000-exec-10] com.zh.mapper.ProductMapper.selectList   : <==      Total: 11
00:37:58:018 DEBUG 22464 --- [warehouse] [http-nio-8000-exec-10] c.zh.mapper.InventoryMapper.selectList   : ==>  Preparing: SELECT id,product_id,quantity,reserved_quantity,version,updated_at FROM inventory WHERE (product_id IN (?,?,?,?,?,?,?,?,?,?,?))
00:37:58:020 DEBUG 22464 --- [warehouse] [http-nio-8000-exec-10] c.zh.mapper.InventoryMapper.selectList   : ==> Parameters: 1(Long), 2(Long), 3(Long), 4(Long), 5(Long), 6(Long), 7(Long), 8(Long), 9(Long), 10(Long), 11(Long)
00:37:58:034 DEBUG 22464 --- [warehouse] [http-nio-8000-exec-10] c.zh.mapper.InventoryMapper.selectList   : <==      Total: 10
00:38:00:590 DEBUG 22464 --- [warehouse] [http-nio-8000-exec-9] com.zh.mapper.ProductMapper.selectList   : ==>  Preparing: SELECT id,sku,name,category,unit,price,low_stock_threshold,created_at,updated_at FROM product
00:38:00:592 DEBUG 22464 --- [warehouse] [http-nio-8000-exec-9] com.zh.mapper.ProductMapper.selectList   : ==> Parameters: 
00:38:00:597 DEBUG 22464 --- [warehouse] [http-nio-8000-exec-9] com.zh.mapper.ProductMapper.selectList   : <==      Total: 11
00:38:00:603 DEBUG 22464 --- [warehouse] [http-nio-8000-exec-9] c.zh.mapper.InventoryMapper.selectList   : ==>  Preparing: SELECT id,product_id,quantity,reserved_quantity,version,updated_at FROM inventory WHERE (product_id IN (?,?,?,?,?,?,?,?,?,?,?))
00:38:00:604 DEBUG 22464 --- [warehouse] [http-nio-8000-exec-9] c.zh.mapper.InventoryMapper.selectList   : ==> Parameters: 1(Long), 2(Long), 3(Long), 4(Long), 5(Long), 6(Long), 7(Long), 8(Long), 9(Long), 10(Long), 11(Long)
00:38:00:610 DEBUG 22464 --- [warehouse] [http-nio-8000-exec-9] c.zh.mapper.InventoryMapper.selectList   : <==      Total: 10
00:42:38:500  INFO 22464 --- [warehouse] [SpringApplicationShutdownHook] o.s.boot.tomcat.GracefulShutdown         : Commencing graceful shutdown. Waiting for active requests to complete
00:42:38:653  INFO 22464 --- [warehouse] [tomcat-shutdown] o.s.boot.tomcat.GracefulShutdown         : Graceful shutdown complete
00:42:38:684  INFO 22464 --- [warehouse] [SpringApplicationShutdownHook] com.zaxxer.hikari.HikariDataSource       : HikariPool-1 - Shutdown initiated...
00:42:38:734  INFO 22464 --- [warehouse] [SpringApplicationShutdownHook] com.zaxxer.hikari.HikariDataSource       : HikariPool-1 - Shutdown completed.
00:42:48:480  INFO 15600 --- [warehouse] [main] com.zh.WarehouseApplication              : Starting WarehouseApplication using Java 17.0.16 with PID 15600 (E:\ideaProject\warehouse\target\classes started by 张乐宇 in E:\ideaProject\warehouse)
00:42:48:485 DEBUG 15600 --- [warehouse] [main] com.zh.WarehouseApplication              : Running with Spring Boot v4.1.0, Spring v7.0.8
00:42:48:487  INFO 15600 --- [warehouse] [main] com.zh.WarehouseApplication              : The following 1 profile is active: "local"
00:42:49:697  INFO 15600 --- [warehouse] [main] .s.d.r.c.RepositoryConfigurationDelegate : Multiple Spring Data modules found, entering strict repository configuration mode
00:42:49:700  INFO 15600 --- [warehouse] [main] .s.d.r.c.RepositoryConfigurationDelegate : Bootstrapping Spring Data JDBC repositories in DEFAULT mode.
00:42:49:741  INFO 15600 --- [warehouse] [main] .s.d.r.c.RepositoryConfigurationDelegate : Finished Spring Data repository scanning in 28 ms. Found 0 JDBC repository interfaces.
00:42:50:748  INFO 15600 --- [warehouse] [main] o.s.boot.tomcat.TomcatWebServer          : Tomcat initialized with port 8000 (http)
00:42:50:774  INFO 15600 --- [warehouse] [main] o.apache.catalina.core.StandardService   : Starting service [Tomcat]
00:42:50:774  INFO 15600 --- [warehouse] [main] o.apache.catalina.core.StandardEngine    : Starting Servlet engine: [Apache Tomcat/11.0.22]
00:42:50:851  INFO 15600 --- [warehouse] [main] b.w.c.s.WebApplicationContextInitializer : Root WebApplicationContext: initialization completed in 2261 ms
00:42:52:386  INFO 15600 --- [warehouse] [main] b.m.s.MybatisPlusApplicationContextAware : Register ApplicationContext instances org.springframework.boot.web.server.servlet.context.AnnotationConfigServletWebServerApplicationContext@2c177f9e
00:42:52:505  INFO 15600 --- [warehouse] [main] com.zaxxer.hikari.HikariDataSource       : HikariPool-1 - Starting...
00:42:53:047  INFO 15600 --- [warehouse] [main] com.zaxxer.hikari.pool.HikariPool        : HikariPool-1 - Added connection com.mysql.cj.jdbc.ConnectionImpl@75e4fe3c
00:42:53:050  INFO 15600 --- [warehouse] [main] com.zaxxer.hikari.HikariDataSource       : HikariPool-1 - Start completed.
00:42:53:318  INFO 15600 --- [warehouse] [main] o.s.boot.tomcat.TomcatWebServer          : Tomcat started on port 8000 (http) with context path '/'
00:42:53:327  INFO 15600 --- [warehouse] [main] com.zh.WarehouseApplication              : Started WarehouseApplication in 5.715 seconds (process running for 6.92)
00:42:59:565  INFO 15600 --- [warehouse] [http-nio-8000-exec-1] o.a.c.c.C.[Tomcat].[localhost].[/]       : Initializing Spring DispatcherServlet 'dispatcherServlet'
00:42:59:567  INFO 15600 --- [warehouse] [http-nio-8000-exec-1] o.s.web.servlet.DispatcherServlet        : Initializing Servlet 'dispatcherServlet'
00:42:59:572  INFO 15600 --- [warehouse] [http-nio-8000-exec-1] o.s.web.servlet.DispatcherServlet        : Completed initialization in 5 ms
00:43:00:240 DEBUG 15600 --- [warehouse] [http-nio-8000-exec-1] com.zh.mapper.ProductMapper.selectList   : ==>  Preparing: SELECT id,sku,name,category,unit,price,low_stock_threshold,created_at,updated_at FROM product
00:43:00:327 DEBUG 15600 --- [warehouse] [http-nio-8000-exec-1] com.zh.mapper.ProductMapper.selectList   : ==> Parameters: 
00:43:00:483 DEBUG 15600 --- [warehouse] [http-nio-8000-exec-1] com.zh.mapper.ProductMapper.selectList   : <==      Total: 11
00:43:00:541 DEBUG 15600 --- [warehouse] [http-nio-8000-exec-1] c.zh.mapper.InventoryMapper.selectList   : ==>  Preparing: SELECT id,product_id,quantity,reserved_quantity,version,updated_at FROM inventory WHERE (product_id IN (?,?,?,?,?,?,?,?,?,?,?))
00:43:00:553 DEBUG 15600 --- [warehouse] [http-nio-8000-exec-1] c.zh.mapper.InventoryMapper.selectList   : ==> Parameters: 1(Long), 2(Long), 3(Long), 4(Long), 5(Long), 6(Long), 7(Long), 8(Long), 9(Long), 10(Long), 11(Long)
00:43:00:584 DEBUG 15600 --- [warehouse] [http-nio-8000-exec-1] c.zh.mapper.InventoryMapper.selectList   : <==      Total: 10
00:43:01:527 DEBUG 15600 --- [warehouse] [http-nio-8000-exec-5] com.zh.mapper.OrdersMapper.selectList    : ==>  Preparing: SELECT id,order_no,type,status,total_quantity,operator_id,operator_name,remark,created_at,confirmed_at FROM orders ORDER BY created_at DESC
00:43:01:530 DEBUG 15600 --- [warehouse] [http-nio-8000-exec-5] com.zh.mapper.OrdersMapper.selectList    : ==> Parameters: 
00:43:01:546 DEBUG 15600 --- [warehouse] [http-nio-8000-exec-5] com.zh.mapper.OrdersMapper.selectList    : <==      Total: 11
00:43:01:558 DEBUG 15600 --- [warehouse] [http-nio-8000-exec-5] c.zh.mapper.OrderItemMapper.selectList   : ==>  Preparing: SELECT id,order_id,product_id,product_name,quantity FROM order_item WHERE (order_id IN (?,?,?,?,?,?,?,?,?,?,?))
00:43:01:563 DEBUG 15600 --- [warehouse] [http-nio-8000-exec-5] c.zh.mapper.OrderItemMapper.selectList   : ==> Parameters: 11(Long), 10(Long), 9(Long), 8(Long), 7(Long), 6(Long), 5(Long), 4(Long), 2(Long), 3(Long), 1(Long)
00:43:01:577 DEBUG 15600 --- [warehouse] [http-nio-8000-exec-5] c.zh.mapper.OrderItemMapper.selectList   : <==      Total: 14
00:43:14:196 DEBUG 15600 --- [warehouse] [http-nio-8000-exec-9] com.zh.mapper.OrdersMapper.selectById    : ==>  Preparing: SELECT id,order_no,type,status,total_quantity,operator_id,operator_name,remark,created_at,confirmed_at FROM orders WHERE id=?
00:43:14:197 DEBUG 15600 --- [warehouse] [http-nio-8000-exec-9] com.zh.mapper.OrdersMapper.selectById    : ==> Parameters: 11(Long)
00:43:14:205 DEBUG 15600 --- [warehouse] [http-nio-8000-exec-9] com.zh.mapper.OrdersMapper.selectById    : <==      Total: 1
00:43:14:213 DEBUG 15600 --- [warehouse] [http-nio-8000-exec-9] c.zh.mapper.OrderItemMapper.selectList   : ==>  Preparing: SELECT id,order_id,product_id,product_name,quantity FROM order_item WHERE (order_id = ?)
00:43:14:216 DEBUG 15600 --- [warehouse] [http-nio-8000-exec-9] c.zh.mapper.OrderItemMapper.selectList   : ==> Parameters: 11(Long)
00:43:14:223 DEBUG 15600 --- [warehouse] [http-nio-8000-exec-9] c.zh.mapper.OrderItemMapper.selectList   : <==      Total: 1
00:43:14:245 DEBUG 15600 --- [warehouse] [http-nio-8000-exec-9] com.zh.mapper.InventoryMapper.update     : ==>  Preparing: UPDATE inventory SET reserved_quantity = reserved_quantity - ?,updated_at=? WHERE (product_id = ? AND reserved_quantity >= ?)
00:43:14:252 DEBUG 15600 --- [warehouse] [http-nio-8000-exec-9] com.zh.mapper.InventoryMapper.update     : ==> Parameters: 100(Integer), 2026-08-04T00:43:14.235067900(LocalDateTime), 1(Long), 100(Integer)
00:43:14:277 DEBUG 15600 --- [warehouse] [http-nio-8000-exec-9] com.zh.mapper.InventoryMapper.update     : <==    Updates: 1
00:43:14:288 DEBUG 15600 --- [warehouse] [http-nio-8000-exec-9] com.zh.mapper.OrdersMapper.updateById    : ==>  Preparing: UPDATE orders SET order_no=?, type=?, status=?, total_quantity=?, operator_id=?, operator_name=?, remark=?, created_at=? WHERE id=?
00:43:14:290 DEBUG 15600 --- [warehouse] [http-nio-8000-exec-9] com.zh.mapper.OrdersMapper.updateById    : ==> Parameters: OUT202608040002(String), OUTBOUND(String), CANCELLED(String), 100(Integer), 1(Long), 管理员(String), 是的啊(String), 2026-08-04T00:37:51(LocalDateTime), 11(Long)
00:43:14:300 DEBUG 15600 --- [warehouse] [http-nio-8000-exec-9] com.zh.mapper.OrdersMapper.updateById    : <==    Updates: 1
00:43:14:681 DEBUG 15600 --- [warehouse] [http-nio-8000-exec-4] com.zh.mapper.OrdersMapper.selectList    : ==>  Preparing: SELECT id,order_no,type,status,total_quantity,operator_id,operator_name,remark,created_at,confirmed_at FROM orders ORDER BY created_at DESC
00:43:14:684 DEBUG 15600 --- [warehouse] [http-nio-8000-exec-4] com.zh.mapper.OrdersMapper.selectList    : ==> Parameters: 
00:43:14:704 DEBUG 15600 --- [warehouse] [http-nio-8000-exec-4] com.zh.mapper.OrdersMapper.selectList    : <==      Total: 11
00:43:14:710 DEBUG 15600 --- [warehouse] [http-nio-8000-exec-4] c.zh.mapper.OrderItemMapper.selectList   : ==>  Preparing: SELECT id,order_id,product_id,product_name,quantity FROM order_item WHERE (order_id IN (?,?,?,?,?,?,?,?,?,?,?))
00:43:14:712 DEBUG 15600 --- [warehouse] [http-nio-8000-exec-4] c.zh.mapper.OrderItemMapper.selectList   : ==> Parameters: 11(Long), 10(Long), 9(Long), 8(Long), 7(Long), 6(Long), 5(Long), 4(Long), 2(Long), 3(Long), 1(Long)
00:43:14:729 DEBUG 15600 --- [warehouse] [http-nio-8000-exec-4] c.zh.mapper.OrderItemMapper.selectList   : <==      Total: 14
00:43:18:021 DEBUG 15600 --- [warehouse] [http-nio-8000-exec-6] com.zh.mapper.ProductMapper.selectList   : ==>  Preparing: SELECT id,sku,name,category,unit,price,low_stock_threshold,created_at,updated_at FROM product
00:43:18:023 DEBUG 15600 --- [warehouse] [http-nio-8000-exec-6] com.zh.mapper.ProductMapper.selectList   : ==> Parameters: 
00:43:18:036 DEBUG 15600 --- [warehouse] [http-nio-8000-exec-6] com.zh.mapper.ProductMapper.selectList   : <==      Total: 11
00:43:18:042 DEBUG 15600 --- [warehouse] [http-nio-8000-exec-6] c.zh.mapper.InventoryMapper.selectList   : ==>  Preparing: SELECT id,product_id,quantity,reserved_quantity,version,updated_at FROM inventory WHERE (product_id IN (?,?,?,?,?,?,?,?,?,?,?))
00:43:18:045 DEBUG 15600 --- [warehouse] [http-nio-8000-exec-6] c.zh.mapper.InventoryMapper.selectList   : ==> Parameters: 1(Long), 2(Long), 3(Long), 4(Long), 5(Long), 6(Long), 7(Long), 8(Long), 9(Long), 10(Long), 11(Long)
00:43:18:056 DEBUG 15600 --- [warehouse] [http-nio-8000-exec-6] c.zh.mapper.InventoryMapper.selectList   : <==      Total: 10
00:43:20:321 DEBUG 15600 --- [warehouse] [http-nio-8000-exec-2] com.zh.mapper.OrdersMapper.selectList    : ==>  Preparing: SELECT id,order_no,type,status,total_quantity,operator_id,operator_name,remark,created_at,confirmed_at FROM orders ORDER BY created_at DESC
00:43:20:322 DEBUG 15600 --- [warehouse] [http-nio-8000-exec-2] com.zh.mapper.OrdersMapper.selectList    : ==> Parameters: 
00:43:20:331 DEBUG 15600 --- [warehouse] [http-nio-8000-exec-2] com.zh.mapper.OrdersMapper.selectList    : <==      Total: 11
00:43:20:337 DEBUG 15600 --- [warehouse] [http-nio-8000-exec-2] c.zh.mapper.OrderItemMapper.selectList   : ==>  Preparing: SELECT id,order_id,product_id,product_name,quantity FROM order_item WHERE (order_id IN (?,?,?,?,?,?,?,?,?,?,?))
00:43:20:340 DEBUG 15600 --- [warehouse] [http-nio-8000-exec-2] c.zh.mapper.OrderItemMapper.selectList   : ==> Parameters: 11(Long), 10(Long), 9(Long), 8(Long), 7(Long), 6(Long), 5(Long), 4(Long), 2(Long), 3(Long), 1(Long)
00:43:20:348 DEBUG 15600 --- [warehouse] [http-nio-8000-exec-2] c.zh.mapper.OrderItemMapper.selectList   : <==      Total: 14
00:46:04:476 DEBUG 15600 --- [warehouse] [http-nio-8000-exec-7] com.zh.mapper.ProductMapper.selectList   : ==>  Preparing: SELECT id,sku,name,category,unit,price,low_stock_threshold,created_at,updated_at FROM product
00:46:04:488 DEBUG 15600 --- [warehouse] [http-nio-8000-exec-7] com.zh.mapper.ProductMapper.selectList   : ==> Parameters: 
00:46:04:504 DEBUG 15600 --- [warehouse] [http-nio-8000-exec-7] com.zh.mapper.ProductMapper.selectList   : <==      Total: 11
00:46:04:528 DEBUG 15600 --- [warehouse] [http-nio-8000-exec-7] c.zh.mapper.InventoryMapper.selectList   : ==>  Preparing: SELECT id,product_id,quantity,reserved_quantity,version,updated_at FROM inventory WHERE (product_id IN (?,?,?,?,?,?,?,?,?,?,?))
00:46:04:537 DEBUG 15600 --- [warehouse] [http-nio-8000-exec-7] c.zh.mapper.InventoryMapper.selectList   : ==> Parameters: 1(Long), 2(Long), 3(Long), 4(Long), 5(Long), 6(Long), 7(Long), 8(Long), 9(Long), 10(Long), 11(Long)
00:46:04:548 DEBUG 15600 --- [warehouse] [http-nio-8000-exec-7] c.zh.mapper.InventoryMapper.selectList   : <==      Total: 10
00:46:08:758 DEBUG 15600 --- [warehouse] [http-nio-8000-exec-8] com.zh.mapper.OrdersMapper.selectList    : ==>  Preparing: SELECT id,order_no,type,status,total_quantity,operator_id,operator_name,remark,created_at,confirmed_at FROM orders ORDER BY created_at DESC
00:46:08:759 DEBUG 15600 --- [warehouse] [http-nio-8000-exec-8] com.zh.mapper.OrdersMapper.selectList    : ==> Parameters: 
00:46:08:766 DEBUG 15600 --- [warehouse] [http-nio-8000-exec-8] com.zh.mapper.OrdersMapper.selectList    : <==      Total: 11
00:46:08:778 DEBUG 15600 --- [warehouse] [http-nio-8000-exec-8] c.zh.mapper.OrderItemMapper.selectList   : ==>  Preparing: SELECT id,order_id,product_id,product_name,quantity FROM order_item WHERE (order_id IN (?,?,?,?,?,?,?,?,?,?,?))
00:46:08:781 DEBUG 15600 --- [warehouse] [http-nio-8000-exec-8] c.zh.mapper.OrderItemMapper.selectList   : ==> Parameters: 11(Long), 10(Long), 9(Long), 8(Long), 7(Long), 6(Long), 5(Long), 4(Long), 2(Long), 3(Long), 1(Long)
00:46:08:796 DEBUG 15600 --- [warehouse] [http-nio-8000-exec-8] c.zh.mapper.OrderItemMapper.selectList   : <==      Total: 14
00:46:16:986 DEBUG 15600 --- [warehouse] [http-nio-8000-exec-4] com.zh.mapper.ProductMapper.selectList   : ==>  Preparing: SELECT id,sku,name,category,unit,price,low_stock_threshold,created_at,updated_at FROM product
00:46:16:987 DEBUG 15600 --- [warehouse] [http-nio-8000-exec-4] com.zh.mapper.ProductMapper.selectList   : ==> Parameters: 
00:46:16:994 DEBUG 15600 --- [warehouse] [http-nio-8000-exec-4] com.zh.mapper.ProductMapper.selectList   : <==      Total: 11
00:46:17:002 DEBUG 15600 --- [warehouse] [http-nio-8000-exec-4] c.zh.mapper.InventoryMapper.selectList   : ==>  Preparing: SELECT id,product_id,quantity,reserved_quantity,version,updated_at FROM inventory WHERE (product_id IN (?,?,?,?,?,?,?,?,?,?,?))
00:46:17:004 DEBUG 15600 --- [warehouse] [http-nio-8000-exec-4] c.zh.mapper.InventoryMapper.selectList   : ==> Parameters: 1(Long), 2(Long), 3(Long), 4(Long), 5(Long), 6(Long), 7(Long), 8(Long), 9(Long), 10(Long), 11(Long)
00:46:17:009 DEBUG 15600 --- [warehouse] [http-nio-8000-exec-4] c.zh.mapper.InventoryMapper.selectList   : <==      Total: 10
00:46:19:055 DEBUG 15600 --- [warehouse] [http-nio-8000-exec-6] com.zh.mapper.ProductMapper.selectList   : ==>  Preparing: SELECT id,sku,name,category,unit,price,low_stock_threshold,created_at,updated_at FROM product
00:46:19:058 DEBUG 15600 --- [warehouse] [http-nio-8000-exec-6] com.zh.mapper.ProductMapper.selectList   : ==> Parameters: 
00:46:19:067 DEBUG 15600 --- [warehouse] [http-nio-8000-exec-6] com.zh.mapper.ProductMapper.selectList   : <==      Total: 11
00:46:19:073 DEBUG 15600 --- [warehouse] [http-nio-8000-exec-6] c.zh.mapper.InventoryMapper.selectList   : ==>  Preparing: SELECT id,product_id,quantity,reserved_quantity,version,updated_at FROM inventory WHERE (product_id IN (?,?,?,?,?,?,?,?,?,?,?))
00:46:19:077 DEBUG 15600 --- [warehouse] [http-nio-8000-exec-6] c.zh.mapper.InventoryMapper.selectList   : ==> Parameters: 1(Long), 2(Long), 3(Long), 4(Long), 5(Long), 6(Long), 7(Long), 8(Long), 9(Long), 10(Long), 11(Long)
00:46:19:082 DEBUG 15600 --- [warehouse] [http-nio-8000-exec-6] c.zh.mapper.InventoryMapper.selectList   : <==      Total: 10
00:46:20:533 DEBUG 15600 --- [warehouse] [http-nio-8000-exec-2] com.zh.mapper.OrdersMapper.selectList    : ==>  Preparing: SELECT id,order_no,type,status,total_quantity,operator_id,operator_name,remark,created_at,confirmed_at FROM orders ORDER BY created_at DESC
00:46:20:536 DEBUG 15600 --- [warehouse] [http-nio-8000-exec-2] com.zh.mapper.OrdersMapper.selectList    : ==> Parameters: 
00:46:20:543 DEBUG 15600 --- [warehouse] [http-nio-8000-exec-2] com.zh.mapper.OrdersMapper.selectList    : <==      Total: 11
00:46:20:549 DEBUG 15600 --- [warehouse] [http-nio-8000-exec-2] c.zh.mapper.OrderItemMapper.selectList   : ==>  Preparing: SELECT id,order_id,product_id,product_name,quantity FROM order_item WHERE (order_id IN (?,?,?,?,?,?,?,?,?,?,?))
00:46:20:551 DEBUG 15600 --- [warehouse] [http-nio-8000-exec-2] c.zh.mapper.OrderItemMapper.selectList   : ==> Parameters: 11(Long), 10(Long), 9(Long), 8(Long), 7(Long), 6(Long), 5(Long), 4(Long), 2(Long), 3(Long), 1(Long)
00:46:20:556 DEBUG 15600 --- [warehouse] [http-nio-8000-exec-2] c.zh.mapper.OrderItemMapper.selectList   : <==      Total: 14
00:49:27:771  INFO 15600 --- [warehouse] [SpringApplicationShutdownHook] o.s.boot.tomcat.GracefulShutdown         : Commencing graceful shutdown. Waiting for active requests to complete
00:49:27:929  INFO 15600 --- [warehouse] [tomcat-shutdown] o.s.boot.tomcat.GracefulShutdown         : Graceful shutdown complete
00:49:27:957  INFO 15600 --- [warehouse] [SpringApplicationShutdownHook] com.zaxxer.hikari.HikariDataSource       : HikariPool-1 - Shutdown initiated...
00:49:27:996  INFO 15600 --- [warehouse] [SpringApplicationShutdownHook] com.zaxxer.hikari.HikariDataSource       : HikariPool-1 - Shutdown completed.
00:49:37:269  INFO 9016 --- [warehouse] [main] com.zh.WarehouseApplication              : Starting WarehouseApplication using Java 17.0.16 with PID 9016 (E:\ideaProject\warehouse\target\classes started by 张乐宇 in E:\ideaProject\warehouse)
00:49:37:274 DEBUG 9016 --- [warehouse] [main] com.zh.WarehouseApplication              : Running with Spring Boot v4.1.0, Spring v7.0.8
00:49:37:276  INFO 9016 --- [warehouse] [main] com.zh.WarehouseApplication              : The following 1 profile is active: "local"
00:49:38:433  INFO 9016 --- [warehouse] [main] .s.d.r.c.RepositoryConfigurationDelegate : Multiple Spring Data modules found, entering strict repository configuration mode
00:49:38:436  INFO 9016 --- [warehouse] [main] .s.d.r.c.RepositoryConfigurationDelegate : Bootstrapping Spring Data JDBC repositories in DEFAULT mode.
00:49:38:479  INFO 9016 --- [warehouse] [main] .s.d.r.c.RepositoryConfigurationDelegate : Finished Spring Data repository scanning in 29 ms. Found 0 JDBC repository interfaces.
00:49:39:384  INFO 9016 --- [warehouse] [main] o.s.boot.tomcat.TomcatWebServer          : Tomcat initialized with port 8000 (http)
00:49:39:405  INFO 9016 --- [warehouse] [main] o.apache.catalina.core.StandardService   : Starting service [Tomcat]
00:49:39:407  INFO 9016 --- [warehouse] [main] o.apache.catalina.core.StandardEngine    : Starting Servlet engine: [Apache Tomcat/11.0.22]
00:49:39:482  INFO 9016 --- [warehouse] [main] b.w.c.s.WebApplicationContextInitializer : Root WebApplicationContext: initialization completed in 2117 ms
00:49:41:158  INFO 9016 --- [warehouse] [main] b.m.s.MybatisPlusApplicationContextAware : Register ApplicationContext instances org.springframework.boot.web.server.servlet.context.AnnotationConfigServletWebServerApplicationContext@290b1b2e
00:49:41:298  INFO 9016 --- [warehouse] [main] com.zaxxer.hikari.HikariDataSource       : HikariPool-1 - Starting...
00:49:41:861  INFO 9016 --- [warehouse] [main] com.zaxxer.hikari.pool.HikariPool        : HikariPool-1 - Added connection com.mysql.cj.jdbc.ConnectionImpl@6d31f14
00:49:41:864  INFO 9016 --- [warehouse] [main] com.zaxxer.hikari.HikariDataSource       : HikariPool-1 - Start completed.
00:49:42:165  INFO 9016 --- [warehouse] [main] o.s.boot.tomcat.TomcatWebServer          : Tomcat started on port 8000 (http) with context path '/'
00:49:42:172  INFO 9016 --- [warehouse] [main] com.zh.WarehouseApplication              : Started WarehouseApplication in 5.733 seconds (process running for 6.863)
00:49:46:669  INFO 9016 --- [warehouse] [http-nio-8000-exec-1] o.a.c.c.C.[Tomcat].[localhost].[/]       : Initializing Spring DispatcherServlet 'dispatcherServlet'
00:49:46:671  INFO 9016 --- [warehouse] [http-nio-8000-exec-1] o.s.web.servlet.DispatcherServlet        : Initializing Servlet 'dispatcherServlet'
00:49:46:677  INFO 9016 --- [warehouse] [http-nio-8000-exec-1] o.s.web.servlet.DispatcherServlet        : Completed initialization in 4 ms
00:49:47:390 DEBUG 9016 --- [warehouse] [http-nio-8000-exec-1] com.zh.mapper.OrdersMapper.selectList    : ==>  Preparing: SELECT id,order_no,type,status,total_quantity,operator_id,operator_name,remark,created_at,confirmed_at FROM orders ORDER BY created_at DESC
00:49:47:509 DEBUG 9016 --- [warehouse] [http-nio-8000-exec-1] com.zh.mapper.OrdersMapper.selectList    : ==> Parameters: 
00:49:47:675 DEBUG 9016 --- [warehouse] [http-nio-8000-exec-1] com.zh.mapper.OrdersMapper.selectList    : <==      Total: 11
00:49:47:709 DEBUG 9016 --- [warehouse] [http-nio-8000-exec-1] c.zh.mapper.OrderItemMapper.selectList   : ==>  Preparing: SELECT id,order_id,product_id,product_name,quantity FROM order_item WHERE (order_id IN (?,?,?,?,?,?,?,?,?,?,?))
00:49:47:716 DEBUG 9016 --- [warehouse] [http-nio-8000-exec-1] c.zh.mapper.OrderItemMapper.selectList   : ==> Parameters: 11(Long), 10(Long), 9(Long), 8(Long), 7(Long), 6(Long), 5(Long), 4(Long), 2(Long), 3(Long), 1(Long)
00:49:47:751 DEBUG 9016 --- [warehouse] [http-nio-8000-exec-1] c.zh.mapper.OrderItemMapper.selectList   : <==      Total: 14
00:49:54:246 DEBUG 9016 --- [warehouse] [http-nio-8000-exec-3] com.zh.mapper.OrdersMapper.selectById    : ==>  Preparing: SELECT id,order_no,type,status,total_quantity,operator_id,operator_name,remark,created_at,confirmed_at FROM orders WHERE id=?
00:49:54:248 DEBUG 9016 --- [warehouse] [http-nio-8000-exec-3] com.zh.mapper.OrdersMapper.selectById    : ==> Parameters: 10(Long)
00:49:54:257 DEBUG 9016 --- [warehouse] [http-nio-8000-exec-3] com.zh.mapper.OrdersMapper.selectById    : <==      Total: 1
00:49:54:275 DEBUG 9016 --- [warehouse] [http-nio-8000-exec-3] com.zh.mapper.OrdersMapper.updateById    : ==>  Preparing: UPDATE orders SET order_no=?, type=?, status=?, total_quantity=?, operator_id=?, operator_name=?, remark=?, created_at=? WHERE id=?
00:49:54:278 DEBUG 9016 --- [warehouse] [http-nio-8000-exec-3] com.zh.mapper.OrdersMapper.updateById    : ==> Parameters: IN202608040003(String), INBOUND(String), CONFIRMING(String), 5(Integer), 1(Long), 管理员(String), 11(String), 2026-08-04T00:36:55(LocalDateTime), 10(Long)
00:49:54:324 DEBUG 9016 --- [warehouse] [http-nio-8000-exec-3] com.zh.mapper.OrdersMapper.updateById    : <==    Updates: 1
00:49:54:711 DEBUG 9016 --- [warehouse] [http-nio-8000-exec-4] com.zh.mapper.OrdersMapper.selectList    : ==>  Preparing: SELECT id,order_no,type,status,total_quantity,operator_id,operator_name,remark,created_at,confirmed_at FROM orders ORDER BY created_at DESC
00:49:54:713 DEBUG 9016 --- [warehouse] [http-nio-8000-exec-4] com.zh.mapper.OrdersMapper.selectList    : ==> Parameters: 
00:49:54:738 DEBUG 9016 --- [warehouse] [http-nio-8000-exec-4] com.zh.mapper.OrdersMapper.selectList    : <==      Total: 11
00:49:54:747 DEBUG 9016 --- [warehouse] [http-nio-8000-exec-4] c.zh.mapper.OrderItemMapper.selectList   : ==>  Preparing: SELECT id,order_id,product_id,product_name,quantity FROM order_item WHERE (order_id IN (?,?,?,?,?,?,?,?,?,?,?))
00:49:54:751 DEBUG 9016 --- [warehouse] [http-nio-8000-exec-4] c.zh.mapper.OrderItemMapper.selectList   : ==> Parameters: 11(Long), 10(Long), 9(Long), 8(Long), 7(Long), 6(Long), 5(Long), 4(Long), 2(Long), 3(Long), 1(Long)
00:49:54:764 DEBUG 9016 --- [warehouse] [http-nio-8000-exec-4] c.zh.mapper.OrderItemMapper.selectList   : <==      Total: 14
00:49:54:954 DEBUG 9016 --- [warehouse] [http-nio-8000-exec-5] com.zh.mapper.OrdersMapper.selectList    : ==>  Preparing: SELECT id,order_no,type,status,total_quantity,operator_id,operator_name,remark,created_at,confirmed_at FROM orders ORDER BY created_at DESC
00:49:54:956 DEBUG 9016 --- [warehouse] [http-nio-8000-exec-5] com.zh.mapper.OrdersMapper.selectList    : ==> Parameters: 
00:49:54:964 DEBUG 9016 --- [warehouse] [http-nio-8000-exec-5] com.zh.mapper.OrdersMapper.selectList    : <==      Total: 11
00:49:54:971 DEBUG 9016 --- [warehouse] [http-nio-8000-exec-5] c.zh.mapper.OrderItemMapper.selectList   : ==>  Preparing: SELECT id,order_id,product_id,product_name,quantity FROM order_item WHERE (order_id IN (?,?,?,?,?,?,?,?,?,?,?))
00:49:54:975 DEBUG 9016 --- [warehouse] [http-nio-8000-exec-5] c.zh.mapper.OrderItemMapper.selectList   : ==> Parameters: 11(Long), 10(Long), 9(Long), 8(Long), 7(Long), 6(Long), 5(Long), 4(Long), 2(Long), 3(Long), 1(Long)
00:49:54:984 DEBUG 9016 --- [warehouse] [http-nio-8000-exec-5] c.zh.mapper.OrderItemMapper.selectList   : <==      Total: 14
00:50:01:210 DEBUG 9016 --- [warehouse] [http-nio-8000-exec-2] com.zh.mapper.ProductMapper.selectList   : ==>  Preparing: SELECT id,sku,name,category,unit,price,low_stock_threshold,created_at,updated_at FROM product
00:50:01:212 DEBUG 9016 --- [warehouse] [http-nio-8000-exec-2] com.zh.mapper.ProductMapper.selectList   : ==> Parameters: 
00:50:01:226 DEBUG 9016 --- [warehouse] [http-nio-8000-exec-2] com.zh.mapper.ProductMapper.selectList   : <==      Total: 11
00:50:01:237 DEBUG 9016 --- [warehouse] [http-nio-8000-exec-2] c.zh.mapper.InventoryMapper.selectList   : ==>  Preparing: SELECT id,product_id,quantity,reserved_quantity,version,updated_at FROM inventory WHERE (product_id IN (?,?,?,?,?,?,?,?,?,?,?))
00:50:01:239 DEBUG 9016 --- [warehouse] [http-nio-8000-exec-2] c.zh.mapper.InventoryMapper.selectList   : ==> Parameters: 1(Long), 2(Long), 3(Long), 4(Long), 5(Long), 6(Long), 7(Long), 8(Long), 9(Long), 10(Long), 11(Long)
00:50:01:248 DEBUG 9016 --- [warehouse] [http-nio-8000-exec-2] c.zh.mapper.InventoryMapper.selectList   : <==      Total: 10
00:50:02:376 DEBUG 9016 --- [warehouse] [http-nio-8000-exec-6] com.zh.mapper.OrdersMapper.selectList    : ==>  Preparing: SELECT id,order_no,type,status,total_quantity,operator_id,operator_name,remark,created_at,confirmed_at FROM orders ORDER BY created_at DESC
00:50:02:378 DEBUG 9016 --- [warehouse] [http-nio-8000-exec-6] com.zh.mapper.OrdersMapper.selectList    : ==> Parameters: 
00:50:02:385 DEBUG 9016 --- [warehouse] [http-nio-8000-exec-6] com.zh.mapper.OrdersMapper.selectList    : <==      Total: 11
00:50:02:391 DEBUG 9016 --- [warehouse] [http-nio-8000-exec-6] c.zh.mapper.OrderItemMapper.selectList   : ==>  Preparing: SELECT id,order_id,product_id,product_name,quantity FROM order_item WHERE (order_id IN (?,?,?,?,?,?,?,?,?,?,?))
00:50:02:393 DEBUG 9016 --- [warehouse] [http-nio-8000-exec-6] c.zh.mapper.OrderItemMapper.selectList   : ==> Parameters: 11(Long), 10(Long), 9(Long), 8(Long), 7(Long), 6(Long), 5(Long), 4(Long), 2(Long), 3(Long), 1(Long)
00:50:02:399 DEBUG 9016 --- [warehouse] [http-nio-8000-exec-6] c.zh.mapper.OrderItemMapper.selectList   : <==      Total: 14
00:50:15:863 DEBUG 9016 --- [warehouse] [http-nio-8000-exec-7] com.zh.mapper.ProductMapper.selectList   : ==>  Preparing: SELECT id,sku,name,category,unit,price,low_stock_threshold,created_at,updated_at FROM product
00:50:15:865 DEBUG 9016 --- [warehouse] [http-nio-8000-exec-7] com.zh.mapper.ProductMapper.selectList   : ==> Parameters: 
00:50:15:878 DEBUG 9016 --- [warehouse] [http-nio-8000-exec-7] com.zh.mapper.ProductMapper.selectList   : <==      Total: 11
00:50:15:884 DEBUG 9016 --- [warehouse] [http-nio-8000-exec-7] c.zh.mapper.InventoryMapper.selectList   : ==>  Preparing: SELECT id,product_id,quantity,reserved_quantity,version,updated_at FROM inventory WHERE (product_id IN (?,?,?,?,?,?,?,?,?,?,?))
00:50:15:886 DEBUG 9016 --- [warehouse] [http-nio-8000-exec-7] c.zh.mapper.InventoryMapper.selectList   : ==> Parameters: 1(Long), 2(Long), 3(Long), 4(Long), 5(Long), 6(Long), 7(Long), 8(Long), 9(Long), 10(Long), 11(Long)
00:50:15:896 DEBUG 9016 --- [warehouse] [http-nio-8000-exec-7] c.zh.mapper.InventoryMapper.selectList   : <==      Total: 10
00:50:17:823 DEBUG 9016 --- [warehouse] [http-nio-8000-exec-8] com.zh.mapper.OrdersMapper.selectList    : ==>  Preparing: SELECT id,order_no,type,status,total_quantity,operator_id,operator_name,remark,created_at,confirmed_at FROM orders ORDER BY created_at DESC
00:50:17:825 DEBUG 9016 --- [warehouse] [http-nio-8000-exec-8] com.zh.mapper.OrdersMapper.selectList    : ==> Parameters: 
00:50:17:832 DEBUG 9016 --- [warehouse] [http-nio-8000-exec-8] com.zh.mapper.OrdersMapper.selectList    : <==      Total: 11
00:50:17:838 DEBUG 9016 --- [warehouse] [http-nio-8000-exec-8] c.zh.mapper.OrderItemMapper.selectList   : ==>  Preparing: SELECT id,order_id,product_id,product_name,quantity FROM order_item WHERE (order_id IN (?,?,?,?,?,?,?,?,?,?,?))
00:50:17:841 DEBUG 9016 --- [warehouse] [http-nio-8000-exec-8] c.zh.mapper.OrderItemMapper.selectList   : ==> Parameters: 11(Long), 10(Long), 9(Long), 8(Long), 7(Long), 6(Long), 5(Long), 4(Long), 2(Long), 3(Long), 1(Long)
00:50:17:849 DEBUG 9016 --- [warehouse] [http-nio-8000-exec-8] c.zh.mapper.OrderItemMapper.selectList   : <==      Total: 14
00:50:22:031 DEBUG 9016 --- [warehouse] [http-nio-8000-exec-9] com.zh.mapper.ProductMapper.selectList   : ==>  Preparing: SELECT id,sku,name,category,unit,price,low_stock_threshold,created_at,updated_at FROM product
00:50:22:034 DEBUG 9016 --- [warehouse] [http-nio-8000-exec-9] com.zh.mapper.ProductMapper.selectList   : ==> Parameters: 
00:50:22:043 DEBUG 9016 --- [warehouse] [http-nio-8000-exec-9] com.zh.mapper.ProductMapper.selectList   : <==      Total: 11
00:50:22:055 DEBUG 9016 --- [warehouse] [http-nio-8000-exec-9] c.zh.mapper.InventoryMapper.selectList   : ==>  Preparing: SELECT id,product_id,quantity,reserved_quantity,version,updated_at FROM inventory WHERE (product_id IN (?,?,?,?,?,?,?,?,?,?,?))
00:50:22:057 DEBUG 9016 --- [warehouse] [http-nio-8000-exec-9] c.zh.mapper.InventoryMapper.selectList   : ==> Parameters: 1(Long), 2(Long), 3(Long), 4(Long), 5(Long), 6(Long), 7(Long), 8(Long), 9(Long), 10(Long), 11(Long)
00:50:22:062 DEBUG 9016 --- [warehouse] [http-nio-8000-exec-9] c.zh.mapper.InventoryMapper.selectList   : <==      Total: 10
00:50:25:151 DEBUG 9016 --- [warehouse] [http-nio-8000-exec-10] com.zh.mapper.ProductMapper.selectList   : ==>  Preparing: SELECT id,sku,name,category,unit,price,low_stock_threshold,created_at,updated_at FROM product
00:50:25:153 DEBUG 9016 --- [warehouse] [http-nio-8000-exec-10] com.zh.mapper.ProductMapper.selectList   : ==> Parameters: 
00:50:25:158 DEBUG 9016 --- [warehouse] [http-nio-8000-exec-10] com.zh.mapper.ProductMapper.selectList   : <==      Total: 11
00:50:25:163 DEBUG 9016 --- [warehouse] [http-nio-8000-exec-10] c.zh.mapper.InventoryMapper.selectList   : ==>  Preparing: SELECT id,product_id,quantity,reserved_quantity,version,updated_at FROM inventory WHERE (product_id IN (?,?,?,?,?,?,?,?,?,?,?))
00:50:25:165 DEBUG 9016 --- [warehouse] [http-nio-8000-exec-10] c.zh.mapper.InventoryMapper.selectList   : ==> Parameters: 1(Long), 2(Long), 3(Long), 4(Long), 5(Long), 6(Long), 7(Long), 8(Long), 9(Long), 10(Long), 11(Long)
00:50:25:170 DEBUG 9016 --- [warehouse] [http-nio-8000-exec-10] c.zh.mapper.InventoryMapper.selectList   : <==      Total: 10
00:53:47:987 DEBUG 9016 --- [warehouse] [http-nio-8000-exec-1] com.zh.mapper.OrdersMapper.selectList    : ==>  Preparing: SELECT id,order_no,type,status,total_quantity,operator_id,operator_name,remark,created_at,confirmed_at FROM orders ORDER BY created_at DESC
00:53:47:998 DEBUG 9016 --- [warehouse] [http-nio-8000-exec-1] com.zh.mapper.OrdersMapper.selectList    : ==> Parameters: 
00:53:48:015 DEBUG 9016 --- [warehouse] [http-nio-8000-exec-1] com.zh.mapper.OrdersMapper.selectList    : <==      Total: 11
00:53:48:039 DEBUG 9016 --- [warehouse] [http-nio-8000-exec-1] c.zh.mapper.OrderItemMapper.selectList   : ==>  Preparing: SELECT id,order_id,product_id,product_name,quantity FROM order_item WHERE (order_id IN (?,?,?,?,?,?,?,?,?,?,?))
00:53:48:050 DEBUG 9016 --- [warehouse] [http-nio-8000-exec-1] c.zh.mapper.OrderItemMapper.selectList   : ==> Parameters: 11(Long), 10(Long), 9(Long), 8(Long), 7(Long), 6(Long), 5(Long), 4(Long), 2(Long), 3(Long), 1(Long)
00:53:48:070 DEBUG 9016 --- [warehouse] [http-nio-8000-exec-1] c.zh.mapper.OrderItemMapper.selectList   : <==      Total: 14
15:10:04:333  INFO 50240 --- [warehouse] [main] com.zh.WarehouseApplication              : Starting WarehouseApplication using Java 17.0.16 with PID 50240 (E:\ideaProject\warehouse\target\classes started by 张乐宇 in E:\ideaProject\warehouse)
15:10:04:335 DEBUG 50240 --- [warehouse] [main] com.zh.WarehouseApplication              : Running with Spring Boot v4.1.0, Spring v7.0.8
15:10:04:336  INFO 50240 --- [warehouse] [main] com.zh.WarehouseApplication              : The following 1 profile is active: "local"
15:10:07:502  INFO 50240 --- [warehouse] [main] .s.d.r.c.RepositoryConfigurationDelegate : Multiple Spring Data modules found, entering strict repository configuration mode
15:10:07:508  INFO 50240 --- [warehouse] [main] .s.d.r.c.RepositoryConfigurationDelegate : Bootstrapping Spring Data JDBC repositories in DEFAULT mode.
15:10:07:590  INFO 50240 --- [warehouse] [main] .s.d.r.c.RepositoryConfigurationDelegate : Finished Spring Data repository scanning in 54 ms. Found 0 JDBC repository interfaces.
15:10:09:343  INFO 50240 --- [warehouse] [main] o.s.boot.tomcat.TomcatWebServer          : Tomcat initialized with port 8000 (http)
15:10:09:387  INFO 50240 --- [warehouse] [main] o.apache.catalina.core.StandardService   : Starting service [Tomcat]
15:10:09:389  INFO 50240 --- [warehouse] [main] o.apache.catalina.core.StandardEngine    : Starting Servlet engine: [Apache Tomcat/11.0.22]
15:10:09:571  INFO 50240 --- [warehouse] [main] b.w.c.s.WebApplicationContextInitializer : Root WebApplicationContext: initialization completed in 5189 ms
15:10:13:325  INFO 50240 --- [warehouse] [main] b.m.s.MybatisPlusApplicationContextAware : Register ApplicationContext instances org.springframework.boot.web.server.servlet.context.AnnotationConfigServletWebServerApplicationContext@389adf1d
15:10:13:522  INFO 50240 --- [warehouse] [main] com.zaxxer.hikari.HikariDataSource       : HikariPool-1 - Starting...
15:10:14:229  INFO 50240 --- [warehouse] [main] com.zaxxer.hikari.pool.HikariPool        : HikariPool-1 - Added connection com.mysql.cj.jdbc.ConnectionImpl@5c997de8
15:10:14:233  INFO 50240 --- [warehouse] [main] com.zaxxer.hikari.HikariDataSource       : HikariPool-1 - Start completed.
15:10:14:426  INFO 50240 --- [warehouse] [main] o.s.boot.tomcat.TomcatWebServer          : Tomcat started on port 8000 (http) with context path '/'
15:10:14:433  INFO 50240 --- [warehouse] [main] com.zh.WarehouseApplication              : Started WarehouseApplication in 10.541 seconds (process running for 11.38)
15:13:21:980  INFO 50240 --- [warehouse] [http-nio-8000-exec-1] o.a.c.c.C.[Tomcat].[localhost].[/]       : Initializing Spring DispatcherServlet 'dispatcherServlet'
15:13:21:981  INFO 50240 --- [warehouse] [http-nio-8000-exec-1] o.s.web.servlet.DispatcherServlet        : Initializing Servlet 'dispatcherServlet'
15:13:21:987  INFO 50240 --- [warehouse] [http-nio-8000-exec-1] o.s.web.servlet.DispatcherServlet        : Completed initialization in 5 ms
15:13:22:650 DEBUG 50240 --- [warehouse] [http-nio-8000-exec-1] c.zh.mapper.UserMapper.selectWithCursor  : ==>  Preparing: SELECT id,username,password,display_name,role,created_at FROM user WHERE (username = ?)
15:13:22:742 DEBUG 50240 --- [warehouse] [http-nio-8000-exec-1] c.zh.mapper.UserMapper.selectWithCursor  : ==> Parameters: admin(String)
15:13:22:851 DEBUG 50240 --- [warehouse] [http-nio-8000-exec-1] c.zh.mapper.UserMapper.selectWithCursor  : <==      Total: 1
15:13:23:079  INFO 50240 --- [warehouse] [http-nio-8000-exec-1] com.zh.service.impl.UserServiceImpl      : 用户登录成功：UserLoginVO(token=eyJ0eXAiOiJKV1QiLCJhbGciOiJSUzI1NiJ9.eyJ1c2VyIjoxLCJleHAiOjE3ODY0MzI0MDJ9.nTEFjxrhiHbwENLo5HJuFSBVyWIeAPLgps-x6157PngRyQYbxRXKcf-RBp_p6tacCL4_0o6URv5nROERPAheEq-cu5fDtxw_wBB12lhcqSJKzot-SG4X6qdLIBd0qJ9UtAZEgRVH2MQ7ULcDCvJ7bd5CGF0KLkBf-Tj0H7WvU0-sc05lFmg8jfccZ2gIYsqCmZUaV0lgjrqfqJY5QwpgbP7P5Qbxf42SZ74q5a0x_gewAbedzJPskpfJwHZW6c1ldcyjFKEiJ0mx6fReysAnW2LB2I-YI8Dp-WHGBzRUgaGsy685D_O4z0Pd2eEyQVIA2EVz48J5aZZQgv4lgXQOfQ, displayName=管理员, role=ADMIN)
15:13:27:683 DEBUG 50240 --- [warehouse] [http-nio-8000-exec-9] c.z.m.ProductMapper.selectList_mpCount   : ==>  Preparing: SELECT COUNT(*) AS total FROM product
15:13:27:684 DEBUG 50240 --- [warehouse] [http-nio-8000-exec-9] c.z.m.ProductMapper.selectList_mpCount   : ==> Parameters: 
15:13:27:693 DEBUG 50240 --- [warehouse] [http-nio-8000-exec-9] c.z.m.ProductMapper.selectList_mpCount   : <==      Total: 1
15:13:27:706 DEBUG 50240 --- [warehouse] [http-nio-8000-exec-9] com.zh.mapper.ProductMapper.selectList   : ==>  Preparing: SELECT id,sku,name,category,unit,price,low_stock_threshold,created_at,updated_at FROM product ORDER BY id ASC LIMIT ?
15:13:27:710 DEBUG 50240 --- [warehouse] [http-nio-8000-exec-9] com.zh.mapper.ProductMapper.selectList   : ==> Parameters: 10(Long)
15:13:27:732 DEBUG 50240 --- [warehouse] [http-nio-8000-exec-9] com.zh.mapper.ProductMapper.selectList   : <==      Total: 10
15:13:28:714 DEBUG 50240 --- [warehouse] [http-nio-8000-exec-6] com.zh.mapper.ProductMapper.selectList   : ==>  Preparing: SELECT id,sku,name,category,unit,price,low_stock_threshold,created_at,updated_at FROM product
15:13:28:721 DEBUG 50240 --- [warehouse] [http-nio-8000-exec-6] com.zh.mapper.ProductMapper.selectList   : ==> Parameters: 
15:13:28:743 DEBUG 50240 --- [warehouse] [http-nio-8000-exec-6] com.zh.mapper.ProductMapper.selectList   : <==      Total: 11
15:13:28:759 DEBUG 50240 --- [warehouse] [http-nio-8000-exec-6] c.zh.mapper.InventoryMapper.selectList   : ==>  Preparing: SELECT id,product_id,quantity,reserved_quantity,version,updated_at FROM inventory WHERE (product_id IN (?,?,?,?,?,?,?,?,?,?,?))
15:13:28:762 DEBUG 50240 --- [warehouse] [http-nio-8000-exec-6] c.zh.mapper.InventoryMapper.selectList   : ==> Parameters: 1(Long), 2(Long), 3(Long), 4(Long), 5(Long), 6(Long), 7(Long), 8(Long), 9(Long), 10(Long), 11(Long)
15:13:28:777 DEBUG 50240 --- [warehouse] [http-nio-8000-exec-6] c.zh.mapper.InventoryMapper.selectList   : <==      Total: 10
15:13:29:463 DEBUG 50240 --- [warehouse] [http-nio-8000-exec-5] com.zh.mapper.OrdersMapper.selectList    : ==>  Preparing: SELECT id,order_no,type,status,total_quantity,operator_id,operator_name,remark,created_at,confirmed_at FROM orders ORDER BY created_at DESC
15:13:29:464 DEBUG 50240 --- [warehouse] [http-nio-8000-exec-5] com.zh.mapper.OrdersMapper.selectList    : ==> Parameters: 
15:13:29:474 DEBUG 50240 --- [warehouse] [http-nio-8000-exec-5] com.zh.mapper.OrdersMapper.selectList    : <==      Total: 11
15:13:29:480 DEBUG 50240 --- [warehouse] [http-nio-8000-exec-5] c.zh.mapper.OrderItemMapper.selectList   : ==>  Preparing: SELECT id,order_id,product_id,product_name,quantity FROM order_item WHERE (order_id IN (?,?,?,?,?,?,?,?,?,?,?))
15:13:29:483 DEBUG 50240 --- [warehouse] [http-nio-8000-exec-5] c.zh.mapper.OrderItemMapper.selectList   : ==> Parameters: 11(Long), 10(Long), 9(Long), 8(Long), 7(Long), 6(Long), 5(Long), 4(Long), 2(Long), 3(Long), 1(Long)
15:13:29:492 DEBUG 50240 --- [warehouse] [http-nio-8000-exec-5] c.zh.mapper.OrderItemMapper.selectList   : <==      Total: 14
15:27:10:404 DEBUG 50240 --- [warehouse] [http-nio-8000-exec-10] com.zh.mapper.ProductMapper.selectList   : ==>  Preparing: SELECT id,sku,name,category,unit,price,low_stock_threshold,created_at,updated_at FROM product
15:27:10:405 DEBUG 50240 --- [warehouse] [http-nio-8000-exec-10] com.zh.mapper.ProductMapper.selectList   : ==> Parameters: 
15:27:10:412 DEBUG 50240 --- [warehouse] [http-nio-8000-exec-10] com.zh.mapper.ProductMapper.selectList   : <==      Total: 11
15:27:10:419 DEBUG 50240 --- [warehouse] [http-nio-8000-exec-10] c.zh.mapper.InventoryMapper.selectList   : ==>  Preparing: SELECT id,product_id,quantity,reserved_quantity,version,updated_at FROM inventory WHERE (product_id IN (?,?,?,?,?,?,?,?,?,?,?))
15:27:10:422 DEBUG 50240 --- [warehouse] [http-nio-8000-exec-10] c.zh.mapper.InventoryMapper.selectList   : ==> Parameters: 1(Long), 2(Long), 3(Long), 4(Long), 5(Long), 6(Long), 7(Long), 8(Long), 9(Long), 10(Long), 11(Long)
15:27:10:434 DEBUG 50240 --- [warehouse] [http-nio-8000-exec-10] c.zh.mapper.InventoryMapper.selectList   : <==      Total: 10
15:27:11:160 DEBUG 50240 --- [warehouse] [http-nio-8000-exec-1] c.z.m.ProductMapper.selectList_mpCount   : ==>  Preparing: SELECT COUNT(*) AS total FROM product
15:27:11:162 DEBUG 50240 --- [warehouse] [http-nio-8000-exec-1] c.z.m.ProductMapper.selectList_mpCount   : ==> Parameters: 
15:27:11:164 DEBUG 50240 --- [warehouse] [http-nio-8000-exec-1] c.z.m.ProductMapper.selectList_mpCount   : <==      Total: 1
15:27:11:165 DEBUG 50240 --- [warehouse] [http-nio-8000-exec-1] com.zh.mapper.ProductMapper.selectList   : ==>  Preparing: SELECT id,sku,name,category,unit,price,low_stock_threshold,created_at,updated_at FROM product ORDER BY id ASC LIMIT ?
15:27:11:166 DEBUG 50240 --- [warehouse] [http-nio-8000-exec-1] com.zh.mapper.ProductMapper.selectList   : ==> Parameters: 10(Long)
15:27:11:171 DEBUG 50240 --- [warehouse] [http-nio-8000-exec-1] com.zh.mapper.ProductMapper.selectList   : <==      Total: 10
15:27:12:357 DEBUG 50240 --- [warehouse] [http-nio-8000-exec-9] c.z.m.ProductMapper.selectList_mpCount   : ==>  Preparing: SELECT COUNT(*) AS total FROM product
15:27:12:359 DEBUG 50240 --- [warehouse] [http-nio-8000-exec-9] c.z.m.ProductMapper.selectList_mpCount   : ==> Parameters: 
15:27:12:368 DEBUG 50240 --- [warehouse] [http-nio-8000-exec-9] c.z.m.ProductMapper.selectList_mpCount   : <==      Total: 1
15:27:12:369 DEBUG 50240 --- [warehouse] [http-nio-8000-exec-9] com.zh.mapper.ProductMapper.selectList   : ==>  Preparing: SELECT id,sku,name,category,unit,price,low_stock_threshold,created_at,updated_at FROM product ORDER BY id ASC LIMIT ?
15:27:12:370 DEBUG 50240 --- [warehouse] [http-nio-8000-exec-9] com.zh.mapper.ProductMapper.selectList   : ==> Parameters: 10(Long)
15:27:12:378 DEBUG 50240 --- [warehouse] [http-nio-8000-exec-9] com.zh.mapper.ProductMapper.selectList   : <==      Total: 10
15:27:12:499 DEBUG 50240 --- [warehouse] [http-nio-8000-exec-6] com.zh.mapper.ProductMapper.selectList   : ==>  Preparing: SELECT id,sku,name,category,unit,price,low_stock_threshold,created_at,updated_at FROM product
15:27:12:499 DEBUG 50240 --- [warehouse] [http-nio-8000-exec-6] com.zh.mapper.ProductMapper.selectList   : ==> Parameters: 
15:27:12:506 DEBUG 50240 --- [warehouse] [http-nio-8000-exec-6] com.zh.mapper.ProductMapper.selectList   : <==      Total: 11
15:27:12:509 DEBUG 50240 --- [warehouse] [http-nio-8000-exec-6] c.zh.mapper.InventoryMapper.selectList   : ==>  Preparing: SELECT id,product_id,quantity,reserved_quantity,version,updated_at FROM inventory WHERE (product_id IN (?,?,?,?,?,?,?,?,?,?,?))
15:27:12:511 DEBUG 50240 --- [warehouse] [http-nio-8000-exec-6] c.zh.mapper.InventoryMapper.selectList   : ==> Parameters: 1(Long), 2(Long), 3(Long), 4(Long), 5(Long), 6(Long), 7(Long), 8(Long), 9(Long), 10(Long), 11(Long)
15:27:12:517 DEBUG 50240 --- [warehouse] [http-nio-8000-exec-6] c.zh.mapper.InventoryMapper.selectList   : <==      Total: 10
15:27:13:241 DEBUG 50240 --- [warehouse] [http-nio-8000-exec-5] com.zh.mapper.OrdersMapper.selectList    : ==>  Preparing: SELECT id,order_no,type,status,total_quantity,operator_id,operator_name,remark,created_at,confirmed_at FROM orders ORDER BY created_at DESC
15:27:13:243 DEBUG 50240 --- [warehouse] [http-nio-8000-exec-5] com.zh.mapper.OrdersMapper.selectList    : ==> Parameters: 
15:27:13:253 DEBUG 50240 --- [warehouse] [http-nio-8000-exec-5] com.zh.mapper.OrdersMapper.selectList    : <==      Total: 11
15:27:13:256 DEBUG 50240 --- [warehouse] [http-nio-8000-exec-5] c.zh.mapper.OrderItemMapper.selectList   : ==>  Preparing: SELECT id,order_id,product_id,product_name,quantity FROM order_item WHERE (order_id IN (?,?,?,?,?,?,?,?,?,?,?))
15:27:13:258 DEBUG 50240 --- [warehouse] [http-nio-8000-exec-5] c.zh.mapper.OrderItemMapper.selectList   : ==> Parameters: 11(Long), 10(Long), 9(Long), 8(Long), 7(Long), 6(Long), 5(Long), 4(Long), 2(Long), 3(Long), 1(Long)
15:27:13:263 DEBUG 50240 --- [warehouse] [http-nio-8000-exec-5] c.zh.mapper.OrderItemMapper.selectList   : <==      Total: 14
15:27:13:502 DEBUG 50240 --- [warehouse] [http-nio-8000-exec-7] com.zh.mapper.ProductMapper.selectList   : ==>  Preparing: SELECT id,sku,name,category,unit,price,low_stock_threshold,created_at,updated_at FROM product
15:27:13:503 DEBUG 50240 --- [warehouse] [http-nio-8000-exec-7] com.zh.mapper.ProductMapper.selectList   : ==> Parameters: 
15:27:13:510 DEBUG 50240 --- [warehouse] [http-nio-8000-exec-7] com.zh.mapper.ProductMapper.selectList   : <==      Total: 11
15:27:13:518 DEBUG 50240 --- [warehouse] [http-nio-8000-exec-7] c.zh.mapper.InventoryMapper.selectList   : ==>  Preparing: SELECT id,product_id,quantity,reserved_quantity,version,updated_at FROM inventory WHERE (product_id IN (?,?,?,?,?,?,?,?,?,?,?))
15:27:13:520 DEBUG 50240 --- [warehouse] [http-nio-8000-exec-7] c.zh.mapper.InventoryMapper.selectList   : ==> Parameters: 1(Long), 2(Long), 3(Long), 4(Long), 5(Long), 6(Long), 7(Long), 8(Long), 9(Long), 10(Long), 11(Long)
15:27:13:526 DEBUG 50240 --- [warehouse] [http-nio-8000-exec-7] c.zh.mapper.InventoryMapper.selectList   : <==      Total: 10
15:27:14:031 DEBUG 50240 --- [warehouse] [http-nio-8000-exec-3] c.z.m.ProductMapper.selectList_mpCount   : ==>  Preparing: SELECT COUNT(*) AS total FROM product
15:27:14:032 DEBUG 50240 --- [warehouse] [http-nio-8000-exec-3] c.z.m.ProductMapper.selectList_mpCount   : ==> Parameters: 
15:27:14:035 DEBUG 50240 --- [warehouse] [http-nio-8000-exec-3] c.z.m.ProductMapper.selectList_mpCount   : <==      Total: 1
15:27:14:056 DEBUG 50240 --- [warehouse] [http-nio-8000-exec-3] com.zh.mapper.ProductMapper.selectList   : ==>  Preparing: SELECT id,sku,name,category,unit,price,low_stock_threshold,created_at,updated_at FROM product ORDER BY id ASC LIMIT ?
15:27:14:058 DEBUG 50240 --- [warehouse] [http-nio-8000-exec-3] com.zh.mapper.ProductMapper.selectList   : ==> Parameters: 10(Long)
15:27:14:062 DEBUG 50240 --- [warehouse] [http-nio-8000-exec-3] com.zh.mapper.ProductMapper.selectList   : <==      Total: 10
15:27:15:103 DEBUG 50240 --- [warehouse] [http-nio-8000-exec-2] c.z.m.ProductMapper.selectList_mpCount   : ==>  Preparing: SELECT COUNT(*) AS total FROM product
15:27:15:104 DEBUG 50240 --- [warehouse] [http-nio-8000-exec-2] c.z.m.ProductMapper.selectList_mpCount   : ==> Parameters: 
15:27:15:106 DEBUG 50240 --- [warehouse] [http-nio-8000-exec-2] c.z.m.ProductMapper.selectList_mpCount   : <==      Total: 1
15:27:15:107 DEBUG 50240 --- [warehouse] [http-nio-8000-exec-2] com.zh.mapper.ProductMapper.selectList   : ==>  Preparing: SELECT id,sku,name,category,unit,price,low_stock_threshold,created_at,updated_at FROM product ORDER BY id ASC LIMIT ?
15:27:15:107 DEBUG 50240 --- [warehouse] [http-nio-8000-exec-2] com.zh.mapper.ProductMapper.selectList   : ==> Parameters: 10(Long)
15:27:15:113 DEBUG 50240 --- [warehouse] [http-nio-8000-exec-2] com.zh.mapper.ProductMapper.selectList   : <==      Total: 10
15:40:26:221 DEBUG 50240 --- [warehouse] [http-nio-8000-exec-1] com.zh.mapper.OrdersMapper.selectList    : ==>  Preparing: SELECT id,order_no,type,status,total_quantity,operator_id,operator_name,remark,created_at,confirmed_at FROM orders ORDER BY created_at DESC
15:40:26:223 DEBUG 50240 --- [warehouse] [http-nio-8000-exec-1] com.zh.mapper.OrdersMapper.selectList    : ==> Parameters: 
15:40:26:272 DEBUG 50240 --- [warehouse] [http-nio-8000-exec-1] com.zh.mapper.OrdersMapper.selectList    : <==      Total: 11
15:40:26:278 DEBUG 50240 --- [warehouse] [http-nio-8000-exec-1] c.zh.mapper.OrderItemMapper.selectList   : ==>  Preparing: SELECT id,order_id,product_id,product_name,quantity FROM order_item WHERE (order_id IN (?,?,?,?,?,?,?,?,?,?,?))
15:40:26:280 DEBUG 50240 --- [warehouse] [http-nio-8000-exec-1] c.zh.mapper.OrderItemMapper.selectList   : ==> Parameters: 11(Long), 10(Long), 9(Long), 8(Long), 7(Long), 6(Long), 5(Long), 4(Long), 2(Long), 3(Long), 1(Long)
15:40:26:287 DEBUG 50240 --- [warehouse] [http-nio-8000-exec-1] c.zh.mapper.OrderItemMapper.selectList   : <==      Total: 14
15:44:41:386  INFO 50240 --- [warehouse] [SpringApplicationShutdownHook] o.s.boot.tomcat.GracefulShutdown         : Commencing graceful shutdown. Waiting for active requests to complete
15:44:41:442  INFO 50240 --- [warehouse] [tomcat-shutdown] o.s.boot.tomcat.GracefulShutdown         : Graceful shutdown complete
15:44:41:450  INFO 50240 --- [warehouse] [SpringApplicationShutdownHook] com.zaxxer.hikari.HikariDataSource       : HikariPool-1 - Shutdown initiated...
15:44:41:455  INFO 50240 --- [warehouse] [SpringApplicationShutdownHook] com.zaxxer.hikari.HikariDataSource       : HikariPool-1 - Shutdown completed.
16:38:52:809  INFO 26612 --- [warehouse] [main] com.zh.WarehouseApplication              : Starting WarehouseApplication using Java 17.0.16 with PID 26612 (E:\ideaProject\warehouse\target\classes started by 张乐宇 in E:\ideaProject\warehouse)
16:38:52:812 DEBUG 26612 --- [warehouse] [main] com.zh.WarehouseApplication              : Running with Spring Boot v4.1.0, Spring v7.0.8
16:38:52:813  INFO 26612 --- [warehouse] [main] com.zh.WarehouseApplication              : The following 1 profile is active: "local"
16:38:53:480  INFO 26612 --- [warehouse] [main] .s.d.r.c.RepositoryConfigurationDelegate : Multiple Spring Data modules found, entering strict repository configuration mode
16:38:53:481  INFO 26612 --- [warehouse] [main] .s.d.r.c.RepositoryConfigurationDelegate : Bootstrapping Spring Data JDBC repositories in DEFAULT mode.
16:38:53:503  INFO 26612 --- [warehouse] [main] .s.d.r.c.RepositoryConfigurationDelegate : Finished Spring Data repository scanning in 14 ms. Found 0 JDBC repository interfaces.
16:38:53:941  INFO 26612 --- [warehouse] [main] o.s.boot.tomcat.TomcatWebServer          : Tomcat initialized with port 8000 (http)
16:38:53:950  INFO 26612 --- [warehouse] [main] o.apache.catalina.core.StandardService   : Starting service [Tomcat]
16:38:53:951  INFO 26612 --- [warehouse] [main] o.apache.catalina.core.StandardEngine    : Starting Servlet engine: [Apache Tomcat/11.0.22]
16:38:53:989  INFO 26612 --- [warehouse] [main] b.w.c.s.WebApplicationContextInitializer : Root WebApplicationContext: initialization completed in 1122 ms
16:38:54:096  WARN 26612 --- [warehouse] [main] ConfigServletWebServerApplicationContext : Exception encountered during context initialization - cancelling refresh attempt: org.springframework.beans.factory.UnsatisfiedDependencyException: Error creating bean with name 'mvcConfig' defined in file [E:\ideaProject\warehouse\target\classes\com\zh\common\config\MvcConfig.class]: Unsatisfied dependency expressed through constructor parameter 1: No qualifying bean of type 'org.springframework.data.redis.core.StringRedisTemplate' available: expected at least 1 bean which qualifies as autowire candidate. Dependency annotations: {}
16:38:54:098  INFO 26612 --- [warehouse] [main] o.apache.catalina.core.StandardService   : Stopping service [Tomcat]
16:38:54:127  INFO 26612 --- [warehouse] [main] .s.b.a.l.ConditionEvaluationReportLogger : 

Error starting ApplicationContext. To display the condition evaluation report re-run your application with 'debug' enabled.
16:38:54:143 ERROR 26612 --- [warehouse] [main] o.s.b.d.LoggingFailureAnalysisReporter   : 

***************************
APPLICATION FAILED TO START
***************************

Description:

Parameter 1 of constructor in com.zh.common.config.MvcConfig required a bean of type 'org.springframework.data.redis.core.StringRedisTemplate' that could not be found.


Action:

Consider defining a bean of type 'org.springframework.data.redis.core.StringRedisTemplate' in your configuration.

16:43:51:285  INFO 27736 --- [warehouse] [main] com.zh.WarehouseApplication              : Starting WarehouseApplication using Java 17.0.16 with PID 27736 (E:\ideaProject\warehouse\target\classes started by 张乐宇 in E:\ideaProject\warehouse)
16:43:51:288 DEBUG 27736 --- [warehouse] [main] com.zh.WarehouseApplication              : Running with Spring Boot v4.1.0, Spring v7.0.8
16:43:51:289  INFO 27736 --- [warehouse] [main] com.zh.WarehouseApplication              : The following 1 profile is active: "local"
16:43:53:054  INFO 27736 --- [warehouse] [main] .s.d.r.c.RepositoryConfigurationDelegate : Multiple Spring Data modules found, entering strict repository configuration mode
16:43:53:056  INFO 27736 --- [warehouse] [main] .s.d.r.c.RepositoryConfigurationDelegate : Bootstrapping Spring Data JDBC repositories in DEFAULT mode.
16:43:53:081  INFO 27736 --- [warehouse] [main] .s.d.r.c.RepositoryConfigurationDelegate : Finished Spring Data repository scanning in 17 ms. Found 0 JDBC repository interfaces.
16:43:53:124  INFO 27736 --- [warehouse] [main] .s.d.r.c.RepositoryConfigurationDelegate : Multiple Spring Data modules found, entering strict repository configuration mode
16:43:53:127  INFO 27736 --- [warehouse] [main] .s.d.r.c.RepositoryConfigurationDelegate : Bootstrapping Spring Data Redis repositories in DEFAULT mode.
16:43:53:140  INFO 27736 --- [warehouse] [main] .s.d.r.c.RepositoryConfigurationDelegate : Finished Spring Data repository scanning in 3 ms. Found 0 Redis repository interfaces.
16:43:53:904  INFO 27736 --- [warehouse] [main] o.s.boot.tomcat.TomcatWebServer          : Tomcat initialized with port 8000 (http)
16:43:53:925  INFO 27736 --- [warehouse] [main] o.apache.catalina.core.StandardService   : Starting service [Tomcat]
16:43:53:925  INFO 27736 --- [warehouse] [main] o.apache.catalina.core.StandardEngine    : Starting Servlet engine: [Apache Tomcat/11.0.22]
16:43:53:999  INFO 27736 --- [warehouse] [main] b.w.c.s.WebApplicationContextInitializer : Root WebApplicationContext: initialization completed in 2661 ms
16:43:55:336  INFO 27736 --- [warehouse] [main] org.redisson.Version                     : Redisson 3.52.0
16:43:55:590  INFO 27736 --- [warehouse] [redisson-netty-4-4] o.redisson.connection.ConnectionsHolder  : 1 connections initialized for 192.168.100.128/192.168.100.128:6379
16:43:55:657  INFO 27736 --- [warehouse] [redisson-netty-4-19] o.redisson.connection.ConnectionsHolder  : 24 connections initialized for 192.168.100.128/192.168.100.128:6379
16:43:55:945  INFO 27736 --- [warehouse] [main] b.m.s.MybatisPlusApplicationContextAware : Register ApplicationContext instances org.springframework.boot.web.server.servlet.context.AnnotationConfigServletWebServerApplicationContext@b91d8c4
16:43:56:067  INFO 27736 --- [warehouse] [main] com.zaxxer.hikari.HikariDataSource       : HikariPool-1 - Starting...
16:43:56:605  INFO 27736 --- [warehouse] [main] com.zaxxer.hikari.pool.HikariPool        : HikariPool-1 - Added connection com.mysql.cj.jdbc.ConnectionImpl@59845a40
16:43:56:606  INFO 27736 --- [warehouse] [main] com.zaxxer.hikari.HikariDataSource       : HikariPool-1 - Start completed.
16:43:56:808  INFO 27736 --- [warehouse] [main] o.s.boot.tomcat.TomcatWebServer          : Tomcat started on port 8000 (http) with context path '/'
16:43:56:814  INFO 27736 --- [warehouse] [main] com.zh.WarehouseApplication              : Started WarehouseApplication in 6.136 seconds (process running for 6.801)
16:44:04:453  INFO 27736 --- [warehouse] [http-nio-8000-exec-1] o.a.c.c.C.[Tomcat].[localhost].[/]       : Initializing Spring DispatcherServlet 'dispatcherServlet'
16:44:04:455  INFO 27736 --- [warehouse] [http-nio-8000-exec-1] o.s.web.servlet.DispatcherServlet        : Initializing Servlet 'dispatcherServlet'
16:44:04:459  INFO 27736 --- [warehouse] [http-nio-8000-exec-1] o.s.web.servlet.DispatcherServlet        : Completed initialization in 4 ms
16:44:05:216 DEBUG 27736 --- [warehouse] [http-nio-8000-exec-1] c.zh.mapper.UserMapper.selectWithCursor  : ==>  Preparing: SELECT id,username,password,display_name,role,created_at FROM user WHERE (username = ?)
16:44:05:349 DEBUG 27736 --- [warehouse] [http-nio-8000-exec-1] c.zh.mapper.UserMapper.selectWithCursor  : ==> Parameters: admin(String)
16:44:05:530 DEBUG 27736 --- [warehouse] [http-nio-8000-exec-1] c.zh.mapper.UserMapper.selectWithCursor  : <==      Total: 1
16:44:06:930 ERROR 27736 --- [warehouse] [http-nio-8000-exec-1] c.zh.common.config.WebExceptionAdvice    : org.springframework.data.redis.RedisConnectionFailureException: Unable to connect to Redis

org.springframework.data.redis.RedisConnectionFailureException: Unable to connect to Redis
	at org.springframework.data.redis.connection.lettuce.LettuceConnectionFactory$ExceptionTranslatingConnectionProvider.translateException(LettuceConnectionFactory.java:1873) ~[spring-data-redis-4.1.0.jar:4.1.0]
	at org.springframework.data.redis.connection.lettuce.LettuceConnectionFactory$ExceptionTranslatingConnectionProvider.getConnection(LettuceConnectionFactory.java:1804) ~[spring-data-redis-4.1.0.jar:4.1.0]
	at org.springframework.data.redis.connection.lettuce.LettuceConnectionFactory$SharedConnection.getNativeConnection(LettuceConnectionFactory.java:1601) ~[spring-data-redis-4.1.0.jar:4.1.0]
	at org.springframework.data.redis.connection.lettuce.LettuceConnectionFactory$SharedConnection.lambda$getConnection$0(LettuceConnectionFactory.java:1581) ~[spring-data-redis-4.1.0.jar:4.1.0]
	at org.springframework.data.redis.connection.lettuce.LettuceConnectionFactory.doInLock(LettuceConnectionFactory.java:1542) ~[spring-data-redis-4.1.0.jar:4.1.0]
	at org.springframework.data.redis.connection.lettuce.LettuceConnectionFactory$SharedConnection.getConnection(LettuceConnectionFactory.java:1578) ~[spring-data-redis-4.1.0.jar:4.1.0]
	at org.springframework.data.redis.connection.lettuce.LettuceConnectionFactory.getSharedConnection(LettuceConnectionFactory.java:1260) ~[spring-data-redis-4.1.0.jar:4.1.0]
	at org.springframework.data.redis.connection.lettuce.LettuceConnectionFactory.getConnection(LettuceConnectionFactory.java:1056) ~[spring-data-redis-4.1.0.jar:4.1.0]
	at org.springframework.data.redis.core.RedisConnectionUtils.fetchConnection(RedisConnectionUtils.java:195) ~[spring-data-redis-4.1.0.jar:4.1.0]
	at org.springframework.data.redis.core.RedisConnectionUtils.doGetConnection(RedisConnectionUtils.java:144) ~[spring-data-redis-4.1.0.jar:4.1.0]
	at org.springframework.data.redis.core.RedisConnectionUtils.getConnection(RedisConnectionUtils.java:105) ~[spring-data-redis-4.1.0.jar:4.1.0]
	at org.springframework.data.redis.core.RedisTemplate.execute(RedisTemplate.java:404) ~[spring-data-redis-4.1.0.jar:4.1.0]
	at org.springframework.data.redis.core.RedisTemplate.execute(RedisTemplate.java:384) ~[spring-data-redis-4.1.0.jar:4.1.0]
	at org.springframework.data.redis.core.AbstractOperations.execute(AbstractOperations.java:166) ~[spring-data-redis-4.1.0.jar:4.1.0]
	at org.springframework.data.redis.core.DefaultValueOperations.set(DefaultValueOperations.java:218) ~[spring-data-redis-4.1.0.jar:4.1.0]
	at org.springframework.data.redis.core.ValueOperations.set(ValueOperations.java:96) ~[spring-data-redis-4.1.0.jar:4.1.0]
	at com.zh.service.impl.UserServiceImpl.login(UserServiceImpl.java:59) ~[classes/:na]
	at java.base/jdk.internal.reflect.NativeMethodAccessorImpl.invoke0(Native Method) ~[na:na]
	at java.base/jdk.internal.reflect.NativeMethodAccessorImpl.invoke(NativeMethodAccessorImpl.java:77) ~[na:na]
	at java.base/jdk.internal.reflect.DelegatingMethodAccessorImpl.invoke(DelegatingMethodAccessorImpl.java:43) ~[na:na]
	at java.base/java.lang.reflect.Method.invoke(Method.java:569) ~[na:na]
	at org.springframework.aop.support.AopUtils.invokeJoinpointUsingReflection(AopUtils.java:359) ~[spring-aop-7.0.8.jar:7.0.8]
	at org.springframework.aop.framework.CglibAopProxy$DynamicAdvisedInterceptor.intercept(CglibAopProxy.java:715) ~[spring-aop-7.0.8.jar:7.0.8]
	at com.zh.service.impl.UserServiceImpl$$SpringCGLIB$$0.login(<generated>) ~[classes/:na]
	at com.zh.controller.UserController.login(UserController.java:41) ~[classes/:na]
	at java.base/jdk.internal.reflect.NativeMethodAccessorImpl.invoke0(Native Method) ~[na:na]
	at java.base/jdk.internal.reflect.NativeMethodAccessorImpl.invoke(NativeMethodAccessorImpl.java:77) ~[na:na]
	at java.base/jdk.internal.reflect.DelegatingMethodAccessorImpl.invoke(DelegatingMethodAccessorImpl.java:43) ~[na:na]
	at java.base/java.lang.reflect.Method.invoke(Method.java:569) ~[na:na]
	at org.springframework.web.method.support.InvocableHandlerMethod.doInvoke(InvocableHandlerMethod.java:252) ~[spring-web-7.0.8.jar:7.0.8]
	at org.springframework.web.method.support.InvocableHandlerMethod.invokeForRequest(InvocableHandlerMethod.java:184) ~[spring-web-7.0.8.jar:7.0.8]
	at org.springframework.web.servlet.mvc.method.annotation.ServletInvocableHandlerMethod.invokeAndHandle(ServletInvocableHandlerMethod.java:117) ~[spring-webmvc-7.0.8.jar:7.0.8]
	at org.springframework.web.servlet.mvc.method.annotation.RequestMappingHandlerAdapter.invokeHandlerMethod(RequestMappingHandlerAdapter.java:934) ~[spring-webmvc-7.0.8.jar:7.0.8]
	at org.springframework.web.servlet.mvc.method.annotation.RequestMappingHandlerAdapter.handleInternal(RequestMappingHandlerAdapter.java:853) ~[spring-webmvc-7.0.8.jar:7.0.8]
	at org.springframework.web.servlet.mvc.method.AbstractHandlerMethodAdapter.handle(AbstractHandlerMethodAdapter.java:86) ~[spring-webmvc-7.0.8.jar:7.0.8]
	at org.springframework.web.servlet.DispatcherServlet.doDispatch(DispatcherServlet.java:963) ~[spring-webmvc-7.0.8.jar:7.0.8]
	at org.springframework.web.servlet.DispatcherServlet.doService(DispatcherServlet.java:866) ~[spring-webmvc-7.0.8.jar:7.0.8]
	at org.springframework.web.servlet.FrameworkServlet.processRequest(FrameworkServlet.java:1000) ~[spring-webmvc-7.0.8.jar:7.0.8]
	at org.springframework.web.servlet.FrameworkServlet.doPost(FrameworkServlet.java:903) ~[spring-webmvc-7.0.8.jar:7.0.8]
	at jakarta.servlet.http.HttpServlet.service(HttpServlet.java:649) ~[tomcat-embed-core-11.0.22.jar:6.1]
	at org.springframework.web.servlet.FrameworkServlet.service(FrameworkServlet.java:874) ~[spring-webmvc-7.0.8.jar:7.0.8]
	at jakarta.servlet.http.HttpServlet.service(HttpServlet.java:710) ~[tomcat-embed-core-11.0.22.jar:6.1]
	at org.apache.catalina.core.ApplicationFilterChain.doFilter(ApplicationFilterChain.java:128) ~[tomcat-embed-core-11.0.22.jar:11.0.22]
	at org.apache.tomcat.websocket.server.WsFilter.doFilter(WsFilter.java:53) ~[tomcat-embed-websocket-11.0.22.jar:11.0.22]
	at org.apache.catalina.core.ApplicationFilterChain.doFilter(ApplicationFilterChain.java:107) ~[tomcat-embed-core-11.0.22.jar:11.0.22]
	at org.springframework.web.filter.RequestContextFilter.doFilterInternal(RequestContextFilter.java:100) ~[spring-web-7.0.8.jar:7.0.8]
	at org.springframework.web.filter.OncePerRequestFilter.doFilter(OncePerRequestFilter.java:116) ~[spring-web-7.0.8.jar:7.0.8]
	at org.apache.catalina.core.ApplicationFilterChain.doFilter(ApplicationFilterChain.java:107) ~[tomcat-embed-core-11.0.22.jar:11.0.22]
	at org.springframework.web.filter.FormContentFilter.doFilterInternal(FormContentFilter.java:93) ~[spring-web-7.0.8.jar:7.0.8]
	at org.springframework.web.filter.OncePerRequestFilter.doFilter(OncePerRequestFilter.java:116) ~[spring-web-7.0.8.jar:7.0.8]
	at org.apache.catalina.core.ApplicationFilterChain.doFilter(ApplicationFilterChain.java:107) ~[tomcat-embed-core-11.0.22.jar:11.0.22]
	at org.springframework.web.filter.CharacterEncodingFilter.doFilterInternal(CharacterEncodingFilter.java:199) ~[spring-web-7.0.8.jar:7.0.8]
	at org.springframework.web.filter.OncePerRequestFilter.doFilter(OncePerRequestFilter.java:116) ~[spring-web-7.0.8.jar:7.0.8]
	at org.apache.catalina.core.ApplicationFilterChain.doFilter(ApplicationFilterChain.java:107) ~[tomcat-embed-core-11.0.22.jar:11.0.22]
	at org.apache.catalina.core.StandardWrapperValve.invoke(StandardWrapperValve.java:165) ~[tomcat-embed-core-11.0.22.jar:11.0.22]
	at org.apache.catalina.core.StandardContextValve.invoke(StandardContextValve.java:77) ~[tomcat-embed-core-11.0.22.jar:11.0.22]
	at org.apache.catalina.authenticator.AuthenticatorBase.invoke(AuthenticatorBase.java:492) ~[tomcat-embed-core-11.0.22.jar:11.0.22]
	at org.apache.catalina.core.StandardHostValve.invoke(StandardHostValve.java:113) ~[tomcat-embed-core-11.0.22.jar:11.0.22]
	at org.apache.catalina.valves.ErrorReportValve.invoke(ErrorReportValve.java:83) ~[tomcat-embed-core-11.0.22.jar:11.0.22]
	at org.apache.catalina.core.StandardEngineValve.invoke(StandardEngineValve.java:72) ~[tomcat-embed-core-11.0.22.jar:11.0.22]
	at org.apache.catalina.connector.CoyoteAdapter.service(CoyoteAdapter.java:341) ~[tomcat-embed-core-11.0.22.jar:11.0.22]
	at org.apache.coyote.http11.Http11Processor.service(Http11Processor.java:397) ~[tomcat-embed-core-11.0.22.jar:11.0.22]
	at org.apache.coyote.AbstractProcessorLight.process(AbstractProcessorLight.java:63) ~[tomcat-embed-core-11.0.22.jar:11.0.22]
	at org.apache.coyote.AbstractProtocol$ConnectionHandler.process(AbstractProtocol.java:1272) ~[tomcat-embed-core-11.0.22.jar:11.0.22]
	at org.apache.tomcat.util.net.NioEndpoint$SocketProcessor.doRun(NioEndpoint.java:1801) ~[tomcat-embed-core-11.0.22.jar:11.0.22]
	at org.apache.tomcat.util.net.SocketProcessorBase.run(SocketProcessorBase.java:52) ~[tomcat-embed-core-11.0.22.jar:11.0.22]
	at org.apache.tomcat.util.threads.ThreadPoolExecutor.runWorker(ThreadPoolExecutor.java:946) ~[tomcat-embed-core-11.0.22.jar:11.0.22]
	at org.apache.tomcat.util.threads.ThreadPoolExecutor$Worker.run(ThreadPoolExecutor.java:480) ~[tomcat-embed-core-11.0.22.jar:11.0.22]
	at org.apache.tomcat.util.threads.TaskThread$WrappingRunnable.run(TaskThread.java:57) ~[tomcat-embed-core-11.0.22.jar:11.0.22]
	at java.base/java.lang.Thread.run(Thread.java:840) ~[na:na]
Caused by: org.springframework.data.redis.connection.PoolException: Could not get a resource from the pool
	at org.springframework.data.redis.connection.lettuce.LettucePoolingConnectionProvider.getConnection(LettucePoolingConnectionProvider.java:118) ~[spring-data-redis-4.1.0.jar:4.1.0]
	at org.springframework.data.redis.connection.lettuce.LettuceConnectionFactory$ExceptionTranslatingConnectionProvider.getConnection(LettuceConnectionFactory.java:1802) ~[spring-data-redis-4.1.0.jar:4.1.0]
	... 68 common frames omitted
Caused by: io.lettuce.core.RedisConnectionException: Unable to connect to localhost/<unresolved>:6379
	at io.lettuce.core.RedisConnectionException.create(RedisConnectionException.java:63) ~[lettuce-core-7.5.2.RELEASE.jar:7.5.2.RELEASE/5728917]
	at io.lettuce.core.RedisConnectionException.create(RedisConnectionException.java:41) ~[lettuce-core-7.5.2.RELEASE.jar:7.5.2.RELEASE/5728917]
	at io.lettuce.core.AbstractRedisClient.getConnection(AbstractRedisClient.java:315) ~[lettuce-core-7.5.2.RELEASE.jar:7.5.2.RELEASE/5728917]
	at io.lettuce.core.RedisClient.connect(RedisClient.java:220) ~[lettuce-core-7.5.2.RELEASE.jar:7.5.2.RELEASE/5728917]
	at org.springframework.data.redis.connection.lettuce.StandaloneConnectionProvider.lambda$getConnection$1(StandaloneConnectionProvider.java:113) ~[spring-data-redis-4.1.0.jar:4.1.0]
	at java.base/java.util.Optional.orElseGet(Optional.java:364) ~[na:na]
	at org.springframework.data.redis.connection.lettuce.StandaloneConnectionProvider.getConnection(StandaloneConnectionProvider.java:113) ~[spring-data-redis-4.1.0.jar:4.1.0]
	at org.springframework.data.redis.connection.lettuce.LettucePoolingConnectionProvider.lambda$getConnection$1(LettucePoolingConnectionProvider.java:100) ~[spring-data-redis-4.1.0.jar:4.1.0]
	at io.lettuce.core.support.ConnectionPoolSupport$RedisPooledObjectFactory.create(ConnectionPoolSupport.java:273) ~[lettuce-core-7.5.2.RELEASE.jar:7.5.2.RELEASE/5728917]
	at io.lettuce.core.support.ConnectionPoolSupport$RedisPooledObjectFactory.create(ConnectionPoolSupport.java:260) ~[lettuce-core-7.5.2.RELEASE.jar:7.5.2.RELEASE/5728917]
	at org.apache.commons.pool2.BasePooledObjectFactory.makeObject(BasePooledObjectFactory.java:75) ~[commons-pool2-2.13.1.jar:2.13.1]
	at org.apache.commons.pool2.impl.GenericObjectPool.create(GenericObjectPool.java:555) ~[commons-pool2-2.13.1.jar:2.13.1]
	at org.apache.commons.pool2.impl.GenericObjectPool.borrowObject(GenericObjectPool.java:300) ~[commons-pool2-2.13.1.jar:2.13.1]
	at io.lettuce.core.support.ConnectionPoolSupport$1.borrowObject(ConnectionPoolSupport.java:152) ~[lettuce-core-7.5.2.RELEASE.jar:7.5.2.RELEASE/5728917]
	at io.lettuce.core.support.ConnectionPoolSupport$1.borrowObject(ConnectionPoolSupport.java:146) ~[lettuce-core-7.5.2.RELEASE.jar:7.5.2.RELEASE/5728917]
	at org.apache.commons.pool2.impl.GenericObjectPool.borrowObject(GenericObjectPool.java:231) ~[commons-pool2-2.13.1.jar:2.13.1]
	at org.springframework.data.redis.connection.lettuce.LettucePoolingConnectionProvider.getConnection(LettucePoolingConnectionProvider.java:113) ~[spring-data-redis-4.1.0.jar:4.1.0]
	... 69 common frames omitted
Caused by: io.netty.channel.AbstractChannel$AnnotatedConnectException: Connection refused: getsockopt: localhost/127.0.0.1:6379
Caused by: java.net.ConnectException: Connection refused: getsockopt
	at java.base/sun.nio.ch.Net.pollConnect(Native Method) ~[na:na]
	at java.base/sun.nio.ch.Net.pollConnectNow(Net.java:672) ~[na:na]
	at java.base/sun.nio.ch.SocketChannelImpl.finishConnect(SocketChannelImpl.java:946) ~[na:na]
	at io.netty.channel.socket.nio.NioSocketChannel.doFinishConnect(NioSocketChannel.java:330) ~[netty-transport-4.2.15.Final.jar:4.2.15.Final]
	at io.netty.channel.nio.AbstractNioChannel$AbstractNioUnsafe.finishConnect(AbstractNioChannel.java:384) ~[netty-transport-4.2.15.Final.jar:4.2.15.Final]
	at io.netty.channel.nio.AbstractNioChannel$AbstractNioUnsafe.handle(AbstractNioChannel.java:432) ~[netty-transport-4.2.15.Final.jar:4.2.15.Final]
	at io.netty.channel.nio.NioIoHandler$DefaultNioRegistration.handle(NioIoHandler.java:388) ~[netty-transport-4.2.15.Final.jar:4.2.15.Final]
	at io.netty.channel.nio.NioIoHandler.processSelectedKey(NioIoHandler.java:596) ~[netty-transport-4.2.15.Final.jar:4.2.15.Final]
	at io.netty.channel.nio.NioIoHandler.processSelectedKeysOptimized(NioIoHandler.java:571) ~[netty-transport-4.2.15.Final.jar:4.2.15.Final]
	at io.netty.channel.nio.NioIoHandler.processSelectedKeys(NioIoHandler.java:512) ~[netty-transport-4.2.15.Final.jar:4.2.15.Final]
	at io.netty.channel.nio.NioIoHandler.run(NioIoHandler.java:484) ~[netty-transport-4.2.15.Final.jar:4.2.15.Final]
	at io.netty.channel.SingleThreadIoEventLoop.runIo(SingleThreadIoEventLoop.java:225) ~[netty-transport-4.2.15.Final.jar:4.2.15.Final]
	at io.netty.channel.SingleThreadIoEventLoop.run(SingleThreadIoEventLoop.java:196) ~[netty-transport-4.2.15.Final.jar:4.2.15.Final]
	at io.netty.util.concurrent.SingleThreadEventExecutor$5.run(SingleThreadEventExecutor.java:1195) ~[netty-common-4.2.15.Final.jar:4.2.15.Final]
	at io.netty.util.internal.ThreadExecutorMap$2.run(ThreadExecutorMap.java:74) ~[netty-common-4.2.15.Final.jar:4.2.15.Final]
	at io.netty.util.concurrent.FastThreadLocalRunnable.run(FastThreadLocalRunnable.java:30) ~[netty-common-4.2.15.Final.jar:4.2.15.Final]
	at java.base/java.lang.Thread.run(Thread.java:840) ~[na:na]

16:44:11:774 DEBUG 27736 --- [warehouse] [http-nio-8000-exec-2] c.zh.mapper.UserMapper.selectWithCursor  : ==>  Preparing: SELECT id,username,password,display_name,role,created_at FROM user WHERE (username = ?)
16:44:11:776 DEBUG 27736 --- [warehouse] [http-nio-8000-exec-2] c.zh.mapper.UserMapper.selectWithCursor  : ==> Parameters: admin(String)
16:44:11:780 DEBUG 27736 --- [warehouse] [http-nio-8000-exec-2] c.zh.mapper.UserMapper.selectWithCursor  : <==      Total: 1
16:44:11:843 ERROR 27736 --- [warehouse] [http-nio-8000-exec-2] c.zh.common.config.WebExceptionAdvice    : org.springframework.data.redis.RedisConnectionFailureException: Unable to connect to Redis

org.springframework.data.redis.RedisConnectionFailureException: Unable to connect to Redis
	at org.springframework.data.redis.connection.lettuce.LettuceConnectionFactory$ExceptionTranslatingConnectionProvider.translateException(LettuceConnectionFactory.java:1873) ~[spring-data-redis-4.1.0.jar:4.1.0]
	at org.springframework.data.redis.connection.lettuce.LettuceConnectionFactory$ExceptionTranslatingConnectionProvider.getConnection(LettuceConnectionFactory.java:1804) ~[spring-data-redis-4.1.0.jar:4.1.0]
	at org.springframework.data.redis.connection.lettuce.LettuceConnectionFactory$SharedConnection.getNativeConnection(LettuceConnectionFactory.java:1601) ~[spring-data-redis-4.1.0.jar:4.1.0]
	at org.springframework.data.redis.connection.lettuce.LettuceConnectionFactory$SharedConnection.lambda$getConnection$0(LettuceConnectionFactory.java:1581) ~[spring-data-redis-4.1.0.jar:4.1.0]
	at org.springframework.data.redis.connection.lettuce.LettuceConnectionFactory.doInLock(LettuceConnectionFactory.java:1542) ~[spring-data-redis-4.1.0.jar:4.1.0]
	at org.springframework.data.redis.connection.lettuce.LettuceConnectionFactory$SharedConnection.getConnection(LettuceConnectionFactory.java:1578) ~[spring-data-redis-4.1.0.jar:4.1.0]
	at org.springframework.data.redis.connection.lettuce.LettuceConnectionFactory.getSharedConnection(LettuceConnectionFactory.java:1260) ~[spring-data-redis-4.1.0.jar:4.1.0]
	at org.springframework.data.redis.connection.lettuce.LettuceConnectionFactory.getConnection(LettuceConnectionFactory.java:1056) ~[spring-data-redis-4.1.0.jar:4.1.0]
	at org.springframework.data.redis.core.RedisConnectionUtils.fetchConnection(RedisConnectionUtils.java:195) ~[spring-data-redis-4.1.0.jar:4.1.0]
	at org.springframework.data.redis.core.RedisConnectionUtils.doGetConnection(RedisConnectionUtils.java:144) ~[spring-data-redis-4.1.0.jar:4.1.0]
	at org.springframework.data.redis.core.RedisConnectionUtils.getConnection(RedisConnectionUtils.java:105) ~[spring-data-redis-4.1.0.jar:4.1.0]
	at org.springframework.data.redis.core.RedisTemplate.execute(RedisTemplate.java:404) ~[spring-data-redis-4.1.0.jar:4.1.0]
	at org.springframework.data.redis.core.RedisTemplate.execute(RedisTemplate.java:384) ~[spring-data-redis-4.1.0.jar:4.1.0]
	at org.springframework.data.redis.core.AbstractOperations.execute(AbstractOperations.java:166) ~[spring-data-redis-4.1.0.jar:4.1.0]
	at org.springframework.data.redis.core.DefaultValueOperations.set(DefaultValueOperations.java:218) ~[spring-data-redis-4.1.0.jar:4.1.0]
	at org.springframework.data.redis.core.ValueOperations.set(ValueOperations.java:96) ~[spring-data-redis-4.1.0.jar:4.1.0]
	at com.zh.service.impl.UserServiceImpl.login(UserServiceImpl.java:59) ~[classes/:na]
	at java.base/jdk.internal.reflect.NativeMethodAccessorImpl.invoke0(Native Method) ~[na:na]
	at java.base/jdk.internal.reflect.NativeMethodAccessorImpl.invoke(NativeMethodAccessorImpl.java:77) ~[na:na]
	at java.base/jdk.internal.reflect.DelegatingMethodAccessorImpl.invoke(DelegatingMethodAccessorImpl.java:43) ~[na:na]
	at java.base/java.lang.reflect.Method.invoke(Method.java:569) ~[na:na]
	at org.springframework.aop.support.AopUtils.invokeJoinpointUsingReflection(AopUtils.java:359) ~[spring-aop-7.0.8.jar:7.0.8]
	at org.springframework.aop.framework.CglibAopProxy$DynamicAdvisedInterceptor.intercept(CglibAopProxy.java:715) ~[spring-aop-7.0.8.jar:7.0.8]
	at com.zh.service.impl.UserServiceImpl$$SpringCGLIB$$0.login(<generated>) ~[classes/:na]
	at com.zh.controller.UserController.login(UserController.java:41) ~[classes/:na]
	at java.base/jdk.internal.reflect.NativeMethodAccessorImpl.invoke0(Native Method) ~[na:na]
	at java.base/jdk.internal.reflect.NativeMethodAccessorImpl.invoke(NativeMethodAccessorImpl.java:77) ~[na:na]
	at java.base/jdk.internal.reflect.DelegatingMethodAccessorImpl.invoke(DelegatingMethodAccessorImpl.java:43) ~[na:na]
	at java.base/java.lang.reflect.Method.invoke(Method.java:569) ~[na:na]
	at org.springframework.web.method.support.InvocableHandlerMethod.doInvoke(InvocableHandlerMethod.java:252) ~[spring-web-7.0.8.jar:7.0.8]
	at org.springframework.web.method.support.InvocableHandlerMethod.invokeForRequest(InvocableHandlerMethod.java:184) ~[spring-web-7.0.8.jar:7.0.8]
	at org.springframework.web.servlet.mvc.method.annotation.ServletInvocableHandlerMethod.invokeAndHandle(ServletInvocableHandlerMethod.java:117) ~[spring-webmvc-7.0.8.jar:7.0.8]
	at org.springframework.web.servlet.mvc.method.annotation.RequestMappingHandlerAdapter.invokeHandlerMethod(RequestMappingHandlerAdapter.java:934) ~[spring-webmvc-7.0.8.jar:7.0.8]
	at org.springframework.web.servlet.mvc.method.annotation.RequestMappingHandlerAdapter.handleInternal(RequestMappingHandlerAdapter.java:853) ~[spring-webmvc-7.0.8.jar:7.0.8]
	at org.springframework.web.servlet.mvc.method.AbstractHandlerMethodAdapter.handle(AbstractHandlerMethodAdapter.java:86) ~[spring-webmvc-7.0.8.jar:7.0.8]
	at org.springframework.web.servlet.DispatcherServlet.doDispatch(DispatcherServlet.java:963) ~[spring-webmvc-7.0.8.jar:7.0.8]
	at org.springframework.web.servlet.DispatcherServlet.doService(DispatcherServlet.java:866) ~[spring-webmvc-7.0.8.jar:7.0.8]
	at org.springframework.web.servlet.FrameworkServlet.processRequest(FrameworkServlet.java:1000) ~[spring-webmvc-7.0.8.jar:7.0.8]
	at org.springframework.web.servlet.FrameworkServlet.doPost(FrameworkServlet.java:903) ~[spring-webmvc-7.0.8.jar:7.0.8]
	at jakarta.servlet.http.HttpServlet.service(HttpServlet.java:649) ~[tomcat-embed-core-11.0.22.jar:6.1]
	at org.springframework.web.servlet.FrameworkServlet.service(FrameworkServlet.java:874) ~[spring-webmvc-7.0.8.jar:7.0.8]
	at jakarta.servlet.http.HttpServlet.service(HttpServlet.java:710) ~[tomcat-embed-core-11.0.22.jar:6.1]
	at org.apache.catalina.core.ApplicationFilterChain.doFilter(ApplicationFilterChain.java:128) ~[tomcat-embed-core-11.0.22.jar:11.0.22]
	at org.apache.tomcat.websocket.server.WsFilter.doFilter(WsFilter.java:53) ~[tomcat-embed-websocket-11.0.22.jar:11.0.22]
	at org.apache.catalina.core.ApplicationFilterChain.doFilter(ApplicationFilterChain.java:107) ~[tomcat-embed-core-11.0.22.jar:11.0.22]
	at org.springframework.web.filter.RequestContextFilter.doFilterInternal(RequestContextFilter.java:100) ~[spring-web-7.0.8.jar:7.0.8]
	at org.springframework.web.filter.OncePerRequestFilter.doFilter(OncePerRequestFilter.java:116) ~[spring-web-7.0.8.jar:7.0.8]
	at org.apache.catalina.core.ApplicationFilterChain.doFilter(ApplicationFilterChain.java:107) ~[tomcat-embed-core-11.0.22.jar:11.0.22]
	at org.springframework.web.filter.FormContentFilter.doFilterInternal(FormContentFilter.java:93) ~[spring-web-7.0.8.jar:7.0.8]
	at org.springframework.web.filter.OncePerRequestFilter.doFilter(OncePerRequestFilter.java:116) ~[spring-web-7.0.8.jar:7.0.8]
	at org.apache.catalina.core.ApplicationFilterChain.doFilter(ApplicationFilterChain.java:107) ~[tomcat-embed-core-11.0.22.jar:11.0.22]
	at org.springframework.web.filter.CharacterEncodingFilter.doFilterInternal(CharacterEncodingFilter.java:199) ~[spring-web-7.0.8.jar:7.0.8]
	at org.springframework.web.filter.OncePerRequestFilter.doFilter(OncePerRequestFilter.java:116) ~[spring-web-7.0.8.jar:7.0.8]
	at org.apache.catalina.core.ApplicationFilterChain.doFilter(ApplicationFilterChain.java:107) ~[tomcat-embed-core-11.0.22.jar:11.0.22]
	at org.apache.catalina.core.StandardWrapperValve.invoke(StandardWrapperValve.java:165) ~[tomcat-embed-core-11.0.22.jar:11.0.22]
	at org.apache.catalina.core.StandardContextValve.invoke(StandardContextValve.java:77) ~[tomcat-embed-core-11.0.22.jar:11.0.22]
	at org.apache.catalina.authenticator.AuthenticatorBase.invoke(AuthenticatorBase.java:492) ~[tomcat-embed-core-11.0.22.jar:11.0.22]
	at org.apache.catalina.core.StandardHostValve.invoke(StandardHostValve.java:113) ~[tomcat-embed-core-11.0.22.jar:11.0.22]
	at org.apache.catalina.valves.ErrorReportValve.invoke(ErrorReportValve.java:83) ~[tomcat-embed-core-11.0.22.jar:11.0.22]
	at org.apache.catalina.core.StandardEngineValve.invoke(StandardEngineValve.java:72) ~[tomcat-embed-core-11.0.22.jar:11.0.22]
	at org.apache.catalina.connector.CoyoteAdapter.service(CoyoteAdapter.java:341) ~[tomcat-embed-core-11.0.22.jar:11.0.22]
	at org.apache.coyote.http11.Http11Processor.service(Http11Processor.java:397) ~[tomcat-embed-core-11.0.22.jar:11.0.22]
	at org.apache.coyote.AbstractProcessorLight.process(AbstractProcessorLight.java:63) ~[tomcat-embed-core-11.0.22.jar:11.0.22]
	at org.apache.coyote.AbstractProtocol$ConnectionHandler.process(AbstractProtocol.java:1272) ~[tomcat-embed-core-11.0.22.jar:11.0.22]
	at org.apache.tomcat.util.net.NioEndpoint$SocketProcessor.doRun(NioEndpoint.java:1801) ~[tomcat-embed-core-11.0.22.jar:11.0.22]
	at org.apache.tomcat.util.net.SocketProcessorBase.run(SocketProcessorBase.java:52) ~[tomcat-embed-core-11.0.22.jar:11.0.22]
	at org.apache.tomcat.util.threads.ThreadPoolExecutor.runWorker(ThreadPoolExecutor.java:946) ~[tomcat-embed-core-11.0.22.jar:11.0.22]
	at org.apache.tomcat.util.threads.ThreadPoolExecutor$Worker.run(ThreadPoolExecutor.java:480) ~[tomcat-embed-core-11.0.22.jar:11.0.22]
	at org.apache.tomcat.util.threads.TaskThread$WrappingRunnable.run(TaskThread.java:57) ~[tomcat-embed-core-11.0.22.jar:11.0.22]
	at java.base/java.lang.Thread.run(Thread.java:840) ~[na:na]
Caused by: org.springframework.data.redis.connection.PoolException: Could not get a resource from the pool
	at org.springframework.data.redis.connection.lettuce.LettucePoolingConnectionProvider.getConnection(LettucePoolingConnectionProvider.java:118) ~[spring-data-redis-4.1.0.jar:4.1.0]
	at org.springframework.data.redis.connection.lettuce.LettuceConnectionFactory$ExceptionTranslatingConnectionProvider.getConnection(LettuceConnectionFactory.java:1802) ~[spring-data-redis-4.1.0.jar:4.1.0]
	... 68 common frames omitted
Caused by: io.lettuce.core.RedisConnectionException: Unable to connect to localhost/<unresolved>:6379
	at io.lettuce.core.RedisConnectionException.create(RedisConnectionException.java:63) ~[lettuce-core-7.5.2.RELEASE.jar:7.5.2.RELEASE/5728917]
	at io.lettuce.core.RedisConnectionException.create(RedisConnectionException.java:41) ~[lettuce-core-7.5.2.RELEASE.jar:7.5.2.RELEASE/5728917]
	at io.lettuce.core.AbstractRedisClient.getConnection(AbstractRedisClient.java:315) ~[lettuce-core-7.5.2.RELEASE.jar:7.5.2.RELEASE/5728917]
	at io.lettuce.core.RedisClient.connect(RedisClient.java:220) ~[lettuce-core-7.5.2.RELEASE.jar:7.5.2.RELEASE/5728917]
	at org.springframework.data.redis.connection.lettuce.StandaloneConnectionProvider.lambda$getConnection$1(StandaloneConnectionProvider.java:113) ~[spring-data-redis-4.1.0.jar:4.1.0]
	at java.base/java.util.Optional.orElseGet(Optional.java:364) ~[na:na]
	at org.springframework.data.redis.connection.lettuce.StandaloneConnectionProvider.getConnection(StandaloneConnectionProvider.java:113) ~[spring-data-redis-4.1.0.jar:4.1.0]
	at org.springframework.data.redis.connection.lettuce.LettucePoolingConnectionProvider.lambda$getConnection$1(LettucePoolingConnectionProvider.java:100) ~[spring-data-redis-4.1.0.jar:4.1.0]
	at io.lettuce.core.support.ConnectionPoolSupport$RedisPooledObjectFactory.create(ConnectionPoolSupport.java:273) ~[lettuce-core-7.5.2.RELEASE.jar:7.5.2.RELEASE/5728917]
	at io.lettuce.core.support.ConnectionPoolSupport$RedisPooledObjectFactory.create(ConnectionPoolSupport.java:260) ~[lettuce-core-7.5.2.RELEASE.jar:7.5.2.RELEASE/5728917]
	at org.apache.commons.pool2.BasePooledObjectFactory.makeObject(BasePooledObjectFactory.java:75) ~[commons-pool2-2.13.1.jar:2.13.1]
	at org.apache.commons.pool2.impl.GenericObjectPool.create(GenericObjectPool.java:555) ~[commons-pool2-2.13.1.jar:2.13.1]
	at org.apache.commons.pool2.impl.GenericObjectPool.borrowObject(GenericObjectPool.java:300) ~[commons-pool2-2.13.1.jar:2.13.1]
	at io.lettuce.core.support.ConnectionPoolSupport$1.borrowObject(ConnectionPoolSupport.java:152) ~[lettuce-core-7.5.2.RELEASE.jar:7.5.2.RELEASE/5728917]
	at io.lettuce.core.support.ConnectionPoolSupport$1.borrowObject(ConnectionPoolSupport.java:146) ~[lettuce-core-7.5.2.RELEASE.jar:7.5.2.RELEASE/5728917]
	at org.apache.commons.pool2.impl.GenericObjectPool.borrowObject(GenericObjectPool.java:231) ~[commons-pool2-2.13.1.jar:2.13.1]
	at org.springframework.data.redis.connection.lettuce.LettucePoolingConnectionProvider.getConnection(LettucePoolingConnectionProvider.java:113) ~[spring-data-redis-4.1.0.jar:4.1.0]
	... 69 common frames omitted
Caused by: io.netty.channel.AbstractChannel$AnnotatedConnectException: Connection refused: getsockopt: localhost/127.0.0.1:6379
Caused by: java.net.ConnectException: Connection refused: getsockopt
	at java.base/sun.nio.ch.Net.pollConnect(Native Method) ~[na:na]
	at java.base/sun.nio.ch.Net.pollConnectNow(Net.java:672) ~[na:na]
	at java.base/sun.nio.ch.SocketChannelImpl.finishConnect(SocketChannelImpl.java:946) ~[na:na]
	at io.netty.channel.socket.nio.NioSocketChannel.doFinishConnect(NioSocketChannel.java:330) ~[netty-transport-4.2.15.Final.jar:4.2.15.Final]
	at io.netty.channel.nio.AbstractNioChannel$AbstractNioUnsafe.finishConnect(AbstractNioChannel.java:384) ~[netty-transport-4.2.15.Final.jar:4.2.15.Final]
	at io.netty.channel.nio.AbstractNioChannel$AbstractNioUnsafe.handle(AbstractNioChannel.java:432) ~[netty-transport-4.2.15.Final.jar:4.2.15.Final]
	at io.netty.channel.nio.NioIoHandler$DefaultNioRegistration.handle(NioIoHandler.java:388) ~[netty-transport-4.2.15.Final.jar:4.2.15.Final]
	at io.netty.channel.nio.NioIoHandler.processSelectedKey(NioIoHandler.java:596) ~[netty-transport-4.2.15.Final.jar:4.2.15.Final]
	at io.netty.channel.nio.NioIoHandler.processSelectedKeysOptimized(NioIoHandler.java:571) ~[netty-transport-4.2.15.Final.jar:4.2.15.Final]
	at io.netty.channel.nio.NioIoHandler.processSelectedKeys(NioIoHandler.java:512) ~[netty-transport-4.2.15.Final.jar:4.2.15.Final]
	at io.netty.channel.nio.NioIoHandler.run(NioIoHandler.java:484) ~[netty-transport-4.2.15.Final.jar:4.2.15.Final]
	at io.netty.channel.SingleThreadIoEventLoop.runIo(SingleThreadIoEventLoop.java:225) ~[netty-transport-4.2.15.Final.jar:4.2.15.Final]
	at io.netty.channel.SingleThreadIoEventLoop.run(SingleThreadIoEventLoop.java:196) ~[netty-transport-4.2.15.Final.jar:4.2.15.Final]
	at io.netty.util.concurrent.SingleThreadEventExecutor$5.run(SingleThreadEventExecutor.java:1195) ~[netty-common-4.2.15.Final.jar:4.2.15.Final]
	at io.netty.util.internal.ThreadExecutorMap$2.run(ThreadExecutorMap.java:74) ~[netty-common-4.2.15.Final.jar:4.2.15.Final]
	at io.netty.util.concurrent.FastThreadLocalRunnable.run(FastThreadLocalRunnable.java:30) ~[netty-common-4.2.15.Final.jar:4.2.15.Final]
	at java.base/java.lang.Thread.run(Thread.java:840) ~[na:na]

16:44:33:950 DEBUG 27736 --- [warehouse] [http-nio-8000-exec-3] c.zh.mapper.UserMapper.selectWithCursor  : ==>  Preparing: SELECT id,username,password,display_name,role,created_at FROM user WHERE (username = ?)
16:44:33:952 DEBUG 27736 --- [warehouse] [http-nio-8000-exec-3] c.zh.mapper.UserMapper.selectWithCursor  : ==> Parameters: admin(String)
16:44:33:957 DEBUG 27736 --- [warehouse] [http-nio-8000-exec-3] c.zh.mapper.UserMapper.selectWithCursor  : <==      Total: 1
16:44:34:014 ERROR 27736 --- [warehouse] [http-nio-8000-exec-3] c.zh.common.config.WebExceptionAdvice    : org.springframework.data.redis.RedisConnectionFailureException: Unable to connect to Redis

org.springframework.data.redis.RedisConnectionFailureException: Unable to connect to Redis
	at org.springframework.data.redis.connection.lettuce.LettuceConnectionFactory$ExceptionTranslatingConnectionProvider.translateException(LettuceConnectionFactory.java:1873) ~[spring-data-redis-4.1.0.jar:4.1.0]
	at org.springframework.data.redis.connection.lettuce.LettuceConnectionFactory$ExceptionTranslatingConnectionProvider.getConnection(LettuceConnectionFactory.java:1804) ~[spring-data-redis-4.1.0.jar:4.1.0]
	at org.springframework.data.redis.connection.lettuce.LettuceConnectionFactory$SharedConnection.getNativeConnection(LettuceConnectionFactory.java:1601) ~[spring-data-redis-4.1.0.jar:4.1.0]
	at org.springframework.data.redis.connection.lettuce.LettuceConnectionFactory$SharedConnection.lambda$getConnection$0(LettuceConnectionFactory.java:1581) ~[spring-data-redis-4.1.0.jar:4.1.0]
	at org.springframework.data.redis.connection.lettuce.LettuceConnectionFactory.doInLock(LettuceConnectionFactory.java:1542) ~[spring-data-redis-4.1.0.jar:4.1.0]
	at org.springframework.data.redis.connection.lettuce.LettuceConnectionFactory$SharedConnection.getConnection(LettuceConnectionFactory.java:1578) ~[spring-data-redis-4.1.0.jar:4.1.0]
	at org.springframework.data.redis.connection.lettuce.LettuceConnectionFactory.getSharedConnection(LettuceConnectionFactory.java:1260) ~[spring-data-redis-4.1.0.jar:4.1.0]
	at org.springframework.data.redis.connection.lettuce.LettuceConnectionFactory.getConnection(LettuceConnectionFactory.java:1056) ~[spring-data-redis-4.1.0.jar:4.1.0]
	at org.springframework.data.redis.core.RedisConnectionUtils.fetchConnection(RedisConnectionUtils.java:195) ~[spring-data-redis-4.1.0.jar:4.1.0]
	at org.springframework.data.redis.core.RedisConnectionUtils.doGetConnection(RedisConnectionUtils.java:144) ~[spring-data-redis-4.1.0.jar:4.1.0]
	at org.springframework.data.redis.core.RedisConnectionUtils.getConnection(RedisConnectionUtils.java:105) ~[spring-data-redis-4.1.0.jar:4.1.0]
	at org.springframework.data.redis.core.RedisTemplate.execute(RedisTemplate.java:404) ~[spring-data-redis-4.1.0.jar:4.1.0]
	at org.springframework.data.redis.core.RedisTemplate.execute(RedisTemplate.java:384) ~[spring-data-redis-4.1.0.jar:4.1.0]
	at org.springframework.data.redis.core.AbstractOperations.execute(AbstractOperations.java:166) ~[spring-data-redis-4.1.0.jar:4.1.0]
	at org.springframework.data.redis.core.DefaultValueOperations.set(DefaultValueOperations.java:218) ~[spring-data-redis-4.1.0.jar:4.1.0]
	at org.springframework.data.redis.core.ValueOperations.set(ValueOperations.java:96) ~[spring-data-redis-4.1.0.jar:4.1.0]
	at com.zh.service.impl.UserServiceImpl.login(UserServiceImpl.java:59) ~[classes/:na]
	at java.base/jdk.internal.reflect.NativeMethodAccessorImpl.invoke0(Native Method) ~[na:na]
	at java.base/jdk.internal.reflect.NativeMethodAccessorImpl.invoke(NativeMethodAccessorImpl.java:77) ~[na:na]
	at java.base/jdk.internal.reflect.DelegatingMethodAccessorImpl.invoke(DelegatingMethodAccessorImpl.java:43) ~[na:na]
	at java.base/java.lang.reflect.Method.invoke(Method.java:569) ~[na:na]
	at org.springframework.aop.support.AopUtils.invokeJoinpointUsingReflection(AopUtils.java:359) ~[spring-aop-7.0.8.jar:7.0.8]
	at org.springframework.aop.framework.CglibAopProxy$DynamicAdvisedInterceptor.intercept(CglibAopProxy.java:715) ~[spring-aop-7.0.8.jar:7.0.8]
	at com.zh.service.impl.UserServiceImpl$$SpringCGLIB$$0.login(<generated>) ~[classes/:na]
	at com.zh.controller.UserController.login(UserController.java:41) ~[classes/:na]
	at java.base/jdk.internal.reflect.NativeMethodAccessorImpl.invoke0(Native Method) ~[na:na]
	at java.base/jdk.internal.reflect.NativeMethodAccessorImpl.invoke(NativeMethodAccessorImpl.java:77) ~[na:na]
	at java.base/jdk.internal.reflect.DelegatingMethodAccessorImpl.invoke(DelegatingMethodAccessorImpl.java:43) ~[na:na]
	at java.base/java.lang.reflect.Method.invoke(Method.java:569) ~[na:na]
	at org.springframework.web.method.support.InvocableHandlerMethod.doInvoke(InvocableHandlerMethod.java:252) ~[spring-web-7.0.8.jar:7.0.8]
	at org.springframework.web.method.support.InvocableHandlerMethod.invokeForRequest(InvocableHandlerMethod.java:184) ~[spring-web-7.0.8.jar:7.0.8]
	at org.springframework.web.servlet.mvc.method.annotation.ServletInvocableHandlerMethod.invokeAndHandle(ServletInvocableHandlerMethod.java:117) ~[spring-webmvc-7.0.8.jar:7.0.8]
	at org.springframework.web.servlet.mvc.method.annotation.RequestMappingHandlerAdapter.invokeHandlerMethod(RequestMappingHandlerAdapter.java:934) ~[spring-webmvc-7.0.8.jar:7.0.8]
	at org.springframework.web.servlet.mvc.method.annotation.RequestMappingHandlerAdapter.handleInternal(RequestMappingHandlerAdapter.java:853) ~[spring-webmvc-7.0.8.jar:7.0.8]
	at org.springframework.web.servlet.mvc.method.AbstractHandlerMethodAdapter.handle(AbstractHandlerMethodAdapter.java:86) ~[spring-webmvc-7.0.8.jar:7.0.8]
	at org.springframework.web.servlet.DispatcherServlet.doDispatch(DispatcherServlet.java:963) ~[spring-webmvc-7.0.8.jar:7.0.8]
	at org.springframework.web.servlet.DispatcherServlet.doService(DispatcherServlet.java:866) ~[spring-webmvc-7.0.8.jar:7.0.8]
	at org.springframework.web.servlet.FrameworkServlet.processRequest(FrameworkServlet.java:1000) ~[spring-webmvc-7.0.8.jar:7.0.8]
	at org.springframework.web.servlet.FrameworkServlet.doPost(FrameworkServlet.java:903) ~[spring-webmvc-7.0.8.jar:7.0.8]
	at jakarta.servlet.http.HttpServlet.service(HttpServlet.java:649) ~[tomcat-embed-core-11.0.22.jar:6.1]
	at org.springframework.web.servlet.FrameworkServlet.service(FrameworkServlet.java:874) ~[spring-webmvc-7.0.8.jar:7.0.8]
	at jakarta.servlet.http.HttpServlet.service(HttpServlet.java:710) ~[tomcat-embed-core-11.0.22.jar:6.1]
	at org.apache.catalina.core.ApplicationFilterChain.doFilter(ApplicationFilterChain.java:128) ~[tomcat-embed-core-11.0.22.jar:11.0.22]
	at org.apache.tomcat.websocket.server.WsFilter.doFilter(WsFilter.java:53) ~[tomcat-embed-websocket-11.0.22.jar:11.0.22]
	at org.apache.catalina.core.ApplicationFilterChain.doFilter(ApplicationFilterChain.java:107) ~[tomcat-embed-core-11.0.22.jar:11.0.22]
	at org.springframework.web.filter.RequestContextFilter.doFilterInternal(RequestContextFilter.java:100) ~[spring-web-7.0.8.jar:7.0.8]
	at org.springframework.web.filter.OncePerRequestFilter.doFilter(OncePerRequestFilter.java:116) ~[spring-web-7.0.8.jar:7.0.8]
	at org.apache.catalina.core.ApplicationFilterChain.doFilter(ApplicationFilterChain.java:107) ~[tomcat-embed-core-11.0.22.jar:11.0.22]
	at org.springframework.web.filter.FormContentFilter.doFilterInternal(FormContentFilter.java:93) ~[spring-web-7.0.8.jar:7.0.8]
	at org.springframework.web.filter.OncePerRequestFilter.doFilter(OncePerRequestFilter.java:116) ~[spring-web-7.0.8.jar:7.0.8]
	at org.apache.catalina.core.ApplicationFilterChain.doFilter(ApplicationFilterChain.java:107) ~[tomcat-embed-core-11.0.22.jar:11.0.22]
	at org.springframework.web.filter.CharacterEncodingFilter.doFilterInternal(CharacterEncodingFilter.java:199) ~[spring-web-7.0.8.jar:7.0.8]
	at org.springframework.web.filter.OncePerRequestFilter.doFilter(OncePerRequestFilter.java:116) ~[spring-web-7.0.8.jar:7.0.8]
	at org.apache.catalina.core.ApplicationFilterChain.doFilter(ApplicationFilterChain.java:107) ~[tomcat-embed-core-11.0.22.jar:11.0.22]
	at org.apache.catalina.core.StandardWrapperValve.invoke(StandardWrapperValve.java:165) ~[tomcat-embed-core-11.0.22.jar:11.0.22]
	at org.apache.catalina.core.StandardContextValve.invoke(StandardContextValve.java:77) ~[tomcat-embed-core-11.0.22.jar:11.0.22]
	at org.apache.catalina.authenticator.AuthenticatorBase.invoke(AuthenticatorBase.java:492) ~[tomcat-embed-core-11.0.22.jar:11.0.22]
	at org.apache.catalina.core.StandardHostValve.invoke(StandardHostValve.java:113) ~[tomcat-embed-core-11.0.22.jar:11.0.22]
	at org.apache.catalina.valves.ErrorReportValve.invoke(ErrorReportValve.java:83) ~[tomcat-embed-core-11.0.22.jar:11.0.22]
	at org.apache.catalina.core.StandardEngineValve.invoke(StandardEngineValve.java:72) ~[tomcat-embed-core-11.0.22.jar:11.0.22]
	at org.apache.catalina.connector.CoyoteAdapter.service(CoyoteAdapter.java:341) ~[tomcat-embed-core-11.0.22.jar:11.0.22]
	at org.apache.coyote.http11.Http11Processor.service(Http11Processor.java:397) ~[tomcat-embed-core-11.0.22.jar:11.0.22]
	at org.apache.coyote.AbstractProcessorLight.process(AbstractProcessorLight.java:63) ~[tomcat-embed-core-11.0.22.jar:11.0.22]
	at org.apache.coyote.AbstractProtocol$ConnectionHandler.process(AbstractProtocol.java:1272) ~[tomcat-embed-core-11.0.22.jar:11.0.22]
	at org.apache.tomcat.util.net.NioEndpoint$SocketProcessor.doRun(NioEndpoint.java:1801) ~[tomcat-embed-core-11.0.22.jar:11.0.22]
	at org.apache.tomcat.util.net.SocketProcessorBase.run(SocketProcessorBase.java:52) ~[tomcat-embed-core-11.0.22.jar:11.0.22]
	at org.apache.tomcat.util.threads.ThreadPoolExecutor.runWorker(ThreadPoolExecutor.java:946) ~[tomcat-embed-core-11.0.22.jar:11.0.22]
	at org.apache.tomcat.util.threads.ThreadPoolExecutor$Worker.run(ThreadPoolExecutor.java:480) ~[tomcat-embed-core-11.0.22.jar:11.0.22]
	at org.apache.tomcat.util.threads.TaskThread$WrappingRunnable.run(TaskThread.java:57) ~[tomcat-embed-core-11.0.22.jar:11.0.22]
	at java.base/java.lang.Thread.run(Thread.java:840) ~[na:na]
Caused by: org.springframework.data.redis.connection.PoolException: Could not get a resource from the pool
	at org.springframework.data.redis.connection.lettuce.LettucePoolingConnectionProvider.getConnection(LettucePoolingConnectionProvider.java:118) ~[spring-data-redis-4.1.0.jar:4.1.0]
	at org.springframework.data.redis.connection.lettuce.LettuceConnectionFactory$ExceptionTranslatingConnectionProvider.getConnection(LettuceConnectionFactory.java:1802) ~[spring-data-redis-4.1.0.jar:4.1.0]
	... 68 common frames omitted
Caused by: io.lettuce.core.RedisConnectionException: Unable to connect to localhost/<unresolved>:6379
	at io.lettuce.core.RedisConnectionException.create(RedisConnectionException.java:63) ~[lettuce-core-7.5.2.RELEASE.jar:7.5.2.RELEASE/5728917]
	at io.lettuce.core.RedisConnectionException.create(RedisConnectionException.java:41) ~[lettuce-core-7.5.2.RELEASE.jar:7.5.2.RELEASE/5728917]
	at io.lettuce.core.AbstractRedisClient.getConnection(AbstractRedisClient.java:315) ~[lettuce-core-7.5.2.RELEASE.jar:7.5.2.RELEASE/5728917]
	at io.lettuce.core.RedisClient.connect(RedisClient.java:220) ~[lettuce-core-7.5.2.RELEASE.jar:7.5.2.RELEASE/5728917]
	at org.springframework.data.redis.connection.lettuce.StandaloneConnectionProvider.lambda$getConnection$1(StandaloneConnectionProvider.java:113) ~[spring-data-redis-4.1.0.jar:4.1.0]
	at java.base/java.util.Optional.orElseGet(Optional.java:364) ~[na:na]
	at org.springframework.data.redis.connection.lettuce.StandaloneConnectionProvider.getConnection(StandaloneConnectionProvider.java:113) ~[spring-data-redis-4.1.0.jar:4.1.0]
	at org.springframework.data.redis.connection.lettuce.LettucePoolingConnectionProvider.lambda$getConnection$1(LettucePoolingConnectionProvider.java:100) ~[spring-data-redis-4.1.0.jar:4.1.0]
	at io.lettuce.core.support.ConnectionPoolSupport$RedisPooledObjectFactory.create(ConnectionPoolSupport.java:273) ~[lettuce-core-7.5.2.RELEASE.jar:7.5.2.RELEASE/5728917]
	at io.lettuce.core.support.ConnectionPoolSupport$RedisPooledObjectFactory.create(ConnectionPoolSupport.java:260) ~[lettuce-core-7.5.2.RELEASE.jar:7.5.2.RELEASE/5728917]
	at org.apache.commons.pool2.BasePooledObjectFactory.makeObject(BasePooledObjectFactory.java:75) ~[commons-pool2-2.13.1.jar:2.13.1]
	at org.apache.commons.pool2.impl.GenericObjectPool.create(GenericObjectPool.java:555) ~[commons-pool2-2.13.1.jar:2.13.1]
	at org.apache.commons.pool2.impl.GenericObjectPool.borrowObject(GenericObjectPool.java:300) ~[commons-pool2-2.13.1.jar:2.13.1]
	at io.lettuce.core.support.ConnectionPoolSupport$1.borrowObject(ConnectionPoolSupport.java:152) ~[lettuce-core-7.5.2.RELEASE.jar:7.5.2.RELEASE/5728917]
	at io.lettuce.core.support.ConnectionPoolSupport$1.borrowObject(ConnectionPoolSupport.java:146) ~[lettuce-core-7.5.2.RELEASE.jar:7.5.2.RELEASE/5728917]
	at org.apache.commons.pool2.impl.GenericObjectPool.borrowObject(GenericObjectPool.java:231) ~[commons-pool2-2.13.1.jar:2.13.1]
	at org.springframework.data.redis.connection.lettuce.LettucePoolingConnectionProvider.getConnection(LettucePoolingConnectionProvider.java:113) ~[spring-data-redis-4.1.0.jar:4.1.0]
	... 69 common frames omitted
Caused by: io.netty.channel.AbstractChannel$AnnotatedConnectException: Connection refused: getsockopt: localhost/127.0.0.1:6379
Caused by: java.net.ConnectException: Connection refused: getsockopt
	at java.base/sun.nio.ch.Net.pollConnect(Native Method) ~[na:na]
	at java.base/sun.nio.ch.Net.pollConnectNow(Net.java:672) ~[na:na]
	at java.base/sun.nio.ch.SocketChannelImpl.finishConnect(SocketChannelImpl.java:946) ~[na:na]
	at io.netty.channel.socket.nio.NioSocketChannel.doFinishConnect(NioSocketChannel.java:330) ~[netty-transport-4.2.15.Final.jar:4.2.15.Final]
	at io.netty.channel.nio.AbstractNioChannel$AbstractNioUnsafe.finishConnect(AbstractNioChannel.java:384) ~[netty-transport-4.2.15.Final.jar:4.2.15.Final]
	at io.netty.channel.nio.AbstractNioChannel$AbstractNioUnsafe.handle(AbstractNioChannel.java:432) ~[netty-transport-4.2.15.Final.jar:4.2.15.Final]
	at io.netty.channel.nio.NioIoHandler$DefaultNioRegistration.handle(NioIoHandler.java:388) ~[netty-transport-4.2.15.Final.jar:4.2.15.Final]
	at io.netty.channel.nio.NioIoHandler.processSelectedKey(NioIoHandler.java:596) ~[netty-transport-4.2.15.Final.jar:4.2.15.Final]
	at io.netty.channel.nio.NioIoHandler.processSelectedKeysOptimized(NioIoHandler.java:571) ~[netty-transport-4.2.15.Final.jar:4.2.15.Final]
	at io.netty.channel.nio.NioIoHandler.processSelectedKeys(NioIoHandler.java:512) ~[netty-transport-4.2.15.Final.jar:4.2.15.Final]
	at io.netty.channel.nio.NioIoHandler.run(NioIoHandler.java:484) ~[netty-transport-4.2.15.Final.jar:4.2.15.Final]
	at io.netty.channel.SingleThreadIoEventLoop.runIo(SingleThreadIoEventLoop.java:225) ~[netty-transport-4.2.15.Final.jar:4.2.15.Final]
	at io.netty.channel.SingleThreadIoEventLoop.run(SingleThreadIoEventLoop.java:196) ~[netty-transport-4.2.15.Final.jar:4.2.15.Final]
	at io.netty.util.concurrent.SingleThreadEventExecutor$5.run(SingleThreadEventExecutor.java:1195) ~[netty-common-4.2.15.Final.jar:4.2.15.Final]
	at io.netty.util.internal.ThreadExecutorMap$2.run(ThreadExecutorMap.java:74) ~[netty-common-4.2.15.Final.jar:4.2.15.Final]
	at io.netty.util.concurrent.FastThreadLocalRunnable.run(FastThreadLocalRunnable.java:30) ~[netty-common-4.2.15.Final.jar:4.2.15.Final]
	at java.base/java.lang.Thread.run(Thread.java:840) ~[na:na]

16:49:34:211  INFO 27736 --- [warehouse] [SpringApplicationShutdownHook] o.s.boot.tomcat.GracefulShutdown         : Commencing graceful shutdown. Waiting for active requests to complete
16:49:34:283  INFO 27736 --- [warehouse] [tomcat-shutdown] o.s.boot.tomcat.GracefulShutdown         : Graceful shutdown complete
16:49:34:307  INFO 27736 --- [warehouse] [SpringApplicationShutdownHook] com.zaxxer.hikari.HikariDataSource       : HikariPool-1 - Shutdown initiated...
16:49:34:314  INFO 27736 --- [warehouse] [SpringApplicationShutdownHook] com.zaxxer.hikari.HikariDataSource       : HikariPool-1 - Shutdown completed.
16:49:43:664  INFO 34876 --- [warehouse] [main] com.zh.WarehouseApplication              : Starting WarehouseApplication using Java 17.0.16 with PID 34876 (E:\ideaProject\warehouse\target\classes started by 张乐宇 in E:\ideaProject\warehouse)
16:49:43:667 DEBUG 34876 --- [warehouse] [main] com.zh.WarehouseApplication              : Running with Spring Boot v4.1.0, Spring v7.0.8
16:49:43:667  INFO 34876 --- [warehouse] [main] com.zh.WarehouseApplication              : The following 1 profile is active: "local"
16:49:44:470  INFO 34876 --- [warehouse] [main] .s.d.r.c.RepositoryConfigurationDelegate : Multiple Spring Data modules found, entering strict repository configuration mode
16:49:44:473  INFO 34876 --- [warehouse] [main] .s.d.r.c.RepositoryConfigurationDelegate : Bootstrapping Spring Data JDBC repositories in DEFAULT mode.
16:49:44:503  INFO 34876 --- [warehouse] [main] .s.d.r.c.RepositoryConfigurationDelegate : Finished Spring Data repository scanning in 19 ms. Found 0 JDBC repository interfaces.
16:49:44:575  INFO 34876 --- [warehouse] [main] .s.d.r.c.RepositoryConfigurationDelegate : Multiple Spring Data modules found, entering strict repository configuration mode
16:49:44:577  INFO 34876 --- [warehouse] [main] .s.d.r.c.RepositoryConfigurationDelegate : Bootstrapping Spring Data Redis repositories in DEFAULT mode.
16:49:44:597  INFO 34876 --- [warehouse] [main] .s.d.r.c.RepositoryConfigurationDelegate : Finished Spring Data repository scanning in 5 ms. Found 0 Redis repository interfaces.
16:49:45:265  INFO 34876 --- [warehouse] [main] o.s.boot.tomcat.TomcatWebServer          : Tomcat initialized with port 8000 (http)
16:49:45:276  INFO 34876 --- [warehouse] [main] o.apache.catalina.core.StandardService   : Starting service [Tomcat]
16:49:45:276  INFO 34876 --- [warehouse] [main] o.apache.catalina.core.StandardEngine    : Starting Servlet engine: [Apache Tomcat/11.0.22]
16:49:45:317  INFO 34876 --- [warehouse] [main] b.w.c.s.WebApplicationContextInitializer : Root WebApplicationContext: initialization completed in 1605 ms
16:49:49:345  INFO 34876 --- [warehouse] [main] org.redisson.Version                     : Redisson 3.52.0
16:49:49:676  INFO 34876 --- [warehouse] [redisson-netty-4-5] o.redisson.connection.ConnectionsHolder  : 1 connections initialized for 192.168.100.128/192.168.100.128:6379
16:49:49:753  INFO 34876 --- [warehouse] [redisson-netty-4-19] o.redisson.connection.ConnectionsHolder  : 24 connections initialized for 192.168.100.128/192.168.100.128:6379
16:49:49:992  INFO 34876 --- [warehouse] [main] b.m.s.MybatisPlusApplicationContextAware : Register ApplicationContext instances org.springframework.boot.web.server.servlet.context.AnnotationConfigServletWebServerApplicationContext@4cc76301
16:49:50:045  INFO 34876 --- [warehouse] [main] com.zaxxer.hikari.HikariDataSource       : HikariPool-1 - Starting...
16:49:50:330  INFO 34876 --- [warehouse] [main] com.zaxxer.hikari.pool.HikariPool        : HikariPool-1 - Added connection com.mysql.cj.jdbc.ConnectionImpl@2823b7c5
16:49:50:331  INFO 34876 --- [warehouse] [main] com.zaxxer.hikari.HikariDataSource       : HikariPool-1 - Start completed.
16:49:50:481  INFO 34876 --- [warehouse] [main] o.s.boot.tomcat.TomcatWebServer          : Tomcat started on port 8000 (http) with context path '/'
16:49:50:486  INFO 34876 --- [warehouse] [main] com.zh.WarehouseApplication              : Started WarehouseApplication in 7.243 seconds (process running for 7.877)
16:49:54:015  INFO 34876 --- [warehouse] [http-nio-8000-exec-3] o.a.c.c.C.[Tomcat].[localhost].[/]       : Initializing Spring DispatcherServlet 'dispatcherServlet'
16:49:54:016  INFO 34876 --- [warehouse] [http-nio-8000-exec-3] o.s.web.servlet.DispatcherServlet        : Initializing Servlet 'dispatcherServlet'
16:49:54:026  INFO 34876 --- [warehouse] [http-nio-8000-exec-3] o.s.web.servlet.DispatcherServlet        : Completed initialization in 6 ms
16:49:54:816 DEBUG 34876 --- [warehouse] [http-nio-8000-exec-3] c.zh.mapper.UserMapper.selectWithCursor  : ==>  Preparing: SELECT id,username,password,display_name,role,created_at FROM user WHERE (username = ?)
16:49:54:921 DEBUG 34876 --- [warehouse] [http-nio-8000-exec-3] c.zh.mapper.UserMapper.selectWithCursor  : ==> Parameters: admin(String)
16:49:55:037 DEBUG 34876 --- [warehouse] [http-nio-8000-exec-3] c.zh.mapper.UserMapper.selectWithCursor  : <==      Total: 1
16:49:56:657 ERROR 34876 --- [warehouse] [http-nio-8000-exec-3] c.zh.common.config.WebExceptionAdvice    : org.springframework.data.redis.RedisConnectionFailureException: Unable to connect to Redis

org.springframework.data.redis.RedisConnectionFailureException: Unable to connect to Redis
	at org.springframework.data.redis.connection.lettuce.LettuceConnectionFactory$ExceptionTranslatingConnectionProvider.translateException(LettuceConnectionFactory.java:1873) ~[spring-data-redis-4.1.0.jar:4.1.0]
	at org.springframework.data.redis.connection.lettuce.LettuceConnectionFactory$ExceptionTranslatingConnectionProvider.getConnection(LettuceConnectionFactory.java:1804) ~[spring-data-redis-4.1.0.jar:4.1.0]
	at org.springframework.data.redis.connection.lettuce.LettuceConnectionFactory$SharedConnection.getNativeConnection(LettuceConnectionFactory.java:1601) ~[spring-data-redis-4.1.0.jar:4.1.0]
	at org.springframework.data.redis.connection.lettuce.LettuceConnectionFactory$SharedConnection.lambda$getConnection$0(LettuceConnectionFactory.java:1581) ~[spring-data-redis-4.1.0.jar:4.1.0]
	at org.springframework.data.redis.connection.lettuce.LettuceConnectionFactory.doInLock(LettuceConnectionFactory.java:1542) ~[spring-data-redis-4.1.0.jar:4.1.0]
	at org.springframework.data.redis.connection.lettuce.LettuceConnectionFactory$SharedConnection.getConnection(LettuceConnectionFactory.java:1578) ~[spring-data-redis-4.1.0.jar:4.1.0]
	at org.springframework.data.redis.connection.lettuce.LettuceConnectionFactory.getSharedConnection(LettuceConnectionFactory.java:1260) ~[spring-data-redis-4.1.0.jar:4.1.0]
	at org.springframework.data.redis.connection.lettuce.LettuceConnectionFactory.getConnection(LettuceConnectionFactory.java:1056) ~[spring-data-redis-4.1.0.jar:4.1.0]
	at org.springframework.data.redis.core.RedisConnectionUtils.fetchConnection(RedisConnectionUtils.java:195) ~[spring-data-redis-4.1.0.jar:4.1.0]
	at org.springframework.data.redis.core.RedisConnectionUtils.doGetConnection(RedisConnectionUtils.java:144) ~[spring-data-redis-4.1.0.jar:4.1.0]
	at org.springframework.data.redis.core.RedisConnectionUtils.getConnection(RedisConnectionUtils.java:105) ~[spring-data-redis-4.1.0.jar:4.1.0]
	at org.springframework.data.redis.core.RedisTemplate.execute(RedisTemplate.java:404) ~[spring-data-redis-4.1.0.jar:4.1.0]
	at org.springframework.data.redis.core.RedisTemplate.execute(RedisTemplate.java:384) ~[spring-data-redis-4.1.0.jar:4.1.0]
	at org.springframework.data.redis.core.AbstractOperations.execute(AbstractOperations.java:166) ~[spring-data-redis-4.1.0.jar:4.1.0]
	at org.springframework.data.redis.core.DefaultValueOperations.set(DefaultValueOperations.java:218) ~[spring-data-redis-4.1.0.jar:4.1.0]
	at org.springframework.data.redis.core.ValueOperations.set(ValueOperations.java:96) ~[spring-data-redis-4.1.0.jar:4.1.0]
	at com.zh.service.impl.UserServiceImpl.login(UserServiceImpl.java:59) ~[classes/:na]
	at java.base/jdk.internal.reflect.NativeMethodAccessorImpl.invoke0(Native Method) ~[na:na]
	at java.base/jdk.internal.reflect.NativeMethodAccessorImpl.invoke(NativeMethodAccessorImpl.java:77) ~[na:na]
	at java.base/jdk.internal.reflect.DelegatingMethodAccessorImpl.invoke(DelegatingMethodAccessorImpl.java:43) ~[na:na]
	at java.base/java.lang.reflect.Method.invoke(Method.java:569) ~[na:na]
	at org.springframework.aop.support.AopUtils.invokeJoinpointUsingReflection(AopUtils.java:359) ~[spring-aop-7.0.8.jar:7.0.8]
	at org.springframework.aop.framework.CglibAopProxy$DynamicAdvisedInterceptor.intercept(CglibAopProxy.java:715) ~[spring-aop-7.0.8.jar:7.0.8]
	at com.zh.service.impl.UserServiceImpl$$SpringCGLIB$$0.login(<generated>) ~[classes/:na]
	at com.zh.controller.UserController.login(UserController.java:41) ~[classes/:na]
	at java.base/jdk.internal.reflect.NativeMethodAccessorImpl.invoke0(Native Method) ~[na:na]
	at java.base/jdk.internal.reflect.NativeMethodAccessorImpl.invoke(NativeMethodAccessorImpl.java:77) ~[na:na]
	at java.base/jdk.internal.reflect.DelegatingMethodAccessorImpl.invoke(DelegatingMethodAccessorImpl.java:43) ~[na:na]
	at java.base/java.lang.reflect.Method.invoke(Method.java:569) ~[na:na]
	at org.springframework.web.method.support.InvocableHandlerMethod.doInvoke(InvocableHandlerMethod.java:252) ~[spring-web-7.0.8.jar:7.0.8]
	at org.springframework.web.method.support.InvocableHandlerMethod.invokeForRequest(InvocableHandlerMethod.java:184) ~[spring-web-7.0.8.jar:7.0.8]
	at org.springframework.web.servlet.mvc.method.annotation.ServletInvocableHandlerMethod.invokeAndHandle(ServletInvocableHandlerMethod.java:117) ~[spring-webmvc-7.0.8.jar:7.0.8]
	at org.springframework.web.servlet.mvc.method.annotation.RequestMappingHandlerAdapter.invokeHandlerMethod(RequestMappingHandlerAdapter.java:934) ~[spring-webmvc-7.0.8.jar:7.0.8]
	at org.springframework.web.servlet.mvc.method.annotation.RequestMappingHandlerAdapter.handleInternal(RequestMappingHandlerAdapter.java:853) ~[spring-webmvc-7.0.8.jar:7.0.8]
	at org.springframework.web.servlet.mvc.method.AbstractHandlerMethodAdapter.handle(AbstractHandlerMethodAdapter.java:86) ~[spring-webmvc-7.0.8.jar:7.0.8]
	at org.springframework.web.servlet.DispatcherServlet.doDispatch(DispatcherServlet.java:963) ~[spring-webmvc-7.0.8.jar:7.0.8]
	at org.springframework.web.servlet.DispatcherServlet.doService(DispatcherServlet.java:866) ~[spring-webmvc-7.0.8.jar:7.0.8]
	at org.springframework.web.servlet.FrameworkServlet.processRequest(FrameworkServlet.java:1000) ~[spring-webmvc-7.0.8.jar:7.0.8]
	at org.springframework.web.servlet.FrameworkServlet.doPost(FrameworkServlet.java:903) ~[spring-webmvc-7.0.8.jar:7.0.8]
	at jakarta.servlet.http.HttpServlet.service(HttpServlet.java:649) ~[tomcat-embed-core-11.0.22.jar:6.1]
	at org.springframework.web.servlet.FrameworkServlet.service(FrameworkServlet.java:874) ~[spring-webmvc-7.0.8.jar:7.0.8]
	at jakarta.servlet.http.HttpServlet.service(HttpServlet.java:710) ~[tomcat-embed-core-11.0.22.jar:6.1]
	at org.apache.catalina.core.ApplicationFilterChain.doFilter(ApplicationFilterChain.java:128) ~[tomcat-embed-core-11.0.22.jar:11.0.22]
	at org.apache.tomcat.websocket.server.WsFilter.doFilter(WsFilter.java:53) ~[tomcat-embed-websocket-11.0.22.jar:11.0.22]
	at org.apache.catalina.core.ApplicationFilterChain.doFilter(ApplicationFilterChain.java:107) ~[tomcat-embed-core-11.0.22.jar:11.0.22]
	at org.springframework.web.filter.RequestContextFilter.doFilterInternal(RequestContextFilter.java:100) ~[spring-web-7.0.8.jar:7.0.8]
	at org.springframework.web.filter.OncePerRequestFilter.doFilter(OncePerRequestFilter.java:116) ~[spring-web-7.0.8.jar:7.0.8]
	at org.apache.catalina.core.ApplicationFilterChain.doFilter(ApplicationFilterChain.java:107) ~[tomcat-embed-core-11.0.22.jar:11.0.22]
	at org.springframework.web.filter.FormContentFilter.doFilterInternal(FormContentFilter.java:93) ~[spring-web-7.0.8.jar:7.0.8]
	at org.springframework.web.filter.OncePerRequestFilter.doFilter(OncePerRequestFilter.java:116) ~[spring-web-7.0.8.jar:7.0.8]
	at org.apache.catalina.core.ApplicationFilterChain.doFilter(ApplicationFilterChain.java:107) ~[tomcat-embed-core-11.0.22.jar:11.0.22]
	at org.springframework.web.filter.CharacterEncodingFilter.doFilterInternal(CharacterEncodingFilter.java:199) ~[spring-web-7.0.8.jar:7.0.8]
	at org.springframework.web.filter.OncePerRequestFilter.doFilter(OncePerRequestFilter.java:116) ~[spring-web-7.0.8.jar:7.0.8]
	at org.apache.catalina.core.ApplicationFilterChain.doFilter(ApplicationFilterChain.java:107) ~[tomcat-embed-core-11.0.22.jar:11.0.22]
	at org.apache.catalina.core.StandardWrapperValve.invoke(StandardWrapperValve.java:165) ~[tomcat-embed-core-11.0.22.jar:11.0.22]
	at org.apache.catalina.core.StandardContextValve.invoke(StandardContextValve.java:77) ~[tomcat-embed-core-11.0.22.jar:11.0.22]
	at org.apache.catalina.authenticator.AuthenticatorBase.invoke(AuthenticatorBase.java:492) ~[tomcat-embed-core-11.0.22.jar:11.0.22]
	at org.apache.catalina.core.StandardHostValve.invoke(StandardHostValve.java:113) ~[tomcat-embed-core-11.0.22.jar:11.0.22]
	at org.apache.catalina.valves.ErrorReportValve.invoke(ErrorReportValve.java:83) ~[tomcat-embed-core-11.0.22.jar:11.0.22]
	at org.apache.catalina.core.StandardEngineValve.invoke(StandardEngineValve.java:72) ~[tomcat-embed-core-11.0.22.jar:11.0.22]
	at org.apache.catalina.connector.CoyoteAdapter.service(CoyoteAdapter.java:341) ~[tomcat-embed-core-11.0.22.jar:11.0.22]
	at org.apache.coyote.http11.Http11Processor.service(Http11Processor.java:397) ~[tomcat-embed-core-11.0.22.jar:11.0.22]
	at org.apache.coyote.AbstractProcessorLight.process(AbstractProcessorLight.java:63) ~[tomcat-embed-core-11.0.22.jar:11.0.22]
	at org.apache.coyote.AbstractProtocol$ConnectionHandler.process(AbstractProtocol.java:1272) ~[tomcat-embed-core-11.0.22.jar:11.0.22]
	at org.apache.tomcat.util.net.NioEndpoint$SocketProcessor.doRun(NioEndpoint.java:1801) ~[tomcat-embed-core-11.0.22.jar:11.0.22]
	at org.apache.tomcat.util.net.SocketProcessorBase.run(SocketProcessorBase.java:52) ~[tomcat-embed-core-11.0.22.jar:11.0.22]
	at org.apache.tomcat.util.threads.ThreadPoolExecutor.runWorker(ThreadPoolExecutor.java:946) ~[tomcat-embed-core-11.0.22.jar:11.0.22]
	at org.apache.tomcat.util.threads.ThreadPoolExecutor$Worker.run(ThreadPoolExecutor.java:480) ~[tomcat-embed-core-11.0.22.jar:11.0.22]
	at org.apache.tomcat.util.threads.TaskThread$WrappingRunnable.run(TaskThread.java:57) ~[tomcat-embed-core-11.0.22.jar:11.0.22]
	at java.base/java.lang.Thread.run(Thread.java:840) ~[na:na]
Caused by: org.springframework.data.redis.connection.PoolException: Could not get a resource from the pool
	at org.springframework.data.redis.connection.lettuce.LettucePoolingConnectionProvider.getConnection(LettucePoolingConnectionProvider.java:118) ~[spring-data-redis-4.1.0.jar:4.1.0]
	at org.springframework.data.redis.connection.lettuce.LettuceConnectionFactory$ExceptionTranslatingConnectionProvider.getConnection(LettuceConnectionFactory.java:1802) ~[spring-data-redis-4.1.0.jar:4.1.0]
	... 68 common frames omitted
Caused by: io.lettuce.core.RedisConnectionException: Unable to connect to localhost/<unresolved>:6379
	at io.lettuce.core.RedisConnectionException.create(RedisConnectionException.java:63) ~[lettuce-core-7.5.2.RELEASE.jar:7.5.2.RELEASE/5728917]
	at io.lettuce.core.RedisConnectionException.create(RedisConnectionException.java:41) ~[lettuce-core-7.5.2.RELEASE.jar:7.5.2.RELEASE/5728917]
	at io.lettuce.core.AbstractRedisClient.getConnection(AbstractRedisClient.java:315) ~[lettuce-core-7.5.2.RELEASE.jar:7.5.2.RELEASE/5728917]
	at io.lettuce.core.RedisClient.connect(RedisClient.java:220) ~[lettuce-core-7.5.2.RELEASE.jar:7.5.2.RELEASE/5728917]
	at org.springframework.data.redis.connection.lettuce.StandaloneConnectionProvider.lambda$getConnection$1(StandaloneConnectionProvider.java:113) ~[spring-data-redis-4.1.0.jar:4.1.0]
	at java.base/java.util.Optional.orElseGet(Optional.java:364) ~[na:na]
	at org.springframework.data.redis.connection.lettuce.StandaloneConnectionProvider.getConnection(StandaloneConnectionProvider.java:113) ~[spring-data-redis-4.1.0.jar:4.1.0]
	at org.springframework.data.redis.connection.lettuce.LettucePoolingConnectionProvider.lambda$getConnection$1(LettucePoolingConnectionProvider.java:100) ~[spring-data-redis-4.1.0.jar:4.1.0]
	at io.lettuce.core.support.ConnectionPoolSupport$RedisPooledObjectFactory.create(ConnectionPoolSupport.java:273) ~[lettuce-core-7.5.2.RELEASE.jar:7.5.2.RELEASE/5728917]
	at io.lettuce.core.support.ConnectionPoolSupport$RedisPooledObjectFactory.create(ConnectionPoolSupport.java:260) ~[lettuce-core-7.5.2.RELEASE.jar:7.5.2.RELEASE/5728917]
	at org.apache.commons.pool2.BasePooledObjectFactory.makeObject(BasePooledObjectFactory.java:75) ~[commons-pool2-2.13.1.jar:2.13.1]
	at org.apache.commons.pool2.impl.GenericObjectPool.create(GenericObjectPool.java:555) ~[commons-pool2-2.13.1.jar:2.13.1]
	at org.apache.commons.pool2.impl.GenericObjectPool.borrowObject(GenericObjectPool.java:300) ~[commons-pool2-2.13.1.jar:2.13.1]
	at io.lettuce.core.support.ConnectionPoolSupport$1.borrowObject(ConnectionPoolSupport.java:152) ~[lettuce-core-7.5.2.RELEASE.jar:7.5.2.RELEASE/5728917]
	at io.lettuce.core.support.ConnectionPoolSupport$1.borrowObject(ConnectionPoolSupport.java:146) ~[lettuce-core-7.5.2.RELEASE.jar:7.5.2.RELEASE/5728917]
	at org.apache.commons.pool2.impl.GenericObjectPool.borrowObject(GenericObjectPool.java:231) ~[commons-pool2-2.13.1.jar:2.13.1]
	at org.springframework.data.redis.connection.lettuce.LettucePoolingConnectionProvider.getConnection(LettucePoolingConnectionProvider.java:113) ~[spring-data-redis-4.1.0.jar:4.1.0]
	... 69 common frames omitted
Caused by: io.netty.channel.AbstractChannel$AnnotatedConnectException: Connection refused: getsockopt: localhost/127.0.0.1:6379
Caused by: java.net.ConnectException: Connection refused: getsockopt
	at java.base/sun.nio.ch.Net.pollConnect(Native Method) ~[na:na]
	at java.base/sun.nio.ch.Net.pollConnectNow(Net.java:672) ~[na:na]
	at java.base/sun.nio.ch.SocketChannelImpl.finishConnect(SocketChannelImpl.java:946) ~[na:na]
	at io.netty.channel.socket.nio.NioSocketChannel.doFinishConnect(NioSocketChannel.java:330) ~[netty-transport-4.2.15.Final.jar:4.2.15.Final]
	at io.netty.channel.nio.AbstractNioChannel$AbstractNioUnsafe.finishConnect(AbstractNioChannel.java:384) ~[netty-transport-4.2.15.Final.jar:4.2.15.Final]
	at io.netty.channel.nio.AbstractNioChannel$AbstractNioUnsafe.handle(AbstractNioChannel.java:432) ~[netty-transport-4.2.15.Final.jar:4.2.15.Final]
	at io.netty.channel.nio.NioIoHandler$DefaultNioRegistration.handle(NioIoHandler.java:388) ~[netty-transport-4.2.15.Final.jar:4.2.15.Final]
	at io.netty.channel.nio.NioIoHandler.processSelectedKey(NioIoHandler.java:596) ~[netty-transport-4.2.15.Final.jar:4.2.15.Final]
	at io.netty.channel.nio.NioIoHandler.processSelectedKeysOptimized(NioIoHandler.java:571) ~[netty-transport-4.2.15.Final.jar:4.2.15.Final]
	at io.netty.channel.nio.NioIoHandler.processSelectedKeys(NioIoHandler.java:512) ~[netty-transport-4.2.15.Final.jar:4.2.15.Final]
	at io.netty.channel.nio.NioIoHandler.run(NioIoHandler.java:484) ~[netty-transport-4.2.15.Final.jar:4.2.15.Final]
	at io.netty.channel.SingleThreadIoEventLoop.runIo(SingleThreadIoEventLoop.java:225) ~[netty-transport-4.2.15.Final.jar:4.2.15.Final]
	at io.netty.channel.SingleThreadIoEventLoop.run(SingleThreadIoEventLoop.java:196) ~[netty-transport-4.2.15.Final.jar:4.2.15.Final]
	at io.netty.util.concurrent.SingleThreadEventExecutor$5.run(SingleThreadEventExecutor.java:1195) ~[netty-common-4.2.15.Final.jar:4.2.15.Final]
	at io.netty.util.internal.ThreadExecutorMap$2.run(ThreadExecutorMap.java:74) ~[netty-common-4.2.15.Final.jar:4.2.15.Final]
	at io.netty.util.concurrent.FastThreadLocalRunnable.run(FastThreadLocalRunnable.java:30) ~[netty-common-4.2.15.Final.jar:4.2.15.Final]
	at java.base/java.lang.Thread.run(Thread.java:840) ~[na:na]

16:50:05:795 DEBUG 34876 --- [warehouse] [http-nio-8000-exec-6] c.zh.mapper.UserMapper.selectWithCursor  : ==>  Preparing: SELECT id,username,password,display_name,role,created_at FROM user WHERE (username = ?)
16:50:05:797 DEBUG 34876 --- [warehouse] [http-nio-8000-exec-6] c.zh.mapper.UserMapper.selectWithCursor  : ==> Parameters: admin(String)
16:50:05:801 DEBUG 34876 --- [warehouse] [http-nio-8000-exec-6] c.zh.mapper.UserMapper.selectWithCursor  : <==      Total: 1
16:50:05:855 ERROR 34876 --- [warehouse] [http-nio-8000-exec-6] c.zh.common.config.WebExceptionAdvice    : org.springframework.data.redis.RedisConnectionFailureException: Unable to connect to Redis

org.springframework.data.redis.RedisConnectionFailureException: Unable to connect to Redis
	at org.springframework.data.redis.connection.lettuce.LettuceConnectionFactory$ExceptionTranslatingConnectionProvider.translateException(LettuceConnectionFactory.java:1873) ~[spring-data-redis-4.1.0.jar:4.1.0]
	at org.springframework.data.redis.connection.lettuce.LettuceConnectionFactory$ExceptionTranslatingConnectionProvider.getConnection(LettuceConnectionFactory.java:1804) ~[spring-data-redis-4.1.0.jar:4.1.0]
	at org.springframework.data.redis.connection.lettuce.LettuceConnectionFactory$SharedConnection.getNativeConnection(LettuceConnectionFactory.java:1601) ~[spring-data-redis-4.1.0.jar:4.1.0]
	at org.springframework.data.redis.connection.lettuce.LettuceConnectionFactory$SharedConnection.lambda$getConnection$0(LettuceConnectionFactory.java:1581) ~[spring-data-redis-4.1.0.jar:4.1.0]
	at org.springframework.data.redis.connection.lettuce.LettuceConnectionFactory.doInLock(LettuceConnectionFactory.java:1542) ~[spring-data-redis-4.1.0.jar:4.1.0]
	at org.springframework.data.redis.connection.lettuce.LettuceConnectionFactory$SharedConnection.getConnection(LettuceConnectionFactory.java:1578) ~[spring-data-redis-4.1.0.jar:4.1.0]
	at org.springframework.data.redis.connection.lettuce.LettuceConnectionFactory.getSharedConnection(LettuceConnectionFactory.java:1260) ~[spring-data-redis-4.1.0.jar:4.1.0]
	at org.springframework.data.redis.connection.lettuce.LettuceConnectionFactory.getConnection(LettuceConnectionFactory.java:1056) ~[spring-data-redis-4.1.0.jar:4.1.0]
	at org.springframework.data.redis.core.RedisConnectionUtils.fetchConnection(RedisConnectionUtils.java:195) ~[spring-data-redis-4.1.0.jar:4.1.0]
	at org.springframework.data.redis.core.RedisConnectionUtils.doGetConnection(RedisConnectionUtils.java:144) ~[spring-data-redis-4.1.0.jar:4.1.0]
	at org.springframework.data.redis.core.RedisConnectionUtils.getConnection(RedisConnectionUtils.java:105) ~[spring-data-redis-4.1.0.jar:4.1.0]
	at org.springframework.data.redis.core.RedisTemplate.execute(RedisTemplate.java:404) ~[spring-data-redis-4.1.0.jar:4.1.0]
	at org.springframework.data.redis.core.RedisTemplate.execute(RedisTemplate.java:384) ~[spring-data-redis-4.1.0.jar:4.1.0]
	at org.springframework.data.redis.core.AbstractOperations.execute(AbstractOperations.java:166) ~[spring-data-redis-4.1.0.jar:4.1.0]
	at org.springframework.data.redis.core.DefaultValueOperations.set(DefaultValueOperations.java:218) ~[spring-data-redis-4.1.0.jar:4.1.0]
	at org.springframework.data.redis.core.ValueOperations.set(ValueOperations.java:96) ~[spring-data-redis-4.1.0.jar:4.1.0]
	at com.zh.service.impl.UserServiceImpl.login(UserServiceImpl.java:59) ~[classes/:na]
	at java.base/jdk.internal.reflect.NativeMethodAccessorImpl.invoke0(Native Method) ~[na:na]
	at java.base/jdk.internal.reflect.NativeMethodAccessorImpl.invoke(NativeMethodAccessorImpl.java:77) ~[na:na]
	at java.base/jdk.internal.reflect.DelegatingMethodAccessorImpl.invoke(DelegatingMethodAccessorImpl.java:43) ~[na:na]
	at java.base/java.lang.reflect.Method.invoke(Method.java:569) ~[na:na]
	at org.springframework.aop.support.AopUtils.invokeJoinpointUsingReflection(AopUtils.java:359) ~[spring-aop-7.0.8.jar:7.0.8]
	at org.springframework.aop.framework.CglibAopProxy$DynamicAdvisedInterceptor.intercept(CglibAopProxy.java:715) ~[spring-aop-7.0.8.jar:7.0.8]
	at com.zh.service.impl.UserServiceImpl$$SpringCGLIB$$0.login(<generated>) ~[classes/:na]
	at com.zh.controller.UserController.login(UserController.java:41) ~[classes/:na]
	at java.base/jdk.internal.reflect.NativeMethodAccessorImpl.invoke0(Native Method) ~[na:na]
	at java.base/jdk.internal.reflect.NativeMethodAccessorImpl.invoke(NativeMethodAccessorImpl.java:77) ~[na:na]
	at java.base/jdk.internal.reflect.DelegatingMethodAccessorImpl.invoke(DelegatingMethodAccessorImpl.java:43) ~[na:na]
	at java.base/java.lang.reflect.Method.invoke(Method.java:569) ~[na:na]
	at org.springframework.web.method.support.InvocableHandlerMethod.doInvoke(InvocableHandlerMethod.java:252) ~[spring-web-7.0.8.jar:7.0.8]
	at org.springframework.web.method.support.InvocableHandlerMethod.invokeForRequest(InvocableHandlerMethod.java:184) ~[spring-web-7.0.8.jar:7.0.8]
	at org.springframework.web.servlet.mvc.method.annotation.ServletInvocableHandlerMethod.invokeAndHandle(ServletInvocableHandlerMethod.java:117) ~[spring-webmvc-7.0.8.jar:7.0.8]
	at org.springframework.web.servlet.mvc.method.annotation.RequestMappingHandlerAdapter.invokeHandlerMethod(RequestMappingHandlerAdapter.java:934) ~[spring-webmvc-7.0.8.jar:7.0.8]
	at org.springframework.web.servlet.mvc.method.annotation.RequestMappingHandlerAdapter.handleInternal(RequestMappingHandlerAdapter.java:853) ~[spring-webmvc-7.0.8.jar:7.0.8]
	at org.springframework.web.servlet.mvc.method.AbstractHandlerMethodAdapter.handle(AbstractHandlerMethodAdapter.java:86) ~[spring-webmvc-7.0.8.jar:7.0.8]
	at org.springframework.web.servlet.DispatcherServlet.doDispatch(DispatcherServlet.java:963) ~[spring-webmvc-7.0.8.jar:7.0.8]
	at org.springframework.web.servlet.DispatcherServlet.doService(DispatcherServlet.java:866) ~[spring-webmvc-7.0.8.jar:7.0.8]
	at org.springframework.web.servlet.FrameworkServlet.processRequest(FrameworkServlet.java:1000) ~[spring-webmvc-7.0.8.jar:7.0.8]
	at org.springframework.web.servlet.FrameworkServlet.doPost(FrameworkServlet.java:903) ~[spring-webmvc-7.0.8.jar:7.0.8]
	at jakarta.servlet.http.HttpServlet.service(HttpServlet.java:649) ~[tomcat-embed-core-11.0.22.jar:6.1]
	at org.springframework.web.servlet.FrameworkServlet.service(FrameworkServlet.java:874) ~[spring-webmvc-7.0.8.jar:7.0.8]
	at jakarta.servlet.http.HttpServlet.service(HttpServlet.java:710) ~[tomcat-embed-core-11.0.22.jar:6.1]
	at org.apache.catalina.core.ApplicationFilterChain.doFilter(ApplicationFilterChain.java:128) ~[tomcat-embed-core-11.0.22.jar:11.0.22]
	at org.apache.tomcat.websocket.server.WsFilter.doFilter(WsFilter.java:53) ~[tomcat-embed-websocket-11.0.22.jar:11.0.22]
	at org.apache.catalina.core.ApplicationFilterChain.doFilter(ApplicationFilterChain.java:107) ~[tomcat-embed-core-11.0.22.jar:11.0.22]
	at org.springframework.web.filter.RequestContextFilter.doFilterInternal(RequestContextFilter.java:100) ~[spring-web-7.0.8.jar:7.0.8]
	at org.springframework.web.filter.OncePerRequestFilter.doFilter(OncePerRequestFilter.java:116) ~[spring-web-7.0.8.jar:7.0.8]
	at org.apache.catalina.core.ApplicationFilterChain.doFilter(ApplicationFilterChain.java:107) ~[tomcat-embed-core-11.0.22.jar:11.0.22]
	at org.springframework.web.filter.FormContentFilter.doFilterInternal(FormContentFilter.java:93) ~[spring-web-7.0.8.jar:7.0.8]
	at org.springframework.web.filter.OncePerRequestFilter.doFilter(OncePerRequestFilter.java:116) ~[spring-web-7.0.8.jar:7.0.8]
	at org.apache.catalina.core.ApplicationFilterChain.doFilter(ApplicationFilterChain.java:107) ~[tomcat-embed-core-11.0.22.jar:11.0.22]
	at org.springframework.web.filter.CharacterEncodingFilter.doFilterInternal(CharacterEncodingFilter.java:199) ~[spring-web-7.0.8.jar:7.0.8]
	at org.springframework.web.filter.OncePerRequestFilter.doFilter(OncePerRequestFilter.java:116) ~[spring-web-7.0.8.jar:7.0.8]
	at org.apache.catalina.core.ApplicationFilterChain.doFilter(ApplicationFilterChain.java:107) ~[tomcat-embed-core-11.0.22.jar:11.0.22]
	at org.apache.catalina.core.StandardWrapperValve.invoke(StandardWrapperValve.java:165) ~[tomcat-embed-core-11.0.22.jar:11.0.22]
	at org.apache.catalina.core.StandardContextValve.invoke(StandardContextValve.java:77) ~[tomcat-embed-core-11.0.22.jar:11.0.22]
	at org.apache.catalina.authenticator.AuthenticatorBase.invoke(AuthenticatorBase.java:492) ~[tomcat-embed-core-11.0.22.jar:11.0.22]
	at org.apache.catalina.core.StandardHostValve.invoke(StandardHostValve.java:113) ~[tomcat-embed-core-11.0.22.jar:11.0.22]
	at org.apache.catalina.valves.ErrorReportValve.invoke(ErrorReportValve.java:83) ~[tomcat-embed-core-11.0.22.jar:11.0.22]
	at org.apache.catalina.core.StandardEngineValve.invoke(StandardEngineValve.java:72) ~[tomcat-embed-core-11.0.22.jar:11.0.22]
	at org.apache.catalina.connector.CoyoteAdapter.service(CoyoteAdapter.java:341) ~[tomcat-embed-core-11.0.22.jar:11.0.22]
	at org.apache.coyote.http11.Http11Processor.service(Http11Processor.java:397) ~[tomcat-embed-core-11.0.22.jar:11.0.22]
	at org.apache.coyote.AbstractProcessorLight.process(AbstractProcessorLight.java:63) ~[tomcat-embed-core-11.0.22.jar:11.0.22]
	at org.apache.coyote.AbstractProtocol$ConnectionHandler.process(AbstractProtocol.java:1272) ~[tomcat-embed-core-11.0.22.jar:11.0.22]
	at org.apache.tomcat.util.net.NioEndpoint$SocketProcessor.doRun(NioEndpoint.java:1801) ~[tomcat-embed-core-11.0.22.jar:11.0.22]
	at org.apache.tomcat.util.net.SocketProcessorBase.run(SocketProcessorBase.java:52) ~[tomcat-embed-core-11.0.22.jar:11.0.22]
	at org.apache.tomcat.util.threads.ThreadPoolExecutor.runWorker(ThreadPoolExecutor.java:946) ~[tomcat-embed-core-11.0.22.jar:11.0.22]
	at org.apache.tomcat.util.threads.ThreadPoolExecutor$Worker.run(ThreadPoolExecutor.java:480) ~[tomcat-embed-core-11.0.22.jar:11.0.22]
	at org.apache.tomcat.util.threads.TaskThread$WrappingRunnable.run(TaskThread.java:57) ~[tomcat-embed-core-11.0.22.jar:11.0.22]
	at java.base/java.lang.Thread.run(Thread.java:840) ~[na:na]
Caused by: org.springframework.data.redis.connection.PoolException: Could not get a resource from the pool
	at org.springframework.data.redis.connection.lettuce.LettucePoolingConnectionProvider.getConnection(LettucePoolingConnectionProvider.java:118) ~[spring-data-redis-4.1.0.jar:4.1.0]
	at org.springframework.data.redis.connection.lettuce.LettuceConnectionFactory$ExceptionTranslatingConnectionProvider.getConnection(LettuceConnectionFactory.java:1802) ~[spring-data-redis-4.1.0.jar:4.1.0]
	... 68 common frames omitted
Caused by: io.lettuce.core.RedisConnectionException: Unable to connect to localhost/<unresolved>:6379
	at io.lettuce.core.RedisConnectionException.create(RedisConnectionException.java:63) ~[lettuce-core-7.5.2.RELEASE.jar:7.5.2.RELEASE/5728917]
	at io.lettuce.core.RedisConnectionException.create(RedisConnectionException.java:41) ~[lettuce-core-7.5.2.RELEASE.jar:7.5.2.RELEASE/5728917]
	at io.lettuce.core.AbstractRedisClient.getConnection(AbstractRedisClient.java:315) ~[lettuce-core-7.5.2.RELEASE.jar:7.5.2.RELEASE/5728917]
	at io.lettuce.core.RedisClient.connect(RedisClient.java:220) ~[lettuce-core-7.5.2.RELEASE.jar:7.5.2.RELEASE/5728917]
	at org.springframework.data.redis.connection.lettuce.StandaloneConnectionProvider.lambda$getConnection$1(StandaloneConnectionProvider.java:113) ~[spring-data-redis-4.1.0.jar:4.1.0]
	at java.base/java.util.Optional.orElseGet(Optional.java:364) ~[na:na]
	at org.springframework.data.redis.connection.lettuce.StandaloneConnectionProvider.getConnection(StandaloneConnectionProvider.java:113) ~[spring-data-redis-4.1.0.jar:4.1.0]
	at org.springframework.data.redis.connection.lettuce.LettucePoolingConnectionProvider.lambda$getConnection$1(LettucePoolingConnectionProvider.java:100) ~[spring-data-redis-4.1.0.jar:4.1.0]
	at io.lettuce.core.support.ConnectionPoolSupport$RedisPooledObjectFactory.create(ConnectionPoolSupport.java:273) ~[lettuce-core-7.5.2.RELEASE.jar:7.5.2.RELEASE/5728917]
	at io.lettuce.core.support.ConnectionPoolSupport$RedisPooledObjectFactory.create(ConnectionPoolSupport.java:260) ~[lettuce-core-7.5.2.RELEASE.jar:7.5.2.RELEASE/5728917]
	at org.apache.commons.pool2.BasePooledObjectFactory.makeObject(BasePooledObjectFactory.java:75) ~[commons-pool2-2.13.1.jar:2.13.1]
	at org.apache.commons.pool2.impl.GenericObjectPool.create(GenericObjectPool.java:555) ~[commons-pool2-2.13.1.jar:2.13.1]
	at org.apache.commons.pool2.impl.GenericObjectPool.borrowObject(GenericObjectPool.java:300) ~[commons-pool2-2.13.1.jar:2.13.1]
	at io.lettuce.core.support.ConnectionPoolSupport$1.borrowObject(ConnectionPoolSupport.java:152) ~[lettuce-core-7.5.2.RELEASE.jar:7.5.2.RELEASE/5728917]
	at io.lettuce.core.support.ConnectionPoolSupport$1.borrowObject(ConnectionPoolSupport.java:146) ~[lettuce-core-7.5.2.RELEASE.jar:7.5.2.RELEASE/5728917]
	at org.apache.commons.pool2.impl.GenericObjectPool.borrowObject(GenericObjectPool.java:231) ~[commons-pool2-2.13.1.jar:2.13.1]
	at org.springframework.data.redis.connection.lettuce.LettucePoolingConnectionProvider.getConnection(LettucePoolingConnectionProvider.java:113) ~[spring-data-redis-4.1.0.jar:4.1.0]
	... 69 common frames omitted
Caused by: io.netty.channel.AbstractChannel$AnnotatedConnectException: Connection refused: getsockopt: localhost/127.0.0.1:6379
Caused by: java.net.ConnectException: Connection refused: getsockopt
	at java.base/sun.nio.ch.Net.pollConnect(Native Method) ~[na:na]
	at java.base/sun.nio.ch.Net.pollConnectNow(Net.java:672) ~[na:na]
	at java.base/sun.nio.ch.SocketChannelImpl.finishConnect(SocketChannelImpl.java:946) ~[na:na]
	at io.netty.channel.socket.nio.NioSocketChannel.doFinishConnect(NioSocketChannel.java:330) ~[netty-transport-4.2.15.Final.jar:4.2.15.Final]
	at io.netty.channel.nio.AbstractNioChannel$AbstractNioUnsafe.finishConnect(AbstractNioChannel.java:384) ~[netty-transport-4.2.15.Final.jar:4.2.15.Final]
	at io.netty.channel.nio.AbstractNioChannel$AbstractNioUnsafe.handle(AbstractNioChannel.java:432) ~[netty-transport-4.2.15.Final.jar:4.2.15.Final]
	at io.netty.channel.nio.NioIoHandler$DefaultNioRegistration.handle(NioIoHandler.java:388) ~[netty-transport-4.2.15.Final.jar:4.2.15.Final]
	at io.netty.channel.nio.NioIoHandler.processSelectedKey(NioIoHandler.java:596) ~[netty-transport-4.2.15.Final.jar:4.2.15.Final]
	at io.netty.channel.nio.NioIoHandler.processSelectedKeysOptimized(NioIoHandler.java:571) ~[netty-transport-4.2.15.Final.jar:4.2.15.Final]
	at io.netty.channel.nio.NioIoHandler.processSelectedKeys(NioIoHandler.java:512) ~[netty-transport-4.2.15.Final.jar:4.2.15.Final]
	at io.netty.channel.nio.NioIoHandler.run(NioIoHandler.java:484) ~[netty-transport-4.2.15.Final.jar:4.2.15.Final]
	at io.netty.channel.SingleThreadIoEventLoop.runIo(SingleThreadIoEventLoop.java:225) ~[netty-transport-4.2.15.Final.jar:4.2.15.Final]
	at io.netty.channel.SingleThreadIoEventLoop.run(SingleThreadIoEventLoop.java:196) ~[netty-transport-4.2.15.Final.jar:4.2.15.Final]
	at io.netty.util.concurrent.SingleThreadEventExecutor$5.run(SingleThreadEventExecutor.java:1195) ~[netty-common-4.2.15.Final.jar:4.2.15.Final]
	at io.netty.util.internal.ThreadExecutorMap$2.run(ThreadExecutorMap.java:74) ~[netty-common-4.2.15.Final.jar:4.2.15.Final]
	at io.netty.util.concurrent.FastThreadLocalRunnable.run(FastThreadLocalRunnable.java:30) ~[netty-common-4.2.15.Final.jar:4.2.15.Final]
	at java.base/java.lang.Thread.run(Thread.java:840) ~[na:na]

16:53:15:311  INFO 34876 --- [warehouse] [SpringApplicationShutdownHook] o.s.boot.tomcat.GracefulShutdown         : Commencing graceful shutdown. Waiting for active requests to complete
16:53:15:399  INFO 34876 --- [warehouse] [tomcat-shutdown] o.s.boot.tomcat.GracefulShutdown         : Graceful shutdown complete
16:53:15:422  INFO 34876 --- [warehouse] [SpringApplicationShutdownHook] com.zaxxer.hikari.HikariDataSource       : HikariPool-1 - Shutdown initiated...
16:53:15:428  INFO 34876 --- [warehouse] [SpringApplicationShutdownHook] com.zaxxer.hikari.HikariDataSource       : HikariPool-1 - Shutdown completed.
16:53:17:685  INFO 21172 --- [warehouse] [main] com.zh.WarehouseApplication              : Starting WarehouseApplication using Java 17.0.16 with PID 21172 (E:\ideaProject\warehouse\target\classes started by 张乐宇 in E:\ideaProject\warehouse)
16:53:17:687 DEBUG 21172 --- [warehouse] [main] com.zh.WarehouseApplication              : Running with Spring Boot v4.1.0, Spring v7.0.8
16:53:17:687  INFO 21172 --- [warehouse] [main] com.zh.WarehouseApplication              : The following 1 profile is active: "local"
16:53:18:195  INFO 21172 --- [warehouse] [main] .s.d.r.c.RepositoryConfigurationDelegate : Multiple Spring Data modules found, entering strict repository configuration mode
16:53:18:196  INFO 21172 --- [warehouse] [main] .s.d.r.c.RepositoryConfigurationDelegate : Bootstrapping Spring Data JDBC repositories in DEFAULT mode.
16:53:18:212  INFO 21172 --- [warehouse] [main] .s.d.r.c.RepositoryConfigurationDelegate : Finished Spring Data repository scanning in 11 ms. Found 0 JDBC repository interfaces.
16:53:18:243  INFO 21172 --- [warehouse] [main] .s.d.r.c.RepositoryConfigurationDelegate : Multiple Spring Data modules found, entering strict repository configuration mode
16:53:18:244  INFO 21172 --- [warehouse] [main] .s.d.r.c.RepositoryConfigurationDelegate : Bootstrapping Spring Data Redis repositories in DEFAULT mode.
16:53:18:253  INFO 21172 --- [warehouse] [main] .s.d.r.c.RepositoryConfigurationDelegate : Finished Spring Data repository scanning in 4 ms. Found 0 Redis repository interfaces.
16:53:18:657  INFO 21172 --- [warehouse] [main] o.s.boot.tomcat.TomcatWebServer          : Tomcat initialized with port 8000 (http)
16:53:18:665  INFO 21172 --- [warehouse] [main] o.apache.catalina.core.StandardService   : Starting service [Tomcat]
16:53:18:665  INFO 21172 --- [warehouse] [main] o.apache.catalina.core.StandardEngine    : Starting Servlet engine: [Apache Tomcat/11.0.22]
16:53:18:700  INFO 21172 --- [warehouse] [main] b.w.c.s.WebApplicationContextInitializer : Root WebApplicationContext: initialization completed in 969 ms
16:53:19:395  INFO 21172 --- [warehouse] [main] org.redisson.Version                     : Redisson 3.52.0
16:53:19:619  INFO 21172 --- [warehouse] [redisson-netty-4-5] o.redisson.connection.ConnectionsHolder  : 1 connections initialized for 192.168.100.128/192.168.100.128:6379
16:53:19:687  INFO 21172 --- [warehouse] [redisson-netty-4-19] o.redisson.connection.ConnectionsHolder  : 24 connections initialized for 192.168.100.128/192.168.100.128:6379
16:53:19:873  INFO 21172 --- [warehouse] [main] b.m.s.MybatisPlusApplicationContextAware : Register ApplicationContext instances org.springframework.boot.web.server.servlet.context.AnnotationConfigServletWebServerApplicationContext@7de0c6ae
16:53:19:913  INFO 21172 --- [warehouse] [main] com.zaxxer.hikari.HikariDataSource       : HikariPool-1 - Starting...
16:53:20:086  INFO 21172 --- [warehouse] [main] com.zaxxer.hikari.pool.HikariPool        : HikariPool-1 - Added connection com.mysql.cj.jdbc.ConnectionImpl@1921b43c
16:53:20:087  INFO 21172 --- [warehouse] [main] com.zaxxer.hikari.HikariDataSource       : HikariPool-1 - Start completed.
16:53:20:226  INFO 21172 --- [warehouse] [main] o.s.boot.tomcat.TomcatWebServer          : Tomcat started on port 8000 (http) with context path '/'
16:53:20:231  INFO 21172 --- [warehouse] [main] com.zh.WarehouseApplication              : Started WarehouseApplication in 2.949 seconds (process running for 3.474)
16:53:29:687  INFO 21172 --- [warehouse] [http-nio-8000-exec-1] o.a.c.c.C.[Tomcat].[localhost].[/]       : Initializing Spring DispatcherServlet 'dispatcherServlet'
16:53:29:689  INFO 21172 --- [warehouse] [http-nio-8000-exec-1] o.s.web.servlet.DispatcherServlet        : Initializing Servlet 'dispatcherServlet'
16:53:29:695  INFO 21172 --- [warehouse] [http-nio-8000-exec-1] o.s.web.servlet.DispatcherServlet        : Completed initialization in 5 ms
16:53:30:441 DEBUG 21172 --- [warehouse] [http-nio-8000-exec-1] c.zh.mapper.UserMapper.selectWithCursor  : ==>  Preparing: SELECT id,username,password,display_name,role,created_at FROM user WHERE (username = ?)
16:53:30:540 DEBUG 21172 --- [warehouse] [http-nio-8000-exec-1] c.zh.mapper.UserMapper.selectWithCursor  : ==> Parameters: admin(String)
16:53:30:680 DEBUG 21172 --- [warehouse] [http-nio-8000-exec-1] c.zh.mapper.UserMapper.selectWithCursor  : <==      Total: 1
16:53:32:697  INFO 21172 --- [warehouse] [http-nio-8000-exec-1] com.zh.service.impl.UserServiceImpl      : 用户登录成功：UserLoginVO(token=eyJ0eXAiOiJKV1QiLCJhbGciOiJSUzI1NiJ9.eyJ1c2VyIjoxLCJleHAiOjE3ODY0Mzg0MTB9.KtyYY7KoCr8lOU1aEYhEwHkGNNdYKz_-T9415kUFqIt9NMVqVs0eyR7JQSEYgfFcnveTI_U5CeI4DAlBcIV4gMkWcrkOcwJIuOsldsl5BPQHT3uP-HGoDM4xZ4Ih8CuxkpGLNEz-WIJk6XpW1l5P1unBwpME1bDAmmCOAfUVXSr0jLtA7zNT32P_jQBAmvx1l0ohzuQu_TyCBJH83FxNZIJn9N62HX5qeYmYVH28VD-4Vc08cQ2CnE84ErfjygmrkElqB-X7z5rFzqSbZeXieHyyIT3ea73my9BcijHukqYdQFh2KDdtPEVDTkj1ArYPZBxTZMnpfEkmQUT0DqSj6w, displayName=管理员, role=ADMIN)
16:53:33:133 DEBUG 21172 --- [warehouse] [http-nio-8000-exec-5] com.zh.mapper.OrdersMapper.selectList    : ==>  Preparing: SELECT id,order_no,type,status,total_quantity,operator_id,operator_name,remark,created_at,confirmed_at FROM orders ORDER BY created_at DESC
16:53:33:136 DEBUG 21172 --- [warehouse] [http-nio-8000-exec-5] com.zh.mapper.OrdersMapper.selectList    : ==> Parameters: 
16:53:33:185 DEBUG 21172 --- [warehouse] [http-nio-8000-exec-5] com.zh.mapper.OrdersMapper.selectList    : <==      Total: 11
16:53:33:208 DEBUG 21172 --- [warehouse] [http-nio-8000-exec-5] c.zh.mapper.OrderItemMapper.selectList   : ==>  Preparing: SELECT id,order_id,product_id,product_name,quantity FROM order_item WHERE (order_id IN (?,?,?,?,?,?,?,?,?,?,?))
16:53:33:215 DEBUG 21172 --- [warehouse] [http-nio-8000-exec-5] c.zh.mapper.OrderItemMapper.selectList   : ==> Parameters: 11(Long), 10(Long), 9(Long), 8(Long), 7(Long), 6(Long), 5(Long), 4(Long), 2(Long), 3(Long), 1(Long)
16:53:33:241 DEBUG 21172 --- [warehouse] [http-nio-8000-exec-5] c.zh.mapper.OrderItemMapper.selectList   : <==      Total: 14
16:54:05:781  INFO 21172 --- [warehouse] [http-nio-8000-exec-3] com.zh.controller.UserController         : 用户1退出登录
16:54:22:024 DEBUG 21172 --- [warehouse] [http-nio-8000-exec-2] c.zh.mapper.UserMapper.selectWithCursor  : ==>  Preparing: SELECT id,username,password,display_name,role,created_at FROM user WHERE (username = ?)
16:54:22:026 DEBUG 21172 --- [warehouse] [http-nio-8000-exec-2] c.zh.mapper.UserMapper.selectWithCursor  : ==> Parameters: admin(String)
16:54:22:030 DEBUG 21172 --- [warehouse] [http-nio-8000-exec-2] c.zh.mapper.UserMapper.selectWithCursor  : <==      Total: 1
16:54:25:490 DEBUG 21172 --- [warehouse] [http-nio-8000-exec-6] c.zh.mapper.UserMapper.selectWithCursor  : ==>  Preparing: SELECT id,username,password,display_name,role,created_at FROM user WHERE (username = ?)
16:54:25:492 DEBUG 21172 --- [warehouse] [http-nio-8000-exec-6] c.zh.mapper.UserMapper.selectWithCursor  : ==> Parameters: admin(String)
16:54:25:500 DEBUG 21172 --- [warehouse] [http-nio-8000-exec-6] c.zh.mapper.UserMapper.selectWithCursor  : <==      Total: 1
16:54:25:556  INFO 21172 --- [warehouse] [http-nio-8000-exec-6] com.zh.service.impl.UserServiceImpl      : 用户登录成功：UserLoginVO(token=eyJ0eXAiOiJKV1QiLCJhbGciOiJSUzI1NiJ9.eyJ1c2VyIjoxLCJleHAiOjE3ODY0Mzg0NjV9.eokKov8ELCpTqfGnPehsIgiDLB0_bKHOiu4SFms4ZAO0F668HkA34PjBaIuV-9lbhf0gAw9n9wYQDTuIUjBgpGfexPPPfK4Dnof9sRpf2IaSSgafnTurDNSu1PDJIhgSYMaq_cLpdaHDvMZa2EMuqSUYw1WDRIFyK_-MFZnvVEGW8yrC4PpcPjiBoFKxyc7WG_BbOMzguiLyjW9SGvy55kI8hknLG-QKzSD-1C9C9fFnf_ej_xXYXDohwG-UN-pZI7_vGqjEfmWaWYTeUg3_HYNBb2geJ54lzhC2S8afVV5ad5Hni2h2UN5iAJ1vMX2mdRR_ZoWJhZI5FpnBMZuTCw, displayName=管理员, role=ADMIN)
16:56:18:036  INFO 21172 --- [warehouse] [SpringApplicationShutdownHook] o.s.boot.tomcat.GracefulShutdown         : Commencing graceful shutdown. Waiting for active requests to complete
16:56:18:109  INFO 21172 --- [warehouse] [tomcat-shutdown] o.s.boot.tomcat.GracefulShutdown         : Graceful shutdown complete
16:56:18:133  INFO 21172 --- [warehouse] [SpringApplicationShutdownHook] com.zaxxer.hikari.HikariDataSource       : HikariPool-1 - Shutdown initiated...
16:56:18:141  INFO 21172 --- [warehouse] [SpringApplicationShutdownHook] com.zaxxer.hikari.HikariDataSource       : HikariPool-1 - Shutdown completed.
16:56:29:356  INFO 62456 --- [warehouse] [main] com.zh.WarehouseApplication              : Starting WarehouseApplication using Java 17.0.16 with PID 62456 (E:\ideaProject\warehouse\target\classes started by 张乐宇 in E:\ideaProject\warehouse)
16:56:29:359 DEBUG 62456 --- [warehouse] [main] com.zh.WarehouseApplication              : Running with Spring Boot v4.1.0, Spring v7.0.8
16:56:29:360  INFO 62456 --- [warehouse] [main] com.zh.WarehouseApplication              : The following 1 profile is active: "local"
16:56:29:985  INFO 62456 --- [warehouse] [main] .s.d.r.c.RepositoryConfigurationDelegate : Multiple Spring Data modules found, entering strict repository configuration mode
16:56:29:985  INFO 62456 --- [warehouse] [main] .s.d.r.c.RepositoryConfigurationDelegate : Bootstrapping Spring Data JDBC repositories in DEFAULT mode.
16:56:29:999  INFO 62456 --- [warehouse] [main] .s.d.r.c.RepositoryConfigurationDelegate : Finished Spring Data repository scanning in 9 ms. Found 0 JDBC repository interfaces.
16:56:30:039  INFO 62456 --- [warehouse] [main] .s.d.r.c.RepositoryConfigurationDelegate : Multiple Spring Data modules found, entering strict repository configuration mode
16:56:30:040  INFO 62456 --- [warehouse] [main] .s.d.r.c.RepositoryConfigurationDelegate : Bootstrapping Spring Data Redis repositories in DEFAULT mode.
16:56:30:052  INFO 62456 --- [warehouse] [main] .s.d.r.c.RepositoryConfigurationDelegate : Finished Spring Data repository scanning in 3 ms. Found 0 Redis repository interfaces.
16:56:30:611  INFO 62456 --- [warehouse] [main] o.s.boot.tomcat.TomcatWebServer          : Tomcat initialized with port 8000 (http)
16:56:30:628  INFO 62456 --- [warehouse] [main] o.apache.catalina.core.StandardService   : Starting service [Tomcat]
16:56:30:628  INFO 62456 --- [warehouse] [main] o.apache.catalina.core.StandardEngine    : Starting Servlet engine: [Apache Tomcat/11.0.22]
16:56:30:674  INFO 62456 --- [warehouse] [main] b.w.c.s.WebApplicationContextInitializer : Root WebApplicationContext: initialization completed in 1266 ms
16:56:33:664  INFO 62456 --- [warehouse] [main] org.redisson.Version                     : Redisson 3.52.0
16:56:34:984  INFO 62456 --- [warehouse] [redisson-netty-4-4] o.redisson.connection.ConnectionsHolder  : 1 connections initialized for 192.168.100.128/192.168.100.128:6379
16:56:35:214  INFO 62456 --- [warehouse] [redisson-netty-4-19] o.redisson.connection.ConnectionsHolder  : 24 connections initialized for 192.168.100.128/192.168.100.128:6379
16:56:35:524  INFO 62456 --- [warehouse] [main] b.m.s.MybatisPlusApplicationContextAware : Register ApplicationContext instances org.springframework.boot.web.server.servlet.context.AnnotationConfigServletWebServerApplicationContext@3f19b8b3
16:56:35:565  INFO 62456 --- [warehouse] [main] com.zaxxer.hikari.HikariDataSource       : HikariPool-1 - Starting...
16:56:35:823  INFO 62456 --- [warehouse] [main] com.zaxxer.hikari.pool.HikariPool        : HikariPool-1 - Added connection com.mysql.cj.jdbc.ConnectionImpl@72ea6fcb
16:56:35:824  INFO 62456 --- [warehouse] [main] com.zaxxer.hikari.HikariDataSource       : HikariPool-1 - Start completed.
16:56:35:981  INFO 62456 --- [warehouse] [main] o.s.boot.tomcat.TomcatWebServer          : Tomcat started on port 8000 (http) with context path '/'
16:56:35:988  INFO 62456 --- [warehouse] [main] com.zh.WarehouseApplication              : Started WarehouseApplication in 7.066 seconds (process running for 7.727)
16:56:51:838  INFO 62456 --- [warehouse] [http-nio-8000-exec-1] o.a.c.c.C.[Tomcat].[localhost].[/]       : Initializing Spring DispatcherServlet 'dispatcherServlet'
16:56:51:840  INFO 62456 --- [warehouse] [http-nio-8000-exec-1] o.s.web.servlet.DispatcherServlet        : Initializing Servlet 'dispatcherServlet'
16:56:51:844  INFO 62456 --- [warehouse] [http-nio-8000-exec-1] o.s.web.servlet.DispatcherServlet        : Completed initialization in 4 ms
16:56:58:621 DEBUG 62456 --- [warehouse] [http-nio-8000-exec-8] c.zh.mapper.UserMapper.selectWithCursor  : ==>  Preparing: SELECT id,username,password,display_name,role,created_at FROM user WHERE (username = ?)
16:56:58:735 DEBUG 62456 --- [warehouse] [http-nio-8000-exec-8] c.zh.mapper.UserMapper.selectWithCursor  : ==> Parameters: admin(String)
16:56:58:875 DEBUG 62456 --- [warehouse] [http-nio-8000-exec-8] c.zh.mapper.UserMapper.selectWithCursor  : <==      Total: 1
16:56:59:010  INFO 62456 --- [warehouse] [http-nio-8000-exec-8] com.zh.service.impl.UserServiceImpl      : 用户登录成功：UserLoginVO(token=eyJ0eXAiOiJKV1QiLCJhbGciOiJSUzI1NiJ9.eyJ1c2VyIjoxLCJleHAiOjE3ODY0Mzg2MTh9.mwPckirJ7XYmtHnlW0h_h9ZBouurjPx3mZGOWQ8__1iqPwfiDKDwwdZCRiHQHdm6z6KYYkoDrtvAXMpf1Ts4-XHPvTdnkt28Th9aSVWj43TUMB1Izqx-m2xDlwpiBOpcObqedBxcyubUkkYO9do7hHiN0RVehqpn-TNkgIhRI7-fK9t9v_niuBM3yu88e9OnqP6SPK0qaWVqP090Sb3ulF88tsFeHhS7qzfj_39PrnSK7ZtS4JNSERLgZbaS00IziinJvXN8RDVtnkwAjEouNNlRUMs0UV2L8NWpXv9VyZdLzkDuObPrYuNf7q3hZpJhQoymzf6Rra0htN00Si_pcA, displayName=管理员, role=ADMIN)
16:57:10:273  INFO 62456 --- [warehouse] [http-nio-8000-exec-2] com.zh.controller.UserController         : 用户1退出登录
16:57:24:272 DEBUG 62456 --- [warehouse] [http-nio-8000-exec-6] c.zh.mapper.UserMapper.selectWithCursor  : ==>  Preparing: SELECT id,username,password,display_name,role,created_at FROM user WHERE (username = ?)
16:57:24:274 DEBUG 62456 --- [warehouse] [http-nio-8000-exec-6] c.zh.mapper.UserMapper.selectWithCursor  : ==> Parameters: admin(String)
16:57:24:278 DEBUG 62456 --- [warehouse] [http-nio-8000-exec-6] c.zh.mapper.UserMapper.selectWithCursor  : <==      Total: 1
16:57:24:328  INFO 62456 --- [warehouse] [http-nio-8000-exec-6] com.zh.service.impl.UserServiceImpl      : 用户登录成功：UserLoginVO(token=eyJ0eXAiOiJKV1QiLCJhbGciOiJSUzI1NiJ9.eyJ1c2VyIjoxLCJleHAiOjE3ODY0Mzg2NDR9.ctao8Z1Z7GhZ8SCba50MLzDNPTWIyqKOQBCxFTEoxKozL1AUa_kRMs8Ov1wacghzX-9Myw_9AVIgx_MwHLXXl6gOrfmpXyHnbyscdgDhClimKZ6jDWHeSN50a3WBDPVBdINoklj8WuTeShBrTLbfrE95WPvvpTExK3YAbj-H23bJPWJFaLAB6uHfL_qNaDNj1vycY9suyx7GEttRwlBTKRNV0JFAoeWC11DBjZrAoU-Ap-H3rwT9ulqEe2uMakCXf3Mvb-1BeNXyMS3nLkDuIL2OzH6ULomKzqpqpAVhUjGyQRp8dpBhLa3BG8cjt6ghX_9DneypxHHMBQjd39-xUw, displayName=管理员, role=ADMIN)
16:57:49:070  INFO 62456 --- [warehouse] [SpringApplicationShutdownHook] o.s.boot.tomcat.GracefulShutdown         : Commencing graceful shutdown. Waiting for active requests to complete
16:57:49:143  INFO 62456 --- [warehouse] [tomcat-shutdown] o.s.boot.tomcat.GracefulShutdown         : Graceful shutdown complete
16:57:49:170  INFO 62456 --- [warehouse] [SpringApplicationShutdownHook] com.zaxxer.hikari.HikariDataSource       : HikariPool-1 - Shutdown initiated...
16:57:49:179  INFO 62456 --- [warehouse] [SpringApplicationShutdownHook] com.zaxxer.hikari.HikariDataSource       : HikariPool-1 - Shutdown completed.
16:57:58:057  INFO 24648 --- [warehouse] [main] com.zh.WarehouseApplication              : Starting WarehouseApplication using Java 17.0.16 with PID 24648 (E:\ideaProject\warehouse\target\classes started by 张乐宇 in E:\ideaProject\warehouse)
16:57:58:060 DEBUG 24648 --- [warehouse] [main] com.zh.WarehouseApplication              : Running with Spring Boot v4.1.0, Spring v7.0.8
16:57:58:061  INFO 24648 --- [warehouse] [main] com.zh.WarehouseApplication              : The following 1 profile is active: "local"
16:57:58:664  INFO 24648 --- [warehouse] [main] .s.d.r.c.RepositoryConfigurationDelegate : Multiple Spring Data modules found, entering strict repository configuration mode
16:57:58:665  INFO 24648 --- [warehouse] [main] .s.d.r.c.RepositoryConfigurationDelegate : Bootstrapping Spring Data JDBC repositories in DEFAULT mode.
16:57:58:680  INFO 24648 --- [warehouse] [main] .s.d.r.c.RepositoryConfigurationDelegate : Finished Spring Data repository scanning in 10 ms. Found 0 JDBC repository interfaces.
16:57:58:711  INFO 24648 --- [warehouse] [main] .s.d.r.c.RepositoryConfigurationDelegate : Multiple Spring Data modules found, entering strict repository configuration mode
16:57:58:711  INFO 24648 --- [warehouse] [main] .s.d.r.c.RepositoryConfigurationDelegate : Bootstrapping Spring Data Redis repositories in DEFAULT mode.
16:57:58:725  INFO 24648 --- [warehouse] [main] .s.d.r.c.RepositoryConfigurationDelegate : Finished Spring Data repository scanning in 4 ms. Found 0 Redis repository interfaces.
16:57:59:151  INFO 24648 --- [warehouse] [main] o.s.boot.tomcat.TomcatWebServer          : Tomcat initialized with port 8000 (http)
16:57:59:162  INFO 24648 --- [warehouse] [main] o.apache.catalina.core.StandardService   : Starting service [Tomcat]
16:57:59:162  INFO 24648 --- [warehouse] [main] o.apache.catalina.core.StandardEngine    : Starting Servlet engine: [Apache Tomcat/11.0.22]
16:57:59:203  INFO 24648 --- [warehouse] [main] b.w.c.s.WebApplicationContextInitializer : Root WebApplicationContext: initialization completed in 1099 ms
16:57:59:967  INFO 24648 --- [warehouse] [main] org.redisson.Version                     : Redisson 3.52.0
16:58:00:189  INFO 24648 --- [warehouse] [redisson-netty-4-4] o.redisson.connection.ConnectionsHolder  : 1 connections initialized for 192.168.100.128/192.168.100.128:6379
16:58:00:257  INFO 24648 --- [warehouse] [redisson-netty-4-19] o.redisson.connection.ConnectionsHolder  : 24 connections initialized for 192.168.100.128/192.168.100.128:6379
16:58:00:477  INFO 24648 --- [warehouse] [main] b.m.s.MybatisPlusApplicationContextAware : Register ApplicationContext instances org.springframework.boot.web.server.servlet.context.AnnotationConfigServletWebServerApplicationContext@3f19b8b3
16:58:00:526  INFO 24648 --- [warehouse] [main] com.zaxxer.hikari.HikariDataSource       : HikariPool-1 - Starting...
16:58:00:737  INFO 24648 --- [warehouse] [main] com.zaxxer.hikari.pool.HikariPool        : HikariPool-1 - Added connection com.mysql.cj.jdbc.ConnectionImpl@40f15786
16:58:00:739  INFO 24648 --- [warehouse] [main] com.zaxxer.hikari.HikariDataSource       : HikariPool-1 - Start completed.
16:58:00:894  INFO 24648 --- [warehouse] [main] o.s.boot.tomcat.TomcatWebServer          : Tomcat started on port 8000 (http) with context path '/'
16:58:00:899  INFO 24648 --- [warehouse] [main] com.zh.WarehouseApplication              : Started WarehouseApplication in 3.225 seconds (process running for 3.741)
16:58:10:873  INFO 24648 --- [warehouse] [http-nio-8000-exec-1] o.a.c.c.C.[Tomcat].[localhost].[/]       : Initializing Spring DispatcherServlet 'dispatcherServlet'
16:58:10:874  INFO 24648 --- [warehouse] [http-nio-8000-exec-1] o.s.web.servlet.DispatcherServlet        : Initializing Servlet 'dispatcherServlet'
16:58:10:877  INFO 24648 --- [warehouse] [http-nio-8000-exec-1] o.s.web.servlet.DispatcherServlet        : Completed initialization in 3 ms
16:58:17:471 DEBUG 24648 --- [warehouse] [http-nio-8000-exec-4] c.zh.mapper.UserMapper.selectWithCursor  : ==>  Preparing: SELECT id,username,password,display_name,role,created_at FROM user WHERE (username = ?)
16:58:17:567 DEBUG 24648 --- [warehouse] [http-nio-8000-exec-4] c.zh.mapper.UserMapper.selectWithCursor  : ==> Parameters: admin(String)
16:58:17:642 DEBUG 24648 --- [warehouse] [http-nio-8000-exec-4] c.zh.mapper.UserMapper.selectWithCursor  : <==      Total: 1
16:58:17:776  INFO 24648 --- [warehouse] [http-nio-8000-exec-4] com.zh.service.impl.UserServiceImpl      : 用户登录成功：UserLoginVO(token=eyJ0eXAiOiJKV1QiLCJhbGciOiJSUzI1NiJ9.eyJ1c2VyIjoxLCJleHAiOjE3ODY0Mzg2OTd9.bzkrQXMiYN1DbQhAVMmy3HIJDecD2_dxwYC3QWaxYiFwREJ8EDBDsdBP9PaCdB2Tmc0dcC8mRrpcUJRKBanQc09j2T48iYZ2HsgoaaIxrgFqaE-gNrZmeodmgFm5NFYjHi_E_KGby77JTC4Q0t6rqax-RO1bqqgGjAZOGlkC1nZOzx8FaCo5hG4K5t5y4ZaTN7CD3uXkklqwH2PVmUJf4ZiJCgwNAZJHpAO4j_9LLsxvPJxXHlrrsOxF5BtoWbGjd3UM42eF7CSnocyVFFi_nxxkMcWH36uoi5SRqtTKodPNcUHtHONw69Jq-RJJvkBmqAP4GhPqLF0bALcj_cOrXg, displayName=管理员, role=ADMIN)
16:58:22:011  INFO 24648 --- [warehouse] [http-nio-8000-exec-10] com.zh.controller.UserController         : 用户1退出登录
16:59:30:027 DEBUG 24648 --- [warehouse] [http-nio-8000-exec-3] c.zh.mapper.UserMapper.selectWithCursor  : ==>  Preparing: SELECT id,username,password,display_name,role,created_at FROM user WHERE (username = ?)
16:59:30:032 DEBUG 24648 --- [warehouse] [http-nio-8000-exec-3] c.zh.mapper.UserMapper.selectWithCursor  : ==> Parameters: admin(String)
16:59:30:039 DEBUG 24648 --- [warehouse] [http-nio-8000-exec-3] c.zh.mapper.UserMapper.selectWithCursor  : <==      Total: 1
16:59:30:099  INFO 24648 --- [warehouse] [http-nio-8000-exec-3] com.zh.service.impl.UserServiceImpl      : 用户登录成功：UserLoginVO(token=eyJ0eXAiOiJKV1QiLCJhbGciOiJSUzI1NiJ9.eyJ1c2VyIjoxLCJleHAiOjE3ODY0Mzg3NzB9.DnmGxIiZRiLEZmZInGRxlGge1It39cvhV8p9e6S6XOl6xtDWHpJFxhszMSv_r7yrUZWGFIfb66joI59R3pQz1XzOyjv_TkloSR2q9dD2uuKOrqsHjqeUvN4tzmaq54Jy45-tRO9NYmJUhV17ri5ej4T_vh-NWvFA4jGeFtV9jFfOz-X-at-XTwxxoF0vvcGfoADokLGXCcelqpUErPMWguy3kjerfq7KanUtWJKJojH3mvx2--TVHtDiULS6cNQLOSesLHuxklQLS-aNJSCn6Y303ymUiad6m4YWkVX2xRF09jtkV0RvWwEkG9Kt46BOPVDYeSofkbhTLW-H93FtOA, displayName=管理员, role=ADMIN)
16:59:32:054 DEBUG 24648 --- [warehouse] [http-nio-8000-exec-7] c.z.m.ProductMapper.selectList_mpCount   : ==>  Preparing: SELECT COUNT(*) AS total FROM product
16:59:32:056 DEBUG 24648 --- [warehouse] [http-nio-8000-exec-7] c.z.m.ProductMapper.selectList_mpCount   : ==> Parameters: 
16:59:32:071 DEBUG 24648 --- [warehouse] [http-nio-8000-exec-7] c.z.m.ProductMapper.selectList_mpCount   : <==      Total: 1
16:59:32:084 DEBUG 24648 --- [warehouse] [http-nio-8000-exec-7] com.zh.mapper.ProductMapper.selectList   : ==>  Preparing: SELECT id,sku,name,category,unit,price,low_stock_threshold,created_at,updated_at FROM product ORDER BY id ASC LIMIT ?
16:59:32:087 DEBUG 24648 --- [warehouse] [http-nio-8000-exec-7] com.zh.mapper.ProductMapper.selectList   : ==> Parameters: 10(Long)
16:59:32:109 DEBUG 24648 --- [warehouse] [http-nio-8000-exec-7] com.zh.mapper.ProductMapper.selectList   : <==      Total: 10
16:59:32:685 DEBUG 24648 --- [warehouse] [http-nio-8000-exec-9] c.z.m.ProductMapper.selectList_mpCount   : ==>  Preparing: SELECT COUNT(*) AS total FROM product
16:59:32:689 DEBUG 24648 --- [warehouse] [http-nio-8000-exec-9] c.z.m.ProductMapper.selectList_mpCount   : ==> Parameters: 
16:59:32:693 DEBUG 24648 --- [warehouse] [http-nio-8000-exec-9] c.z.m.ProductMapper.selectList_mpCount   : <==      Total: 1
16:59:32:695 DEBUG 24648 --- [warehouse] [http-nio-8000-exec-9] com.zh.mapper.ProductMapper.selectList   : ==>  Preparing: SELECT id,sku,name,category,unit,price,low_stock_threshold,created_at,updated_at FROM product ORDER BY id ASC LIMIT ?
16:59:32:697 DEBUG 24648 --- [warehouse] [http-nio-8000-exec-9] com.zh.mapper.ProductMapper.selectList   : ==> Parameters: 10(Long)
16:59:32:738 DEBUG 24648 --- [warehouse] [http-nio-8000-exec-9] com.zh.mapper.ProductMapper.selectList   : <==      Total: 10
16:59:33:281 DEBUG 24648 --- [warehouse] [http-nio-8000-exec-5] com.zh.mapper.ProductMapper.selectList   : ==>  Preparing: SELECT id,sku,name,category,unit,price,low_stock_threshold,created_at,updated_at FROM product
16:59:33:282 DEBUG 24648 --- [warehouse] [http-nio-8000-exec-5] com.zh.mapper.ProductMapper.selectList   : ==> Parameters: 
16:59:33:294 DEBUG 24648 --- [warehouse] [http-nio-8000-exec-5] com.zh.mapper.ProductMapper.selectList   : <==      Total: 11
16:59:33:313 DEBUG 24648 --- [warehouse] [http-nio-8000-exec-5] c.zh.mapper.InventoryMapper.selectList   : ==>  Preparing: SELECT id,product_id,quantity,reserved_quantity,version,updated_at FROM inventory WHERE (product_id IN (?,?,?,?,?,?,?,?,?,?,?))
16:59:33:317 DEBUG 24648 --- [warehouse] [http-nio-8000-exec-5] c.zh.mapper.InventoryMapper.selectList   : ==> Parameters: 1(Long), 2(Long), 3(Long), 4(Long), 5(Long), 6(Long), 7(Long), 8(Long), 9(Long), 10(Long), 11(Long)
16:59:33:327 DEBUG 24648 --- [warehouse] [http-nio-8000-exec-5] c.zh.mapper.InventoryMapper.selectList   : <==      Total: 10
16:59:33:847 DEBUG 24648 --- [warehouse] [http-nio-8000-exec-4] com.zh.mapper.ProductMapper.selectList   : ==>  Preparing: SELECT id,sku,name,category,unit,price,low_stock_threshold,created_at,updated_at FROM product
16:59:33:849 DEBUG 24648 --- [warehouse] [http-nio-8000-exec-4] com.zh.mapper.ProductMapper.selectList   : ==> Parameters: 
16:59:33:855 DEBUG 24648 --- [warehouse] [http-nio-8000-exec-4] com.zh.mapper.ProductMapper.selectList   : <==      Total: 11
16:59:33:859 DEBUG 24648 --- [warehouse] [http-nio-8000-exec-4] c.zh.mapper.InventoryMapper.selectList   : ==>  Preparing: SELECT id,product_id,quantity,reserved_quantity,version,updated_at FROM inventory WHERE (product_id IN (?,?,?,?,?,?,?,?,?,?,?))
16:59:33:861 DEBUG 24648 --- [warehouse] [http-nio-8000-exec-4] c.zh.mapper.InventoryMapper.selectList   : ==> Parameters: 1(Long), 2(Long), 3(Long), 4(Long), 5(Long), 6(Long), 7(Long), 8(Long), 9(Long), 10(Long), 11(Long)
16:59:33:875 DEBUG 24648 --- [warehouse] [http-nio-8000-exec-4] c.zh.mapper.InventoryMapper.selectList   : <==      Total: 10
16:59:34:540 DEBUG 24648 --- [warehouse] [http-nio-8000-exec-2] c.z.m.ProductMapper.selectList_mpCount   : ==>  Preparing: SELECT COUNT(*) AS total FROM product
16:59:34:541 DEBUG 24648 --- [warehouse] [http-nio-8000-exec-2] c.z.m.ProductMapper.selectList_mpCount   : ==> Parameters: 
16:59:34:544 DEBUG 24648 --- [warehouse] [http-nio-8000-exec-2] c.z.m.ProductMapper.selectList_mpCount   : <==      Total: 1
16:59:34:546 DEBUG 24648 --- [warehouse] [http-nio-8000-exec-2] com.zh.mapper.ProductMapper.selectList   : ==>  Preparing: SELECT id,sku,name,category,unit,price,low_stock_threshold,created_at,updated_at FROM product ORDER BY id ASC LIMIT ?
16:59:34:548 DEBUG 24648 --- [warehouse] [http-nio-8000-exec-2] com.zh.mapper.ProductMapper.selectList   : ==> Parameters: 10(Long)
16:59:34:554 DEBUG 24648 --- [warehouse] [http-nio-8000-exec-2] com.zh.mapper.ProductMapper.selectList   : <==      Total: 10
16:59:34:929 DEBUG 24648 --- [warehouse] [http-nio-8000-exec-3] c.z.m.ProductMapper.selectList_mpCount   : ==>  Preparing: SELECT COUNT(*) AS total FROM product
16:59:34:931 DEBUG 24648 --- [warehouse] [http-nio-8000-exec-3] c.z.m.ProductMapper.selectList_mpCount   : ==> Parameters: 
16:59:34:934 DEBUG 24648 --- [warehouse] [http-nio-8000-exec-3] c.z.m.ProductMapper.selectList_mpCount   : <==      Total: 1
16:59:34:936 DEBUG 24648 --- [warehouse] [http-nio-8000-exec-3] com.zh.mapper.ProductMapper.selectList   : ==>  Preparing: SELECT id,sku,name,category,unit,price,low_stock_threshold,created_at,updated_at FROM product ORDER BY id ASC LIMIT ?
16:59:34:937 DEBUG 24648 --- [warehouse] [http-nio-8000-exec-3] com.zh.mapper.ProductMapper.selectList   : ==> Parameters: 10(Long)
16:59:34:944 DEBUG 24648 --- [warehouse] [http-nio-8000-exec-3] com.zh.mapper.ProductMapper.selectList   : <==      Total: 10
16:59:35:862 DEBUG 24648 --- [warehouse] [http-nio-8000-exec-6] com.zh.mapper.ProductMapper.selectList   : ==>  Preparing: SELECT id,sku,name,category,unit,price,low_stock_threshold,created_at,updated_at FROM product
16:59:35:864 DEBUG 24648 --- [warehouse] [http-nio-8000-exec-6] com.zh.mapper.ProductMapper.selectList   : ==> Parameters: 
16:59:35:870 DEBUG 24648 --- [warehouse] [http-nio-8000-exec-6] com.zh.mapper.ProductMapper.selectList   : <==      Total: 11
16:59:35:877 DEBUG 24648 --- [warehouse] [http-nio-8000-exec-6] c.zh.mapper.InventoryMapper.selectList   : ==>  Preparing: SELECT id,product_id,quantity,reserved_quantity,version,updated_at FROM inventory WHERE (product_id IN (?,?,?,?,?,?,?,?,?,?,?))
16:59:35:882 DEBUG 24648 --- [warehouse] [http-nio-8000-exec-6] c.zh.mapper.InventoryMapper.selectList   : ==> Parameters: 1(Long), 2(Long), 3(Long), 4(Long), 5(Long), 6(Long), 7(Long), 8(Long), 9(Long), 10(Long), 11(Long)
16:59:35:888 DEBUG 24648 --- [warehouse] [http-nio-8000-exec-6] c.zh.mapper.InventoryMapper.selectList   : <==      Total: 10
16:59:36:147 DEBUG 24648 --- [warehouse] [http-nio-8000-exec-7] com.zh.mapper.OrdersMapper.selectList    : ==>  Preparing: SELECT id,order_no,type,status,total_quantity,operator_id,operator_name,remark,created_at,confirmed_at FROM orders ORDER BY created_at DESC
16:59:36:148 DEBUG 24648 --- [warehouse] [http-nio-8000-exec-7] com.zh.mapper.OrdersMapper.selectList    : ==> Parameters: 
16:59:36:156 DEBUG 24648 --- [warehouse] [http-nio-8000-exec-7] com.zh.mapper.OrdersMapper.selectList    : <==      Total: 11
16:59:36:163 DEBUG 24648 --- [warehouse] [http-nio-8000-exec-7] c.zh.mapper.OrderItemMapper.selectList   : ==>  Preparing: SELECT id,order_id,product_id,product_name,quantity FROM order_item WHERE (order_id IN (?,?,?,?,?,?,?,?,?,?,?))
16:59:36:166 DEBUG 24648 --- [warehouse] [http-nio-8000-exec-7] c.zh.mapper.OrderItemMapper.selectList   : ==> Parameters: 11(Long), 10(Long), 9(Long), 8(Long), 7(Long), 6(Long), 5(Long), 4(Long), 2(Long), 3(Long), 1(Long)
16:59:36:173 DEBUG 24648 --- [warehouse] [http-nio-8000-exec-7] c.zh.mapper.OrderItemMapper.selectList   : <==      Total: 14
16:59:38:786 DEBUG 24648 --- [warehouse] [http-nio-8000-exec-9] c.z.m.ProductMapper.selectList_mpCount   : ==>  Preparing: SELECT COUNT(*) AS total FROM product
16:59:38:787 DEBUG 24648 --- [warehouse] [http-nio-8000-exec-9] c.z.m.ProductMapper.selectList_mpCount   : ==> Parameters: 
16:59:38:789 DEBUG 24648 --- [warehouse] [http-nio-8000-exec-9] c.z.m.ProductMapper.selectList_mpCount   : <==      Total: 1
16:59:38:791 DEBUG 24648 --- [warehouse] [http-nio-8000-exec-9] com.zh.mapper.ProductMapper.selectList   : ==>  Preparing: SELECT id,sku,name,category,unit,price,low_stock_threshold,created_at,updated_at FROM product ORDER BY id ASC LIMIT ?
16:59:38:792 DEBUG 24648 --- [warehouse] [http-nio-8000-exec-9] com.zh.mapper.ProductMapper.selectList   : ==> Parameters: 10(Long)
16:59:38:797 DEBUG 24648 --- [warehouse] [http-nio-8000-exec-9] com.zh.mapper.ProductMapper.selectList   : <==      Total: 10
16:59:39:020 DEBUG 24648 --- [warehouse] [http-nio-8000-exec-5] com.zh.mapper.ProductMapper.selectList   : ==>  Preparing: SELECT id,sku,name,category,unit,price,low_stock_threshold,created_at,updated_at FROM product
16:59:39:021 DEBUG 24648 --- [warehouse] [http-nio-8000-exec-5] com.zh.mapper.ProductMapper.selectList   : ==> Parameters: 
16:59:39:028 DEBUG 24648 --- [warehouse] [http-nio-8000-exec-5] com.zh.mapper.ProductMapper.selectList   : <==      Total: 11
16:59:39:036 DEBUG 24648 --- [warehouse] [http-nio-8000-exec-5] c.zh.mapper.InventoryMapper.selectList   : ==>  Preparing: SELECT id,product_id,quantity,reserved_quantity,version,updated_at FROM inventory WHERE (product_id IN (?,?,?,?,?,?,?,?,?,?,?))
16:59:39:039 DEBUG 24648 --- [warehouse] [http-nio-8000-exec-5] c.zh.mapper.InventoryMapper.selectList   : ==> Parameters: 1(Long), 2(Long), 3(Long), 4(Long), 5(Long), 6(Long), 7(Long), 8(Long), 9(Long), 10(Long), 11(Long)
16:59:39:044 DEBUG 24648 --- [warehouse] [http-nio-8000-exec-5] c.zh.mapper.InventoryMapper.selectList   : <==      Total: 10
16:59:43:317 DEBUG 24648 --- [warehouse] [http-nio-8000-exec-1] com.zh.mapper.OrdersMapper.selectList    : ==>  Preparing: SELECT id,order_no,type,status,total_quantity,operator_id,operator_name,remark,created_at,confirmed_at FROM orders ORDER BY created_at DESC
16:59:43:319 DEBUG 24648 --- [warehouse] [http-nio-8000-exec-1] com.zh.mapper.OrdersMapper.selectList    : ==> Parameters: 
16:59:43:329 DEBUG 24648 --- [warehouse] [http-nio-8000-exec-1] com.zh.mapper.OrdersMapper.selectList    : <==      Total: 11
16:59:43:333 DEBUG 24648 --- [warehouse] [http-nio-8000-exec-1] c.zh.mapper.OrderItemMapper.selectList   : ==>  Preparing: SELECT id,order_id,product_id,product_name,quantity FROM order_item WHERE (order_id IN (?,?,?,?,?,?,?,?,?,?,?))
16:59:43:335 DEBUG 24648 --- [warehouse] [http-nio-8000-exec-1] c.zh.mapper.OrderItemMapper.selectList   : ==> Parameters: 11(Long), 10(Long), 9(Long), 8(Long), 7(Long), 6(Long), 5(Long), 4(Long), 2(Long), 3(Long), 1(Long)
16:59:43:342 DEBUG 24648 --- [warehouse] [http-nio-8000-exec-1] c.zh.mapper.OrderItemMapper.selectList   : <==      Total: 14
17:20:04:094  INFO 24648 --- [warehouse] [SpringApplicationShutdownHook] o.s.boot.tomcat.GracefulShutdown         : Commencing graceful shutdown. Waiting for active requests to complete
17:20:04:198  INFO 24648 --- [warehouse] [tomcat-shutdown] o.s.boot.tomcat.GracefulShutdown         : Graceful shutdown complete
17:20:04:261  INFO 24648 --- [warehouse] [SpringApplicationShutdownHook] com.zaxxer.hikari.HikariDataSource       : HikariPool-1 - Shutdown initiated...
17:20:04:270  INFO 24648 --- [warehouse] [SpringApplicationShutdownHook] com.zaxxer.hikari.HikariDataSource       : HikariPool-1 - Shutdown completed.
17:20:10:002  INFO 71040 --- [warehouse] [main] com.zh.WarehouseApplication              : Starting WarehouseApplication using Java 17.0.16 with PID 71040 (E:\ideaProject\warehouse\target\classes started by 张乐宇 in E:\ideaProject\warehouse)
17:20:10:003 DEBUG 71040 --- [warehouse] [main] com.zh.WarehouseApplication              : Running with Spring Boot v4.1.0, Spring v7.0.8
17:20:10:004  INFO 71040 --- [warehouse] [main] com.zh.WarehouseApplication              : The following 1 profile is active: "local"
17:20:10:537  INFO 71040 --- [warehouse] [main] .s.d.r.c.RepositoryConfigurationDelegate : Multiple Spring Data modules found, entering strict repository configuration mode
17:20:10:538  INFO 71040 --- [warehouse] [main] .s.d.r.c.RepositoryConfigurationDelegate : Bootstrapping Spring Data JDBC repositories in DEFAULT mode.
17:20:10:553  INFO 71040 --- [warehouse] [main] .s.d.r.c.RepositoryConfigurationDelegate : Finished Spring Data repository scanning in 10 ms. Found 0 JDBC repository interfaces.
17:20:10:589  INFO 71040 --- [warehouse] [main] .s.d.r.c.RepositoryConfigurationDelegate : Multiple Spring Data modules found, entering strict repository configuration mode
17:20:10:589  INFO 71040 --- [warehouse] [main] .s.d.r.c.RepositoryConfigurationDelegate : Bootstrapping Spring Data Redis repositories in DEFAULT mode.
17:20:10:604  INFO 71040 --- [warehouse] [main] .s.d.r.c.RepositoryConfigurationDelegate : Finished Spring Data repository scanning in 3 ms. Found 0 Redis repository interfaces.
17:20:11:127  INFO 71040 --- [warehouse] [main] o.s.boot.tomcat.TomcatWebServer          : Tomcat initialized with port 8000 (http)
17:20:11:138  INFO 71040 --- [warehouse] [main] o.apache.catalina.core.StandardService   : Starting service [Tomcat]
17:20:11:138  INFO 71040 --- [warehouse] [main] o.apache.catalina.core.StandardEngine    : Starting Servlet engine: [Apache Tomcat/11.0.22]
17:20:11:180  INFO 71040 --- [warehouse] [main] b.w.c.s.WebApplicationContextInitializer : Root WebApplicationContext: initialization completed in 1133 ms
17:20:11:898  WARN 71040 --- [warehouse] [main] ConfigServletWebServerApplicationContext : Exception encountered during context initialization - cancelling refresh attempt: org.springframework.beans.factory.UnsatisfiedDependencyException: Error creating bean with name 'inventoryController': Unsatisfied dependency expressed through field 'inventoryService': Error creating bean with name 'inventoryServiceImpl': Unsatisfied dependency expressed through field 'objectMapper': No qualifying bean of type 'com.fasterxml.jackson.databind.ObjectMapper' available: expected at least 1 bean which qualifies as autowire candidate. Dependency annotations: {@org.springframework.beans.factory.annotation.Autowired(required=true)}
17:20:11:917  INFO 71040 --- [warehouse] [main] o.apache.catalina.core.StandardService   : Stopping service [Tomcat]
17:20:11:929  INFO 71040 --- [warehouse] [main] .s.b.a.l.ConditionEvaluationReportLogger : 

Error starting ApplicationContext. To display the condition evaluation report re-run your application with 'debug' enabled.
17:20:11:942 ERROR 71040 --- [warehouse] [main] o.s.b.d.LoggingFailureAnalysisReporter   : 

***************************
APPLICATION FAILED TO START
***************************

Description:

Field objectMapper in com.zh.service.impl.InventoryServiceImpl required a bean of type 'com.fasterxml.jackson.databind.ObjectMapper' that could not be found.

The injection point has the following annotations:
	- @org.springframework.beans.factory.annotation.Autowired(required=true)


Action:

Consider defining a bean of type 'com.fasterxml.jackson.databind.ObjectMapper' in your configuration.

17:21:25:628  INFO 28180 --- [warehouse] [main] com.zh.WarehouseApplication              : Starting WarehouseApplication using Java 17.0.16 with PID 28180 (E:\ideaProject\warehouse\target\classes started by 张乐宇 in E:\ideaProject\warehouse)
17:21:25:630 DEBUG 28180 --- [warehouse] [main] com.zh.WarehouseApplication              : Running with Spring Boot v4.1.0, Spring v7.0.8
17:21:25:631  INFO 28180 --- [warehouse] [main] com.zh.WarehouseApplication              : The following 1 profile is active: "local"
17:21:26:318  INFO 28180 --- [warehouse] [main] .s.d.r.c.RepositoryConfigurationDelegate : Multiple Spring Data modules found, entering strict repository configuration mode
17:21:26:319  INFO 28180 --- [warehouse] [main] .s.d.r.c.RepositoryConfigurationDelegate : Bootstrapping Spring Data JDBC repositories in DEFAULT mode.
17:21:26:334  INFO 28180 --- [warehouse] [main] .s.d.r.c.RepositoryConfigurationDelegate : Finished Spring Data repository scanning in 10 ms. Found 0 JDBC repository interfaces.
17:21:26:362  INFO 28180 --- [warehouse] [main] .s.d.r.c.RepositoryConfigurationDelegate : Multiple Spring Data modules found, entering strict repository configuration mode
17:21:26:374  INFO 28180 --- [warehouse] [main] .s.d.r.c.RepositoryConfigurationDelegate : Bootstrapping Spring Data Redis repositories in DEFAULT mode.
17:21:26:384  INFO 28180 --- [warehouse] [main] .s.d.r.c.RepositoryConfigurationDelegate : Finished Spring Data repository scanning in 3 ms. Found 0 Redis repository interfaces.
17:21:26:784  INFO 28180 --- [warehouse] [main] o.s.boot.tomcat.TomcatWebServer          : Tomcat initialized with port 8000 (http)
17:21:26:792  INFO 28180 --- [warehouse] [main] o.apache.catalina.core.StandardService   : Starting service [Tomcat]
17:21:26:793  INFO 28180 --- [warehouse] [main] o.apache.catalina.core.StandardEngine    : Starting Servlet engine: [Apache Tomcat/11.0.22]
17:21:26:829  INFO 28180 --- [warehouse] [main] b.w.c.s.WebApplicationContextInitializer : Root WebApplicationContext: initialization completed in 1155 ms
17:21:27:410  WARN 28180 --- [warehouse] [main] ConfigServletWebServerApplicationContext : Exception encountered during context initialization - cancelling refresh attempt: org.springframework.beans.factory.UnsatisfiedDependencyException: Error creating bean with name 'inventoryController': Unsatisfied dependency expressed through field 'inventoryService': Error creating bean with name 'inventoryServiceImpl': Unsatisfied dependency expressed through field 'objectMapper': No qualifying bean of type 'com.fasterxml.jackson.databind.ObjectMapper' available: expected at least 1 bean which qualifies as autowire candidate. Dependency annotations: {@org.springframework.beans.factory.annotation.Autowired(required=true)}
17:21:27:424  INFO 28180 --- [warehouse] [main] o.apache.catalina.core.StandardService   : Stopping service [Tomcat]
17:21:27:431  INFO 28180 --- [warehouse] [main] .s.b.a.l.ConditionEvaluationReportLogger : 

Error starting ApplicationContext. To display the condition evaluation report re-run your application with 'debug' enabled.
17:21:27:443 ERROR 28180 --- [warehouse] [main] o.s.b.d.LoggingFailureAnalysisReporter   : 

***************************
APPLICATION FAILED TO START
***************************

Description:

Field objectMapper in com.zh.service.impl.InventoryServiceImpl required a bean of type 'com.fasterxml.jackson.databind.ObjectMapper' that could not be found.

The injection point has the following annotations:
	- @org.springframework.beans.factory.annotation.Autowired(required=true)


Action:

Consider defining a bean of type 'com.fasterxml.jackson.databind.ObjectMapper' in your configuration.

17:22:24:587  INFO 31780 --- [warehouse] [main] com.zh.WarehouseApplication              : Starting WarehouseApplication using Java 17.0.16 with PID 31780 (E:\ideaProject\warehouse\target\classes started by 张乐宇 in E:\ideaProject\warehouse)
17:22:24:590 DEBUG 31780 --- [warehouse] [main] com.zh.WarehouseApplication              : Running with Spring Boot v4.1.0, Spring v7.0.8
17:22:24:590  INFO 31780 --- [warehouse] [main] com.zh.WarehouseApplication              : The following 1 profile is active: "local"
17:22:25:280  INFO 31780 --- [warehouse] [main] .s.d.r.c.RepositoryConfigurationDelegate : Multiple Spring Data modules found, entering strict repository configuration mode
17:22:25:282  INFO 31780 --- [warehouse] [main] .s.d.r.c.RepositoryConfigurationDelegate : Bootstrapping Spring Data JDBC repositories in DEFAULT mode.
17:22:25:298  INFO 31780 --- [warehouse] [main] .s.d.r.c.RepositoryConfigurationDelegate : Finished Spring Data repository scanning in 10 ms. Found 0 JDBC repository interfaces.
17:22:25:327  INFO 31780 --- [warehouse] [main] .s.d.r.c.RepositoryConfigurationDelegate : Multiple Spring Data modules found, entering strict repository configuration mode
17:22:25:327  INFO 31780 --- [warehouse] [main] .s.d.r.c.RepositoryConfigurationDelegate : Bootstrapping Spring Data Redis repositories in DEFAULT mode.
17:22:25:338  INFO 31780 --- [warehouse] [main] .s.d.r.c.RepositoryConfigurationDelegate : Finished Spring Data repository scanning in 3 ms. Found 0 Redis repository interfaces.
17:22:25:771  INFO 31780 --- [warehouse] [main] o.s.boot.tomcat.TomcatWebServer          : Tomcat initialized with port 8000 (http)
17:22:25:782  INFO 31780 --- [warehouse] [main] o.apache.catalina.core.StandardService   : Starting service [Tomcat]
17:22:25:782  INFO 31780 --- [warehouse] [main] o.apache.catalina.core.StandardEngine    : Starting Servlet engine: [Apache Tomcat/11.0.22]
17:22:25:818  INFO 31780 --- [warehouse] [main] b.w.c.s.WebApplicationContextInitializer : Root WebApplicationContext: initialization completed in 1183 ms
17:22:26:453  WARN 31780 --- [warehouse] [main] ConfigServletWebServerApplicationContext : Exception encountered during context initialization - cancelling refresh attempt: org.springframework.beans.factory.UnsatisfiedDependencyException: Error creating bean with name 'inventoryController': Unsatisfied dependency expressed through field 'inventoryService': Error creating bean with name 'inventoryServiceImpl': Unsatisfied dependency expressed through field 'objectMapper': No qualifying bean of type 'com.fasterxml.jackson.databind.ObjectMapper' available: expected at least 1 bean which qualifies as autowire candidate. Dependency annotations: {@org.springframework.beans.factory.annotation.Autowired(required=true)}
17:22:26:464  INFO 31780 --- [warehouse] [main] o.apache.catalina.core.StandardService   : Stopping service [Tomcat]
17:22:26:471  INFO 31780 --- [warehouse] [main] .s.b.a.l.ConditionEvaluationReportLogger : 

Error starting ApplicationContext. To display the condition evaluation report re-run your application with 'debug' enabled.
17:22:26:481 ERROR 31780 --- [warehouse] [main] o.s.b.d.LoggingFailureAnalysisReporter   : 

***************************
APPLICATION FAILED TO START
***************************

Description:

Field objectMapper in com.zh.service.impl.InventoryServiceImpl required a bean of type 'com.fasterxml.jackson.databind.ObjectMapper' that could not be found.

The injection point has the following annotations:
	- @org.springframework.beans.factory.annotation.Autowired(required=true)


Action:

Consider defining a bean of type 'com.fasterxml.jackson.databind.ObjectMapper' in your configuration.

17:24:10:228  INFO 55812 --- [warehouse] [main] com.zh.WarehouseApplication              : Starting WarehouseApplication using Java 17.0.16 with PID 55812 (E:\ideaProject\warehouse\target\classes started by 张乐宇 in E:\ideaProject\warehouse)
17:24:10:232 DEBUG 55812 --- [warehouse] [main] com.zh.WarehouseApplication              : Running with Spring Boot v4.1.0, Spring v7.0.8
17:24:10:233  INFO 55812 --- [warehouse] [main] com.zh.WarehouseApplication              : The following 1 profile is active: "local"
17:24:10:813  INFO 55812 --- [warehouse] [main] .s.d.r.c.RepositoryConfigurationDelegate : Multiple Spring Data modules found, entering strict repository configuration mode
17:24:10:814  INFO 55812 --- [warehouse] [main] .s.d.r.c.RepositoryConfigurationDelegate : Bootstrapping Spring Data JDBC repositories in DEFAULT mode.
17:24:10:831  INFO 55812 --- [warehouse] [main] .s.d.r.c.RepositoryConfigurationDelegate : Finished Spring Data repository scanning in 12 ms. Found 0 JDBC repository interfaces.
17:24:10:859  INFO 55812 --- [warehouse] [main] .s.d.r.c.RepositoryConfigurationDelegate : Multiple Spring Data modules found, entering strict repository configuration mode
17:24:10:860  INFO 55812 --- [warehouse] [main] .s.d.r.c.RepositoryConfigurationDelegate : Bootstrapping Spring Data Redis repositories in DEFAULT mode.
17:24:10:870  INFO 55812 --- [warehouse] [main] .s.d.r.c.RepositoryConfigurationDelegate : Finished Spring Data repository scanning in 3 ms. Found 0 Redis repository interfaces.
17:24:11:305  INFO 55812 --- [warehouse] [main] o.s.boot.tomcat.TomcatWebServer          : Tomcat initialized with port 8000 (http)
17:24:11:314  INFO 55812 --- [warehouse] [main] o.apache.catalina.core.StandardService   : Starting service [Tomcat]
17:24:11:314  INFO 55812 --- [warehouse] [main] o.apache.catalina.core.StandardEngine    : Starting Servlet engine: [Apache Tomcat/11.0.22]
17:24:11:349  INFO 55812 --- [warehouse] [main] b.w.c.s.WebApplicationContextInitializer : Root WebApplicationContext: initialization completed in 1059 ms
17:24:11:975  WARN 55812 --- [warehouse] [main] ConfigServletWebServerApplicationContext : Exception encountered during context initialization - cancelling refresh attempt: org.springframework.beans.factory.UnsatisfiedDependencyException: Error creating bean with name 'inventoryController': Unsatisfied dependency expressed through field 'inventoryService': Error creating bean with name 'inventoryServiceImpl': Unsatisfied dependency expressed through field 'objectMapper': No qualifying bean of type 'com.fasterxml.jackson.databind.ObjectMapper' available: expected at least 1 bean which qualifies as autowire candidate. Dependency annotations: {@org.springframework.beans.factory.annotation.Autowired(required=true)}
17:24:11:989  INFO 55812 --- [warehouse] [main] o.apache.catalina.core.StandardService   : Stopping service [Tomcat]
17:24:11:997  INFO 55812 --- [warehouse] [main] .s.b.a.l.ConditionEvaluationReportLogger : 

Error starting ApplicationContext. To display the condition evaluation report re-run your application with 'debug' enabled.
17:24:12:007 ERROR 55812 --- [warehouse] [main] o.s.b.d.LoggingFailureAnalysisReporter   : 

***************************
APPLICATION FAILED TO START
***************************

Description:

Field objectMapper in com.zh.service.impl.InventoryServiceImpl required a bean of type 'com.fasterxml.jackson.databind.ObjectMapper' that could not be found.

The injection point has the following annotations:
	- @org.springframework.beans.factory.annotation.Autowired(required=true)


Action:

Consider defining a bean of type 'com.fasterxml.jackson.databind.ObjectMapper' in your configuration.

17:24:28:346  INFO 43084 --- [warehouse] [main] com.zh.WarehouseApplication              : Starting WarehouseApplication using Java 17.0.16 with PID 43084 (E:\ideaProject\warehouse\target\classes started by 张乐宇 in E:\ideaProject\warehouse)
17:24:28:350 DEBUG 43084 --- [warehouse] [main] com.zh.WarehouseApplication              : Running with Spring Boot v4.1.0, Spring v7.0.8
17:24:28:351  INFO 43084 --- [warehouse] [main] com.zh.WarehouseApplication              : The following 1 profile is active: "local"
17:24:29:016  INFO 43084 --- [warehouse] [main] .s.d.r.c.RepositoryConfigurationDelegate : Multiple Spring Data modules found, entering strict repository configuration mode
17:24:29:016  INFO 43084 --- [warehouse] [main] .s.d.r.c.RepositoryConfigurationDelegate : Bootstrapping Spring Data JDBC repositories in DEFAULT mode.
17:24:29:029  INFO 43084 --- [warehouse] [main] .s.d.r.c.RepositoryConfigurationDelegate : Finished Spring Data repository scanning in 8 ms. Found 0 JDBC repository interfaces.
17:24:29:061  INFO 43084 --- [warehouse] [main] .s.d.r.c.RepositoryConfigurationDelegate : Multiple Spring Data modules found, entering strict repository configuration mode
17:24:29:062  INFO 43084 --- [warehouse] [main] .s.d.r.c.RepositoryConfigurationDelegate : Bootstrapping Spring Data Redis repositories in DEFAULT mode.
17:24:29:071  INFO 43084 --- [warehouse] [main] .s.d.r.c.RepositoryConfigurationDelegate : Finished Spring Data repository scanning in 4 ms. Found 0 Redis repository interfaces.
17:24:29:477  INFO 43084 --- [warehouse] [main] o.s.boot.tomcat.TomcatWebServer          : Tomcat initialized with port 8000 (http)
17:24:29:487  INFO 43084 --- [warehouse] [main] o.apache.catalina.core.StandardService   : Starting service [Tomcat]
17:24:29:488  INFO 43084 --- [warehouse] [main] o.apache.catalina.core.StandardEngine    : Starting Servlet engine: [Apache Tomcat/11.0.22]
17:24:29:525  INFO 43084 --- [warehouse] [main] b.w.c.s.WebApplicationContextInitializer : Root WebApplicationContext: initialization completed in 1122 ms
17:24:30:148  WARN 43084 --- [warehouse] [main] ConfigServletWebServerApplicationContext : Exception encountered during context initialization - cancelling refresh attempt: org.springframework.beans.factory.UnsatisfiedDependencyException: Error creating bean with name 'inventoryController': Unsatisfied dependency expressed through field 'inventoryService': Error creating bean with name 'inventoryServiceImpl': Unsatisfied dependency expressed through field 'objectMapper': No qualifying bean of type 'com.fasterxml.jackson.databind.ObjectMapper' available: expected at least 1 bean which qualifies as autowire candidate. Dependency annotations: {@org.springframework.beans.factory.annotation.Autowired(required=true)}
17:24:30:160  INFO 43084 --- [warehouse] [main] o.apache.catalina.core.StandardService   : Stopping service [Tomcat]
17:24:30:169  INFO 43084 --- [warehouse] [main] .s.b.a.l.ConditionEvaluationReportLogger : 

Error starting ApplicationContext. To display the condition evaluation report re-run your application with 'debug' enabled.
17:24:30:178 ERROR 43084 --- [warehouse] [main] o.s.b.d.LoggingFailureAnalysisReporter   : 

***************************
APPLICATION FAILED TO START
***************************

Description:

Field objectMapper in com.zh.service.impl.InventoryServiceImpl required a bean of type 'com.fasterxml.jackson.databind.ObjectMapper' that could not be found.

The injection point has the following annotations:
	- @org.springframework.beans.factory.annotation.Autowired(required=true)


Action:

Consider defining a bean of type 'com.fasterxml.jackson.databind.ObjectMapper' in your configuration.

17:27:10:652  INFO 19792 --- [warehouse] [main] com.zh.WarehouseApplication              : Starting WarehouseApplication using Java 17.0.16 with PID 19792 (E:\ideaProject\warehouse\target\classes started by 张乐宇 in E:\ideaProject\warehouse)
17:27:10:654 DEBUG 19792 --- [warehouse] [main] com.zh.WarehouseApplication              : Running with Spring Boot v4.1.0, Spring v7.0.8
17:27:10:655  INFO 19792 --- [warehouse] [main] com.zh.WarehouseApplication              : The following 1 profile is active: "local"
17:27:11:200  INFO 19792 --- [warehouse] [main] .s.d.r.c.RepositoryConfigurationDelegate : Multiple Spring Data modules found, entering strict repository configuration mode
17:27:11:202  INFO 19792 --- [warehouse] [main] .s.d.r.c.RepositoryConfigurationDelegate : Bootstrapping Spring Data JDBC repositories in DEFAULT mode.
17:27:11:225  INFO 19792 --- [warehouse] [main] .s.d.r.c.RepositoryConfigurationDelegate : Finished Spring Data repository scanning in 15 ms. Found 0 JDBC repository interfaces.
17:27:11:268  INFO 19792 --- [warehouse] [main] .s.d.r.c.RepositoryConfigurationDelegate : Multiple Spring Data modules found, entering strict repository configuration mode
17:27:11:268  INFO 19792 --- [warehouse] [main] .s.d.r.c.RepositoryConfigurationDelegate : Bootstrapping Spring Data Redis repositories in DEFAULT mode.
17:27:11:282  INFO 19792 --- [warehouse] [main] .s.d.r.c.RepositoryConfigurationDelegate : Finished Spring Data repository scanning in 3 ms. Found 0 Redis repository interfaces.
17:27:11:690  INFO 19792 --- [warehouse] [main] o.s.boot.tomcat.TomcatWebServer          : Tomcat initialized with port 8000 (http)
17:27:11:699  INFO 19792 --- [warehouse] [main] o.apache.catalina.core.StandardService   : Starting service [Tomcat]
17:27:11:700  INFO 19792 --- [warehouse] [main] o.apache.catalina.core.StandardEngine    : Starting Servlet engine: [Apache Tomcat/11.0.22]
17:27:11:737  INFO 19792 --- [warehouse] [main] b.w.c.s.WebApplicationContextInitializer : Root WebApplicationContext: initialization completed in 1042 ms
17:27:12:411  WARN 19792 --- [warehouse] [main] ConfigServletWebServerApplicationContext : Exception encountered during context initialization - cancelling refresh attempt: org.springframework.beans.factory.UnsatisfiedDependencyException: Error creating bean with name 'inventoryController': Unsatisfied dependency expressed through field 'inventoryService': Error creating bean with name 'inventoryServiceImpl': Unsatisfied dependency expressed through field 'objectMapper': No qualifying bean of type 'com.fasterxml.jackson.databind.ObjectMapper' available: expected at least 1 bean which qualifies as autowire candidate. Dependency annotations: {@org.springframework.beans.factory.annotation.Autowired(required=true)}
17:27:12:423  INFO 19792 --- [warehouse] [main] o.apache.catalina.core.StandardService   : Stopping service [Tomcat]
17:27:12:430  INFO 19792 --- [warehouse] [main] .s.b.a.l.ConditionEvaluationReportLogger : 

Error starting ApplicationContext. To display the condition evaluation report re-run your application with 'debug' enabled.
17:27:12:439 ERROR 19792 --- [warehouse] [main] o.s.b.d.LoggingFailureAnalysisReporter   : 

***************************
APPLICATION FAILED TO START
***************************

Description:

Field objectMapper in com.zh.service.impl.InventoryServiceImpl required a bean of type 'com.fasterxml.jackson.databind.ObjectMapper' that could not be found.

The injection point has the following annotations:
	- @org.springframework.beans.factory.annotation.Autowired(required=true)


Action:

Consider defining a bean of type 'com.fasterxml.jackson.databind.ObjectMapper' in your configuration.

17:29:37:852  INFO 35792 --- [warehouse] [main] com.zh.WarehouseApplication              : Starting WarehouseApplication using Java 17.0.16 with PID 35792 (E:\ideaProject\warehouse\target\classes started by 张乐宇 in E:\ideaProject\warehouse)
17:29:37:854 DEBUG 35792 --- [warehouse] [main] com.zh.WarehouseApplication              : Running with Spring Boot v4.1.0, Spring v7.0.8
17:29:37:855  INFO 35792 --- [warehouse] [main] com.zh.WarehouseApplication              : The following 1 profile is active: "local"
17:29:38:860  INFO 35792 --- [warehouse] [main] .s.d.r.c.RepositoryConfigurationDelegate : Multiple Spring Data modules found, entering strict repository configuration mode
17:29:38:861  INFO 35792 --- [warehouse] [main] .s.d.r.c.RepositoryConfigurationDelegate : Bootstrapping Spring Data JDBC repositories in DEFAULT mode.
17:29:38:875  INFO 35792 --- [warehouse] [main] .s.d.r.c.RepositoryConfigurationDelegate : Finished Spring Data repository scanning in 10 ms. Found 0 JDBC repository interfaces.
17:29:38:905  INFO 35792 --- [warehouse] [main] .s.d.r.c.RepositoryConfigurationDelegate : Multiple Spring Data modules found, entering strict repository configuration mode
17:29:38:906  INFO 35792 --- [warehouse] [main] .s.d.r.c.RepositoryConfigurationDelegate : Bootstrapping Spring Data Redis repositories in DEFAULT mode.
17:29:38:915  INFO 35792 --- [warehouse] [main] .s.d.r.c.RepositoryConfigurationDelegate : Finished Spring Data repository scanning in 3 ms. Found 0 Redis repository interfaces.
17:29:39:364  INFO 35792 --- [warehouse] [main] o.s.boot.tomcat.TomcatWebServer          : Tomcat initialized with port 8000 (http)
17:29:39:374  INFO 35792 --- [warehouse] [main] o.apache.catalina.core.StandardService   : Starting service [Tomcat]
17:29:39:375  INFO 35792 --- [warehouse] [main] o.apache.catalina.core.StandardEngine    : Starting Servlet engine: [Apache Tomcat/11.0.22]
17:29:39:412  INFO 35792 --- [warehouse] [main] b.w.c.s.WebApplicationContextInitializer : Root WebApplicationContext: initialization completed in 1504 ms
17:29:40:155  WARN 35792 --- [warehouse] [main] ConfigServletWebServerApplicationContext : Exception encountered during context initialization - cancelling refresh attempt: org.springframework.beans.factory.UnsatisfiedDependencyException: Error creating bean with name 'inventoryController': Unsatisfied dependency expressed through field 'inventoryService': Error creating bean with name 'inventoryServiceImpl': Unsatisfied dependency expressed through field 'objectMapper': No qualifying bean of type 'com.fasterxml.jackson.databind.ObjectMapper' available: expected at least 1 bean which qualifies as autowire candidate. Dependency annotations: {@org.springframework.beans.factory.annotation.Autowired(required=true)}
17:29:40:165  INFO 35792 --- [warehouse] [main] o.apache.catalina.core.StandardService   : Stopping service [Tomcat]
17:29:40:172  INFO 35792 --- [warehouse] [main] .s.b.a.l.ConditionEvaluationReportLogger : 

Error starting ApplicationContext. To display the condition evaluation report re-run your application with 'debug' enabled.
17:29:40:180 ERROR 35792 --- [warehouse] [main] o.s.b.d.LoggingFailureAnalysisReporter   : 

***************************
APPLICATION FAILED TO START
***************************

Description:

Field objectMapper in com.zh.service.impl.InventoryServiceImpl required a bean of type 'com.fasterxml.jackson.databind.ObjectMapper' that could not be found.

The injection point has the following annotations:
	- @org.springframework.beans.factory.annotation.Autowired(required=true)


Action:

Consider defining a bean of type 'com.fasterxml.jackson.databind.ObjectMapper' in your configuration.

17:31:18:916  INFO 64844 --- [warehouse] [main] com.zh.WarehouseApplication              : Starting WarehouseApplication using Java 17.0.16 with PID 64844 (E:\ideaProject\warehouse\target\classes started by 张乐宇 in E:\ideaProject\warehouse)
17:31:18:919 DEBUG 64844 --- [warehouse] [main] com.zh.WarehouseApplication              : Running with Spring Boot v4.1.0, Spring v7.0.8
17:31:18:919  INFO 64844 --- [warehouse] [main] com.zh.WarehouseApplication              : The following 1 profile is active: "local"
17:31:19:526  INFO 64844 --- [warehouse] [main] .s.d.r.c.RepositoryConfigurationDelegate : Multiple Spring Data modules found, entering strict repository configuration mode
17:31:19:527  INFO 64844 --- [warehouse] [main] .s.d.r.c.RepositoryConfigurationDelegate : Bootstrapping Spring Data JDBC repositories in DEFAULT mode.
17:31:19:540  INFO 64844 --- [warehouse] [main] .s.d.r.c.RepositoryConfigurationDelegate : Finished Spring Data repository scanning in 9 ms. Found 0 JDBC repository interfaces.
17:31:19:570  INFO 64844 --- [warehouse] [main] .s.d.r.c.RepositoryConfigurationDelegate : Multiple Spring Data modules found, entering strict repository configuration mode
17:31:19:571  INFO 64844 --- [warehouse] [main] .s.d.r.c.RepositoryConfigurationDelegate : Bootstrapping Spring Data Redis repositories in DEFAULT mode.
17:31:19:580  INFO 64844 --- [warehouse] [main] .s.d.r.c.RepositoryConfigurationDelegate : Finished Spring Data repository scanning in 3 ms. Found 0 Redis repository interfaces.
17:31:19:980  INFO 64844 --- [warehouse] [main] o.s.boot.tomcat.TomcatWebServer          : Tomcat initialized with port 8000 (http)
17:31:19:990  INFO 64844 --- [warehouse] [main] o.apache.catalina.core.StandardService   : Starting service [Tomcat]
17:31:19:990  INFO 64844 --- [warehouse] [main] o.apache.catalina.core.StandardEngine    : Starting Servlet engine: [Apache Tomcat/11.0.22]
17:31:20:021  INFO 64844 --- [warehouse] [main] b.w.c.s.WebApplicationContextInitializer : Root WebApplicationContext: initialization completed in 1064 ms
17:31:20:779  INFO 64844 --- [warehouse] [main] org.redisson.Version                     : Redisson 3.52.0
17:31:21:048  INFO 64844 --- [warehouse] [redisson-netty-4-4] o.redisson.connection.ConnectionsHolder  : 1 connections initialized for 192.168.100.128/192.168.100.128:6379
17:31:21:117  INFO 64844 --- [warehouse] [redisson-netty-4-19] o.redisson.connection.ConnectionsHolder  : 24 connections initialized for 192.168.100.128/192.168.100.128:6379
17:31:21:360  INFO 64844 --- [warehouse] [main] b.m.s.MybatisPlusApplicationContextAware : Register ApplicationContext instances org.springframework.boot.web.server.servlet.context.AnnotationConfigServletWebServerApplicationContext@5990e6c5
17:31:21:415  INFO 64844 --- [warehouse] [main] com.zaxxer.hikari.HikariDataSource       : HikariPool-1 - Starting...
17:31:21:686  INFO 64844 --- [warehouse] [main] com.zaxxer.hikari.pool.HikariPool        : HikariPool-1 - Added connection com.mysql.cj.jdbc.ConnectionImpl@5089a72b
17:31:21:687  INFO 64844 --- [warehouse] [main] com.zaxxer.hikari.HikariDataSource       : HikariPool-1 - Start completed.
17:31:21:848  INFO 64844 --- [warehouse] [main] o.s.boot.tomcat.TomcatWebServer          : Tomcat started on port 8000 (http) with context path '/'
17:31:21:853  INFO 64844 --- [warehouse] [main] com.zh.WarehouseApplication              : Started WarehouseApplication in 3.307 seconds (process running for 3.831)
17:31:32:400  INFO 64844 --- [warehouse] [http-nio-8000-exec-6] o.a.c.c.C.[Tomcat].[localhost].[/]       : Initializing Spring DispatcherServlet 'dispatcherServlet'
17:31:32:401  INFO 64844 --- [warehouse] [http-nio-8000-exec-6] o.s.web.servlet.DispatcherServlet        : Initializing Servlet 'dispatcherServlet'
17:31:32:404  INFO 64844 --- [warehouse] [http-nio-8000-exec-6] o.s.web.servlet.DispatcherServlet        : Completed initialization in 2 ms
17:31:34:294 DEBUG 64844 --- [warehouse] [http-nio-8000-exec-6] com.zh.mapper.ProductMapper.selectList   : ==>  Preparing: SELECT id,sku,name,category,unit,price,low_stock_threshold,created_at,updated_at FROM product
17:31:34:393 DEBUG 64844 --- [warehouse] [http-nio-8000-exec-6] com.zh.mapper.ProductMapper.selectList   : ==> Parameters: 
17:31:34:537 DEBUG 64844 --- [warehouse] [http-nio-8000-exec-6] com.zh.mapper.ProductMapper.selectList   : <==      Total: 11
17:31:34:585 DEBUG 64844 --- [warehouse] [http-nio-8000-exec-6] c.zh.mapper.InventoryMapper.selectList   : ==>  Preparing: SELECT id,product_id,quantity,reserved_quantity,version,updated_at FROM inventory WHERE (product_id IN (?,?,?,?,?,?,?,?,?,?,?))
17:31:34:590 DEBUG 64844 --- [warehouse] [http-nio-8000-exec-6] c.zh.mapper.InventoryMapper.selectList   : ==> Parameters: 1(Long), 2(Long), 3(Long), 4(Long), 5(Long), 6(Long), 7(Long), 8(Long), 9(Long), 10(Long), 11(Long)
17:31:34:610 DEBUG 64844 --- [warehouse] [http-nio-8000-exec-6] c.zh.mapper.InventoryMapper.selectList   : <==      Total: 10
17:31:34:631 DEBUG 64844 --- [warehouse] [http-nio-8000-exec-1] c.z.m.ProductMapper.selectList_mpCount   : ==>  Preparing: SELECT COUNT(*) AS total FROM product
17:31:34:633 DEBUG 64844 --- [warehouse] [http-nio-8000-exec-1] c.z.m.ProductMapper.selectList_mpCount   : ==> Parameters: 
17:31:34:637 DEBUG 64844 --- [warehouse] [http-nio-8000-exec-1] c.z.m.ProductMapper.selectList_mpCount   : <==      Total: 1
17:31:34:650 DEBUG 64844 --- [warehouse] [http-nio-8000-exec-1] com.zh.mapper.ProductMapper.selectList   : ==>  Preparing: SELECT id,sku,name,category,unit,price,low_stock_threshold,created_at,updated_at FROM product ORDER BY id ASC LIMIT ?
17:31:34:653 DEBUG 64844 --- [warehouse] [http-nio-8000-exec-1] com.zh.mapper.ProductMapper.selectList   : ==> Parameters: 10(Long)
17:31:34:674 DEBUG 64844 --- [warehouse] [http-nio-8000-exec-1] com.zh.mapper.ProductMapper.selectList   : <==      Total: 10
17:31:36:496 DEBUG 64844 --- [warehouse] [http-nio-8000-exec-9] c.z.m.ProductMapper.selectList_mpCount   : ==>  Preparing: SELECT COUNT(*) AS total FROM product
17:31:36:497 DEBUG 64844 --- [warehouse] [http-nio-8000-exec-9] c.z.m.ProductMapper.selectList_mpCount   : ==> Parameters: 
17:31:36:500 DEBUG 64844 --- [warehouse] [http-nio-8000-exec-9] c.z.m.ProductMapper.selectList_mpCount   : <==      Total: 1
17:31:36:501 DEBUG 64844 --- [warehouse] [http-nio-8000-exec-9] com.zh.mapper.ProductMapper.selectList   : ==>  Preparing: SELECT id,sku,name,category,unit,price,low_stock_threshold,created_at,updated_at FROM product ORDER BY id ASC LIMIT ?
17:31:36:503 DEBUG 64844 --- [warehouse] [http-nio-8000-exec-9] com.zh.mapper.ProductMapper.selectList   : ==> Parameters: 10(Long)
17:31:36:511 DEBUG 64844 --- [warehouse] [http-nio-8000-exec-9] com.zh.mapper.ProductMapper.selectList   : <==      Total: 10
17:31:37:543 DEBUG 64844 --- [warehouse] [http-nio-8000-exec-4] com.zh.mapper.ProductMapper.selectList   : ==>  Preparing: SELECT id,sku,name,category,unit,price,low_stock_threshold,created_at,updated_at FROM product
17:31:37:545 DEBUG 64844 --- [warehouse] [http-nio-8000-exec-4] com.zh.mapper.ProductMapper.selectList   : ==> Parameters: 
17:31:37:552 DEBUG 64844 --- [warehouse] [http-nio-8000-exec-4] com.zh.mapper.ProductMapper.selectList   : <==      Total: 11
17:31:37:672 DEBUG 64844 --- [warehouse] [http-nio-8000-exec-4] c.zh.mapper.InventoryMapper.selectList   : ==>  Preparing: SELECT id,product_id,quantity,reserved_quantity,version,updated_at FROM inventory WHERE (product_id IN (?))
17:31:37:675 DEBUG 64844 --- [warehouse] [http-nio-8000-exec-4] c.zh.mapper.InventoryMapper.selectList   : ==> Parameters: 11(Long)
17:31:37:678 DEBUG 64844 --- [warehouse] [http-nio-8000-exec-4] c.zh.mapper.InventoryMapper.selectList   : <==      Total: 0
17:31:38:376 DEBUG 64844 --- [warehouse] [http-nio-8000-exec-7] c.z.m.ProductMapper.selectList_mpCount   : ==>  Preparing: SELECT COUNT(*) AS total FROM product
17:31:38:380 DEBUG 64844 --- [warehouse] [http-nio-8000-exec-7] c.z.m.ProductMapper.selectList_mpCount   : ==> Parameters: 
17:31:38:382 DEBUG 64844 --- [warehouse] [http-nio-8000-exec-7] c.z.m.ProductMapper.selectList_mpCount   : <==      Total: 1
17:31:38:383 DEBUG 64844 --- [warehouse] [http-nio-8000-exec-7] com.zh.mapper.ProductMapper.selectList   : ==>  Preparing: SELECT id,sku,name,category,unit,price,low_stock_threshold,created_at,updated_at FROM product ORDER BY id ASC LIMIT ?
17:31:38:385 DEBUG 64844 --- [warehouse] [http-nio-8000-exec-7] com.zh.mapper.ProductMapper.selectList   : ==> Parameters: 10(Long)
17:31:38:397 DEBUG 64844 --- [warehouse] [http-nio-8000-exec-7] com.zh.mapper.ProductMapper.selectList   : <==      Total: 10
17:31:38:619 DEBUG 64844 --- [warehouse] [http-nio-8000-exec-8] com.zh.mapper.ProductMapper.selectList   : ==>  Preparing: SELECT id,sku,name,category,unit,price,low_stock_threshold,created_at,updated_at FROM product
17:31:38:620 DEBUG 64844 --- [warehouse] [http-nio-8000-exec-8] com.zh.mapper.ProductMapper.selectList   : ==> Parameters: 
17:31:38:631 DEBUG 64844 --- [warehouse] [http-nio-8000-exec-8] com.zh.mapper.ProductMapper.selectList   : <==      Total: 11
17:31:38:672 DEBUG 64844 --- [warehouse] [http-nio-8000-exec-8] c.zh.mapper.InventoryMapper.selectList   : ==>  Preparing: SELECT id,product_id,quantity,reserved_quantity,version,updated_at FROM inventory WHERE (product_id IN (?))
17:31:38:675 DEBUG 64844 --- [warehouse] [http-nio-8000-exec-8] c.zh.mapper.InventoryMapper.selectList   : ==> Parameters: 11(Long)
17:31:38:678 DEBUG 64844 --- [warehouse] [http-nio-8000-exec-8] c.zh.mapper.InventoryMapper.selectList   : <==      Total: 0
17:31:39:252 DEBUG 64844 --- [warehouse] [http-nio-8000-exec-2] c.z.m.ProductMapper.selectList_mpCount   : ==>  Preparing: SELECT COUNT(*) AS total FROM product
17:31:39:254 DEBUG 64844 --- [warehouse] [http-nio-8000-exec-2] c.z.m.ProductMapper.selectList_mpCount   : ==> Parameters: 
17:31:39:260 DEBUG 64844 --- [warehouse] [http-nio-8000-exec-2] c.z.m.ProductMapper.selectList_mpCount   : <==      Total: 1
17:31:39:260 DEBUG 64844 --- [warehouse] [http-nio-8000-exec-2] com.zh.mapper.ProductMapper.selectList   : ==>  Preparing: SELECT id,sku,name,category,unit,price,low_stock_threshold,created_at,updated_at FROM product ORDER BY id ASC LIMIT ?
17:31:39:263 DEBUG 64844 --- [warehouse] [http-nio-8000-exec-2] com.zh.mapper.ProductMapper.selectList   : ==> Parameters: 10(Long)
17:31:39:272 DEBUG 64844 --- [warehouse] [http-nio-8000-exec-2] com.zh.mapper.ProductMapper.selectList   : <==      Total: 10
17:31:40:305 DEBUG 64844 --- [warehouse] [http-nio-8000-exec-3] com.zh.mapper.ProductMapper.selectList   : ==>  Preparing: SELECT id,sku,name,category,unit,price,low_stock_threshold,created_at,updated_at FROM product
17:31:40:306 DEBUG 64844 --- [warehouse] [http-nio-8000-exec-3] com.zh.mapper.ProductMapper.selectList   : ==> Parameters: 
17:31:40:314 DEBUG 64844 --- [warehouse] [http-nio-8000-exec-3] com.zh.mapper.ProductMapper.selectList   : <==      Total: 11
17:31:40:357 DEBUG 64844 --- [warehouse] [http-nio-8000-exec-3] c.zh.mapper.InventoryMapper.selectList   : ==>  Preparing: SELECT id,product_id,quantity,reserved_quantity,version,updated_at FROM inventory WHERE (product_id IN (?))
17:31:40:361 DEBUG 64844 --- [warehouse] [http-nio-8000-exec-3] c.zh.mapper.InventoryMapper.selectList   : ==> Parameters: 11(Long)
17:31:40:366 DEBUG 64844 --- [warehouse] [http-nio-8000-exec-3] c.zh.mapper.InventoryMapper.selectList   : <==      Total: 0
17:31:40:590 DEBUG 64844 --- [warehouse] [http-nio-8000-exec-5] com.zh.mapper.OrdersMapper.selectList    : ==>  Preparing: SELECT id,order_no,type,status,total_quantity,operator_id,operator_name,remark,created_at,confirmed_at FROM orders ORDER BY created_at DESC
17:31:40:591 DEBUG 64844 --- [warehouse] [http-nio-8000-exec-5] com.zh.mapper.OrdersMapper.selectList    : ==> Parameters: 
17:31:40:603 DEBUG 64844 --- [warehouse] [http-nio-8000-exec-5] com.zh.mapper.OrdersMapper.selectList    : <==      Total: 11
17:31:40:612 DEBUG 64844 --- [warehouse] [http-nio-8000-exec-5] c.zh.mapper.OrderItemMapper.selectList   : ==>  Preparing: SELECT id,order_id,product_id,product_name,quantity FROM order_item WHERE (order_id IN (?,?,?,?,?,?,?,?,?,?,?))
17:31:40:615 DEBUG 64844 --- [warehouse] [http-nio-8000-exec-5] c.zh.mapper.OrderItemMapper.selectList   : ==> Parameters: 11(Long), 10(Long), 9(Long), 8(Long), 7(Long), 6(Long), 5(Long), 4(Long), 2(Long), 3(Long), 1(Long)
17:31:40:622 DEBUG 64844 --- [warehouse] [http-nio-8000-exec-5] c.zh.mapper.OrderItemMapper.selectList   : <==      Total: 14
17:31:41:155 DEBUG 64844 --- [warehouse] [http-nio-8000-exec-10] c.z.m.ProductMapper.selectList_mpCount   : ==>  Preparing: SELECT COUNT(*) AS total FROM product
17:31:41:158 DEBUG 64844 --- [warehouse] [http-nio-8000-exec-10] c.z.m.ProductMapper.selectList_mpCount   : ==> Parameters: 
17:31:41:159 DEBUG 64844 --- [warehouse] [http-nio-8000-exec-10] c.z.m.ProductMapper.selectList_mpCount   : <==      Total: 1
17:31:41:160 DEBUG 64844 --- [warehouse] [http-nio-8000-exec-10] com.zh.mapper.ProductMapper.selectList   : ==>  Preparing: SELECT id,sku,name,category,unit,price,low_stock_threshold,created_at,updated_at FROM product ORDER BY id ASC LIMIT ?
17:31:41:162 DEBUG 64844 --- [warehouse] [http-nio-8000-exec-10] com.zh.mapper.ProductMapper.selectList   : ==> Parameters: 10(Long)
17:31:41:169 DEBUG 64844 --- [warehouse] [http-nio-8000-exec-10] com.zh.mapper.ProductMapper.selectList   : <==      Total: 10
17:31:42:353 DEBUG 64844 --- [warehouse] [http-nio-8000-exec-6] com.zh.mapper.ProductMapper.selectList   : ==>  Preparing: SELECT id,sku,name,category,unit,price,low_stock_threshold,created_at,updated_at FROM product
17:31:42:355 DEBUG 64844 --- [warehouse] [http-nio-8000-exec-6] com.zh.mapper.ProductMapper.selectList   : ==> Parameters: 
17:31:42:359 DEBUG 64844 --- [warehouse] [http-nio-8000-exec-6] com.zh.mapper.ProductMapper.selectList   : <==      Total: 11
17:31:42:390 DEBUG 64844 --- [warehouse] [http-nio-8000-exec-6] c.zh.mapper.InventoryMapper.selectList   : ==>  Preparing: SELECT id,product_id,quantity,reserved_quantity,version,updated_at FROM inventory WHERE (product_id IN (?))
17:31:42:392 DEBUG 64844 --- [warehouse] [http-nio-8000-exec-6] c.zh.mapper.InventoryMapper.selectList   : ==> Parameters: 11(Long)
17:31:42:395 DEBUG 64844 --- [warehouse] [http-nio-8000-exec-6] c.zh.mapper.InventoryMapper.selectList   : <==      Total: 0
17:31:43:164 DEBUG 64844 --- [warehouse] [http-nio-8000-exec-1] com.zh.mapper.ProductMapper.selectList   : ==>  Preparing: SELECT id,sku,name,category,unit,price,low_stock_threshold,created_at,updated_at FROM product
17:31:43:164 DEBUG 64844 --- [warehouse] [http-nio-8000-exec-1] com.zh.mapper.ProductMapper.selectList   : ==> Parameters: 
17:31:43:171 DEBUG 64844 --- [warehouse] [http-nio-8000-exec-1] com.zh.mapper.ProductMapper.selectList   : <==      Total: 11
17:31:43:192 DEBUG 64844 --- [warehouse] [http-nio-8000-exec-1] c.zh.mapper.InventoryMapper.selectList   : ==>  Preparing: SELECT id,product_id,quantity,reserved_quantity,version,updated_at FROM inventory WHERE (product_id IN (?))
17:31:43:193 DEBUG 64844 --- [warehouse] [http-nio-8000-exec-1] c.zh.mapper.InventoryMapper.selectList   : ==> Parameters: 11(Long)
17:31:43:195 DEBUG 64844 --- [warehouse] [http-nio-8000-exec-1] c.zh.mapper.InventoryMapper.selectList   : <==      Total: 0
17:31:44:487  INFO 64844 --- [warehouse] [http-nio-8000-exec-9] com.zh.controller.UserController         : 用户1退出登录
17:31:48:239 DEBUG 64844 --- [warehouse] [http-nio-8000-exec-4] c.zh.mapper.UserMapper.selectWithCursor  : ==>  Preparing: SELECT id,username,password,display_name,role,created_at FROM user WHERE (username = ?)
17:31:48:243 DEBUG 64844 --- [warehouse] [http-nio-8000-exec-4] c.zh.mapper.UserMapper.selectWithCursor  : ==> Parameters: admin(String)
17:31:48:262 DEBUG 64844 --- [warehouse] [http-nio-8000-exec-4] c.zh.mapper.UserMapper.selectWithCursor  : <==      Total: 1
17:31:48:427  INFO 64844 --- [warehouse] [http-nio-8000-exec-4] com.zh.service.impl.UserServiceImpl      : 用户登录成功：UserLoginVO(token=eyJ0eXAiOiJKV1QiLCJhbGciOiJSUzI1NiJ9.eyJ1c2VyIjoxLCJleHAiOjE3ODY0NDA3MDh9.GwfnnDz7j8Jgh7I4DgqI6Pv1Wfs0VdBESGBkc9fJLJJCHzjXyhVa_QhiZkC4iNzAVExAArHJVzgt7j5lV_T0erP_fC-hxRXj6ICFUbsxTv4Lov8-z1ulDUQO_yVK_cZ4tj1h6ifvWvxnYq71qL9QHvH2HbVNcnduWpaK5IKUB4oxCFSgJ3pobXpmqo22Jvq61y9_kDrbxQXnpFKyVTDTULECYvZEuZljJwziu-4e-SB_UlZFWuxTkiaslICcQZYw4WmuQfeOAs1jheUE_Ov5XFQOvFxJEizwsOg_hAvoOOdnxnHLtPRHZLrm0cMZNHw6wg1aBYNNl9lpx7_1-Rdp0g, displayName=管理员, role=ADMIN)
17:31:49:844 DEBUG 64844 --- [warehouse] [http-nio-8000-exec-8] c.z.m.ProductMapper.selectList_mpCount   : ==>  Preparing: SELECT COUNT(*) AS total FROM product
17:31:49:845 DEBUG 64844 --- [warehouse] [http-nio-8000-exec-8] c.z.m.ProductMapper.selectList_mpCount   : ==> Parameters: 
17:31:49:848 DEBUG 64844 --- [warehouse] [http-nio-8000-exec-8] c.z.m.ProductMapper.selectList_mpCount   : <==      Total: 1
17:31:49:849 DEBUG 64844 --- [warehouse] [http-nio-8000-exec-8] com.zh.mapper.ProductMapper.selectList   : ==>  Preparing: SELECT id,sku,name,category,unit,price,low_stock_threshold,created_at,updated_at FROM product ORDER BY id ASC LIMIT ?
17:31:49:850 DEBUG 64844 --- [warehouse] [http-nio-8000-exec-8] com.zh.mapper.ProductMapper.selectList   : ==> Parameters: 10(Long)
17:31:49:856 DEBUG 64844 --- [warehouse] [http-nio-8000-exec-8] com.zh.mapper.ProductMapper.selectList   : <==      Total: 10
17:31:50:830 DEBUG 64844 --- [warehouse] [http-nio-8000-exec-2] com.zh.mapper.ProductMapper.selectList   : ==>  Preparing: SELECT id,sku,name,category,unit,price,low_stock_threshold,created_at,updated_at FROM product
17:31:50:831 DEBUG 64844 --- [warehouse] [http-nio-8000-exec-2] com.zh.mapper.ProductMapper.selectList   : ==> Parameters: 
17:31:50:836 DEBUG 64844 --- [warehouse] [http-nio-8000-exec-2] com.zh.mapper.ProductMapper.selectList   : <==      Total: 11
17:31:50:869 DEBUG 64844 --- [warehouse] [http-nio-8000-exec-2] c.zh.mapper.InventoryMapper.selectList   : ==>  Preparing: SELECT id,product_id,quantity,reserved_quantity,version,updated_at FROM inventory WHERE (product_id IN (?))
17:31:50:871 DEBUG 64844 --- [warehouse] [http-nio-8000-exec-2] c.zh.mapper.InventoryMapper.selectList   : ==> Parameters: 11(Long)
17:31:50:874 DEBUG 64844 --- [warehouse] [http-nio-8000-exec-2] c.zh.mapper.InventoryMapper.selectList   : <==      Total: 0
17:31:51:487 DEBUG 64844 --- [warehouse] [http-nio-8000-exec-3] com.zh.mapper.OrdersMapper.selectList    : ==>  Preparing: SELECT id,order_no,type,status,total_quantity,operator_id,operator_name,remark,created_at,confirmed_at FROM orders ORDER BY created_at DESC
17:31:51:488 DEBUG 64844 --- [warehouse] [http-nio-8000-exec-3] com.zh.mapper.OrdersMapper.selectList    : ==> Parameters: 
17:31:51:497 DEBUG 64844 --- [warehouse] [http-nio-8000-exec-3] com.zh.mapper.OrdersMapper.selectList    : <==      Total: 11
17:31:51:499 DEBUG 64844 --- [warehouse] [http-nio-8000-exec-3] c.zh.mapper.OrderItemMapper.selectList   : ==>  Preparing: SELECT id,order_id,product_id,product_name,quantity FROM order_item WHERE (order_id IN (?,?,?,?,?,?,?,?,?,?,?))
17:31:51:500 DEBUG 64844 --- [warehouse] [http-nio-8000-exec-3] c.zh.mapper.OrderItemMapper.selectList   : ==> Parameters: 11(Long), 10(Long), 9(Long), 8(Long), 7(Long), 6(Long), 5(Long), 4(Long), 2(Long), 3(Long), 1(Long)
17:31:51:507 DEBUG 64844 --- [warehouse] [http-nio-8000-exec-3] c.zh.mapper.OrderItemMapper.selectList   : <==      Total: 14
17:37:37:197  INFO 64844 --- [warehouse] [SpringApplicationShutdownHook] o.s.boot.tomcat.GracefulShutdown         : Commencing graceful shutdown. Waiting for active requests to complete
17:37:37:333  INFO 64844 --- [warehouse] [tomcat-shutdown] o.s.boot.tomcat.GracefulShutdown         : Graceful shutdown complete
17:37:37:378  INFO 64844 --- [warehouse] [SpringApplicationShutdownHook] com.zaxxer.hikari.HikariDataSource       : HikariPool-1 - Shutdown initiated...
17:37:37:391  INFO 64844 --- [warehouse] [SpringApplicationShutdownHook] com.zaxxer.hikari.HikariDataSource       : HikariPool-1 - Shutdown completed.
17:37:42:957  INFO 55988 --- [warehouse] [main] com.zh.WarehouseApplication              : Starting WarehouseApplication using Java 17.0.16 with PID 55988 (E:\ideaProject\warehouse\target\classes started by 张乐宇 in E:\ideaProject\warehouse)
17:37:42:959 DEBUG 55988 --- [warehouse] [main] com.zh.WarehouseApplication              : Running with Spring Boot v4.1.0, Spring v7.0.8
17:37:42:960  INFO 55988 --- [warehouse] [main] com.zh.WarehouseApplication              : The following 1 profile is active: "local"
17:37:43:513  INFO 55988 --- [warehouse] [main] .s.d.r.c.RepositoryConfigurationDelegate : Multiple Spring Data modules found, entering strict repository configuration mode
17:37:43:514  INFO 55988 --- [warehouse] [main] .s.d.r.c.RepositoryConfigurationDelegate : Bootstrapping Spring Data JDBC repositories in DEFAULT mode.
17:37:43:529  INFO 55988 --- [warehouse] [main] .s.d.r.c.RepositoryConfigurationDelegate : Finished Spring Data repository scanning in 11 ms. Found 0 JDBC repository interfaces.
17:37:43:558  INFO 55988 --- [warehouse] [main] .s.d.r.c.RepositoryConfigurationDelegate : Multiple Spring Data modules found, entering strict repository configuration mode
17:37:43:559  INFO 55988 --- [warehouse] [main] .s.d.r.c.RepositoryConfigurationDelegate : Bootstrapping Spring Data Redis repositories in DEFAULT mode.
17:37:43:568  INFO 55988 --- [warehouse] [main] .s.d.r.c.RepositoryConfigurationDelegate : Finished Spring Data repository scanning in 3 ms. Found 0 Redis repository interfaces.
17:37:43:956  INFO 55988 --- [warehouse] [main] o.s.boot.tomcat.TomcatWebServer          : Tomcat initialized with port 8000 (http)
17:37:43:963  INFO 55988 --- [warehouse] [main] o.apache.catalina.core.StandardService   : Starting service [Tomcat]
17:37:43:964  INFO 55988 --- [warehouse] [main] o.apache.catalina.core.StandardEngine    : Starting Servlet engine: [Apache Tomcat/11.0.22]
17:37:44:000  INFO 55988 --- [warehouse] [main] b.w.c.s.WebApplicationContextInitializer : Root WebApplicationContext: initialization completed in 1004 ms
17:37:44:742  INFO 55988 --- [warehouse] [main] org.redisson.Version                     : Redisson 3.52.0
17:37:44:995  INFO 55988 --- [warehouse] [redisson-netty-4-5] o.redisson.connection.ConnectionsHolder  : 1 connections initialized for 192.168.100.128/192.168.100.128:6379
17:37:45:074  INFO 55988 --- [warehouse] [redisson-netty-4-19] o.redisson.connection.ConnectionsHolder  : 24 connections initialized for 192.168.100.128/192.168.100.128:6379
17:37:45:401  INFO 55988 --- [warehouse] [main] b.m.s.MybatisPlusApplicationContextAware : Register ApplicationContext instances org.springframework.boot.web.server.servlet.context.AnnotationConfigServletWebServerApplicationContext@56e07a08
17:37:45:448  INFO 55988 --- [warehouse] [main] com.zaxxer.hikari.HikariDataSource       : HikariPool-1 - Starting...
17:37:45:634  INFO 55988 --- [warehouse] [main] com.zaxxer.hikari.pool.HikariPool        : HikariPool-1 - Added connection com.mysql.cj.jdbc.ConnectionImpl@2c9aeec6
17:37:45:635  INFO 55988 --- [warehouse] [main] com.zaxxer.hikari.HikariDataSource       : HikariPool-1 - Start completed.
17:37:45:772  INFO 55988 --- [warehouse] [main] o.s.boot.tomcat.TomcatWebServer          : Tomcat started on port 8000 (http) with context path '/'
17:37:45:776  INFO 55988 --- [warehouse] [main] com.zh.WarehouseApplication              : Started WarehouseApplication in 3.15 seconds (process running for 3.602)
17:37:49:505  INFO 55988 --- [warehouse] [http-nio-8000-exec-1] o.a.c.c.C.[Tomcat].[localhost].[/]       : Initializing Spring DispatcherServlet 'dispatcherServlet'
17:37:49:506  INFO 55988 --- [warehouse] [http-nio-8000-exec-1] o.s.web.servlet.DispatcherServlet        : Initializing Servlet 'dispatcherServlet'
17:37:49:511  INFO 55988 --- [warehouse] [http-nio-8000-exec-1] o.s.web.servlet.DispatcherServlet        : Completed initialization in 4 ms
17:37:51:289 DEBUG 55988 --- [warehouse] [http-nio-8000-exec-1] com.zh.mapper.ProductMapper.selectList   : ==>  Preparing: SELECT id,sku,name,category,unit,price,low_stock_threshold,created_at,updated_at FROM product
17:37:51:398 DEBUG 55988 --- [warehouse] [http-nio-8000-exec-1] com.zh.mapper.ProductMapper.selectList   : ==> Parameters: 
17:37:51:535 DEBUG 55988 --- [warehouse] [http-nio-8000-exec-1] com.zh.mapper.ProductMapper.selectList   : <==      Total: 11
17:37:51:600 DEBUG 55988 --- [warehouse] [http-nio-8000-exec-1] c.zh.mapper.InventoryMapper.selectList   : ==>  Preparing: SELECT id,product_id,quantity,reserved_quantity,version,updated_at FROM inventory WHERE (product_id IN (?,?,?,?,?,?,?,?,?,?,?))
17:37:51:607 DEBUG 55988 --- [warehouse] [http-nio-8000-exec-1] c.zh.mapper.InventoryMapper.selectList   : ==> Parameters: 1(Long), 2(Long), 3(Long), 4(Long), 5(Long), 6(Long), 7(Long), 8(Long), 9(Long), 10(Long), 11(Long)
17:37:51:622 DEBUG 55988 --- [warehouse] [http-nio-8000-exec-1] c.zh.mapper.InventoryMapper.selectList   : <==      Total: 10
17:38:00:522 DEBUG 55988 --- [warehouse] [http-nio-8000-exec-2] c.z.m.InventoryMapper.selectWithCursor   : ==>  Preparing: SELECT id,product_id,quantity,reserved_quantity,version,updated_at FROM inventory WHERE (product_id = ?)
17:38:00:524 DEBUG 55988 --- [warehouse] [http-nio-8000-exec-2] c.z.m.InventoryMapper.selectWithCursor   : ==> Parameters: 2(Long)
17:38:00:534 DEBUG 55988 --- [warehouse] [http-nio-8000-exec-2] c.z.m.InventoryMapper.selectWithCursor   : <==      Total: 1
17:38:00:557 DEBUG 55988 --- [warehouse] [http-nio-8000-exec-2] com.zh.mapper.InventoryMapper.update     : ==>  Preparing: UPDATE inventory SET quantity = quantity + ?,updated_at=? WHERE (id = ? AND quantity >= ?)
17:38:00:563 DEBUG 55988 --- [warehouse] [http-nio-8000-exec-2] com.zh.mapper.InventoryMapper.update     : ==> Parameters: 1(Integer), 2026-08-04T17:38:00.542847800(LocalDateTime), 2(Long), -1(Integer)
17:38:00:593 DEBUG 55988 --- [warehouse] [http-nio-8000-exec-2] com.zh.mapper.InventoryMapper.update     : <==    Updates: 1
17:38:00:599 DEBUG 55988 --- [warehouse] [http-nio-8000-exec-2] c.zh.mapper.InventoryMapper.selectById   : ==>  Preparing: SELECT id,product_id,quantity,reserved_quantity,version,updated_at FROM inventory WHERE id=?
17:38:00:602 DEBUG 55988 --- [warehouse] [http-nio-8000-exec-2] c.zh.mapper.InventoryMapper.selectById   : ==> Parameters: 2(Long)
17:38:00:605 DEBUG 55988 --- [warehouse] [http-nio-8000-exec-2] c.zh.mapper.InventoryMapper.selectById   : <==      Total: 1
17:38:00:991 DEBUG 55988 --- [warehouse] [http-nio-8000-exec-10] com.zh.mapper.ProductMapper.selectList   : ==>  Preparing: SELECT id,sku,name,category,unit,price,low_stock_threshold,created_at,updated_at FROM product
17:38:00:993 DEBUG 55988 --- [warehouse] [http-nio-8000-exec-10] com.zh.mapper.ProductMapper.selectList   : ==> Parameters: 
17:38:01:011 DEBUG 55988 --- [warehouse] [http-nio-8000-exec-10] com.zh.mapper.ProductMapper.selectList   : <==      Total: 11
17:38:01:130 DEBUG 55988 --- [warehouse] [http-nio-8000-exec-10] c.zh.mapper.InventoryMapper.selectList   : ==>  Preparing: SELECT id,product_id,quantity,reserved_quantity,version,updated_at FROM inventory WHERE (product_id IN (?,?))
17:38:01:132 DEBUG 55988 --- [warehouse] [http-nio-8000-exec-10] c.zh.mapper.InventoryMapper.selectList   : ==> Parameters: 2(Long), 11(Long)
17:38:01:138 DEBUG 55988 --- [warehouse] [http-nio-8000-exec-10] c.zh.mapper.InventoryMapper.selectList   : <==      Total: 1
17:38:03:036 DEBUG 55988 --- [warehouse] [http-nio-8000-exec-3] c.z.m.InventoryMapper.selectWithCursor   : ==>  Preparing: SELECT id,product_id,quantity,reserved_quantity,version,updated_at FROM inventory WHERE (product_id = ?)
17:38:03:038 DEBUG 55988 --- [warehouse] [http-nio-8000-exec-3] c.z.m.InventoryMapper.selectWithCursor   : ==> Parameters: 2(Long)
17:38:03:041 DEBUG 55988 --- [warehouse] [http-nio-8000-exec-3] c.z.m.InventoryMapper.selectWithCursor   : <==      Total: 1
17:38:03:046 DEBUG 55988 --- [warehouse] [http-nio-8000-exec-3] com.zh.mapper.InventoryMapper.update     : ==>  Preparing: UPDATE inventory SET quantity = quantity + ?,updated_at=? WHERE (id = ? AND quantity >= ?)
17:38:03:047 DEBUG 55988 --- [warehouse] [http-nio-8000-exec-3] com.zh.mapper.InventoryMapper.update     : ==> Parameters: 1(Integer), 2026-08-04T17:38:03.042192500(LocalDateTime), 2(Long), -1(Integer)
17:38:03:051 DEBUG 55988 --- [warehouse] [http-nio-8000-exec-3] com.zh.mapper.InventoryMapper.update     : <==    Updates: 1
17:38:03:052 DEBUG 55988 --- [warehouse] [http-nio-8000-exec-3] c.zh.mapper.InventoryMapper.selectById   : ==>  Preparing: SELECT id,product_id,quantity,reserved_quantity,version,updated_at FROM inventory WHERE id=?
17:38:03:053 DEBUG 55988 --- [warehouse] [http-nio-8000-exec-3] c.zh.mapper.InventoryMapper.selectById   : ==> Parameters: 2(Long)
17:38:03:057 DEBUG 55988 --- [warehouse] [http-nio-8000-exec-3] c.zh.mapper.InventoryMapper.selectById   : <==      Total: 1
17:38:03:413 DEBUG 55988 --- [warehouse] [http-nio-8000-exec-7] com.zh.mapper.ProductMapper.selectList   : ==>  Preparing: SELECT id,sku,name,category,unit,price,low_stock_threshold,created_at,updated_at FROM product
17:38:03:415 DEBUG 55988 --- [warehouse] [http-nio-8000-exec-7] com.zh.mapper.ProductMapper.selectList   : ==> Parameters: 
17:38:03:426 DEBUG 55988 --- [warehouse] [http-nio-8000-exec-7] com.zh.mapper.ProductMapper.selectList   : <==      Total: 11
17:38:03:466 DEBUG 55988 --- [warehouse] [http-nio-8000-exec-7] c.zh.mapper.InventoryMapper.selectList   : ==>  Preparing: SELECT id,product_id,quantity,reserved_quantity,version,updated_at FROM inventory WHERE (product_id IN (?,?))
17:38:03:467 DEBUG 55988 --- [warehouse] [http-nio-8000-exec-7] c.zh.mapper.InventoryMapper.selectList   : ==> Parameters: 2(Long), 11(Long)
17:38:03:476 DEBUG 55988 --- [warehouse] [http-nio-8000-exec-7] c.zh.mapper.InventoryMapper.selectList   : <==      Total: 1
17:41:07:646 DEBUG 55988 --- [warehouse] [http-nio-8000-exec-4] com.zh.mapper.ProductMapper.selectList   : ==>  Preparing: SELECT id,sku,name,category,unit,price,low_stock_threshold,created_at,updated_at FROM product
17:41:07:647 DEBUG 55988 --- [warehouse] [http-nio-8000-exec-4] com.zh.mapper.ProductMapper.selectList   : ==> Parameters: 
17:41:07:653 DEBUG 55988 --- [warehouse] [http-nio-8000-exec-4] com.zh.mapper.ProductMapper.selectList   : <==      Total: 11
17:41:07:670 DEBUG 55988 --- [warehouse] [http-nio-8000-exec-4] c.zh.mapper.InventoryMapper.selectList   : ==>  Preparing: SELECT id,product_id,quantity,reserved_quantity,version,updated_at FROM inventory WHERE (product_id IN (?,?,?,?,?,?,?,?,?,?,?))
17:41:07:673 DEBUG 55988 --- [warehouse] [http-nio-8000-exec-4] c.zh.mapper.InventoryMapper.selectList   : ==> Parameters: 1(Long), 2(Long), 3(Long), 4(Long), 5(Long), 6(Long), 7(Long), 8(Long), 9(Long), 10(Long), 11(Long)
17:41:07:681 DEBUG 55988 --- [warehouse] [http-nio-8000-exec-4] c.zh.mapper.InventoryMapper.selectList   : <==      Total: 10
17:41:16:829 DEBUG 55988 --- [warehouse] [http-nio-8000-exec-6] com.zh.mapper.ProductMapper.selectList   : ==>  Preparing: SELECT id,sku,name,category,unit,price,low_stock_threshold,created_at,updated_at FROM product
17:41:16:830 DEBUG 55988 --- [warehouse] [http-nio-8000-exec-6] com.zh.mapper.ProductMapper.selectList   : ==> Parameters: 
17:41:16:836 DEBUG 55988 --- [warehouse] [http-nio-8000-exec-6] com.zh.mapper.ProductMapper.selectList   : <==      Total: 11
17:41:16:858 DEBUG 55988 --- [warehouse] [http-nio-8000-exec-6] c.zh.mapper.InventoryMapper.selectList   : ==>  Preparing: SELECT id,product_id,quantity,reserved_quantity,version,updated_at FROM inventory WHERE (product_id IN (?))
17:41:16:861 DEBUG 55988 --- [warehouse] [http-nio-8000-exec-6] c.zh.mapper.InventoryMapper.selectList   : ==> Parameters: 11(Long)
17:41:16:866 DEBUG 55988 --- [warehouse] [http-nio-8000-exec-6] c.zh.mapper.InventoryMapper.selectList   : <==      Total: 0
17:41:25:191 DEBUG 55988 --- [warehouse] [http-nio-8000-exec-8] c.z.m.InventoryMapper.selectWithCursor   : ==>  Preparing: SELECT id,product_id,quantity,reserved_quantity,version,updated_at FROM inventory WHERE (product_id = ?)
17:41:25:194 DEBUG 55988 --- [warehouse] [http-nio-8000-exec-8] c.z.m.InventoryMapper.selectWithCursor   : ==> Parameters: 1(Long)
17:41:25:198 DEBUG 55988 --- [warehouse] [http-nio-8000-exec-8] c.z.m.InventoryMapper.selectWithCursor   : <==      Total: 1
17:41:25:203 DEBUG 55988 --- [warehouse] [http-nio-8000-exec-8] com.zh.mapper.InventoryMapper.update     : ==>  Preparing: UPDATE inventory SET quantity = quantity + ?,updated_at=? WHERE (id = ? AND quantity >= ?)
17:41:25:205 DEBUG 55988 --- [warehouse] [http-nio-8000-exec-8] com.zh.mapper.InventoryMapper.update     : ==> Parameters: 1(Integer), 2026-08-04T17:41:25.199678200(LocalDateTime), 1(Long), -1(Integer)
17:41:25:209 DEBUG 55988 --- [warehouse] [http-nio-8000-exec-8] com.zh.mapper.InventoryMapper.update     : <==    Updates: 1
17:41:25:211 DEBUG 55988 --- [warehouse] [http-nio-8000-exec-8] c.zh.mapper.InventoryMapper.selectById   : ==>  Preparing: SELECT id,product_id,quantity,reserved_quantity,version,updated_at FROM inventory WHERE id=?
17:41:25:218 DEBUG 55988 --- [warehouse] [http-nio-8000-exec-8] c.zh.mapper.InventoryMapper.selectById   : ==> Parameters: 1(Long)
17:41:25:223 DEBUG 55988 --- [warehouse] [http-nio-8000-exec-8] c.zh.mapper.InventoryMapper.selectById   : <==      Total: 1
17:41:25:280 DEBUG 55988 --- [warehouse] [http-nio-8000-exec-9] com.zh.mapper.ProductMapper.selectList   : ==>  Preparing: SELECT id,sku,name,category,unit,price,low_stock_threshold,created_at,updated_at FROM product
17:41:25:282 DEBUG 55988 --- [warehouse] [http-nio-8000-exec-9] com.zh.mapper.ProductMapper.selectList   : ==> Parameters: 
17:41:25:289 DEBUG 55988 --- [warehouse] [http-nio-8000-exec-9] com.zh.mapper.ProductMapper.selectList   : <==      Total: 11
17:41:25:321 DEBUG 55988 --- [warehouse] [http-nio-8000-exec-9] c.zh.mapper.InventoryMapper.selectList   : ==>  Preparing: SELECT id,product_id,quantity,reserved_quantity,version,updated_at FROM inventory WHERE (product_id IN (?,?))
17:41:25:323 DEBUG 55988 --- [warehouse] [http-nio-8000-exec-9] c.zh.mapper.InventoryMapper.selectList   : ==> Parameters: 1(Long), 11(Long)
17:41:25:327 DEBUG 55988 --- [warehouse] [http-nio-8000-exec-9] c.zh.mapper.InventoryMapper.selectList   : <==      Total: 1
17:41:28:239 DEBUG 55988 --- [warehouse] [http-nio-8000-exec-5] c.z.m.InventoryMapper.selectWithCursor   : ==>  Preparing: SELECT id,product_id,quantity,reserved_quantity,version,updated_at FROM inventory WHERE (product_id = ?)
17:41:28:242 DEBUG 55988 --- [warehouse] [http-nio-8000-exec-5] c.z.m.InventoryMapper.selectWithCursor   : ==> Parameters: 1(Long)
17:41:28:245 DEBUG 55988 --- [warehouse] [http-nio-8000-exec-5] c.z.m.InventoryMapper.selectWithCursor   : <==      Total: 1
17:41:28:248 DEBUG 55988 --- [warehouse] [http-nio-8000-exec-5] com.zh.mapper.InventoryMapper.update     : ==>  Preparing: UPDATE inventory SET quantity = quantity + ?,updated_at=? WHERE (id = ? AND quantity >= ?)
17:41:28:250 DEBUG 55988 --- [warehouse] [http-nio-8000-exec-5] com.zh.mapper.InventoryMapper.update     : ==> Parameters: 1(Integer), 2026-08-04T17:41:28.246636800(LocalDateTime), 1(Long), -1(Integer)
17:41:28:254 DEBUG 55988 --- [warehouse] [http-nio-8000-exec-5] com.zh.mapper.InventoryMapper.update     : <==    Updates: 1
17:41:28:256 DEBUG 55988 --- [warehouse] [http-nio-8000-exec-5] c.zh.mapper.InventoryMapper.selectById   : ==>  Preparing: SELECT id,product_id,quantity,reserved_quantity,version,updated_at FROM inventory WHERE id=?
17:41:28:259 DEBUG 55988 --- [warehouse] [http-nio-8000-exec-5] c.zh.mapper.InventoryMapper.selectById   : ==> Parameters: 1(Long)
17:41:28:261 DEBUG 55988 --- [warehouse] [http-nio-8000-exec-5] c.zh.mapper.InventoryMapper.selectById   : <==      Total: 1
17:41:28:478 DEBUG 55988 --- [warehouse] [http-nio-8000-exec-1] com.zh.mapper.ProductMapper.selectList   : ==>  Preparing: SELECT id,sku,name,category,unit,price,low_stock_threshold,created_at,updated_at FROM product
17:41:28:479 DEBUG 55988 --- [warehouse] [http-nio-8000-exec-1] com.zh.mapper.ProductMapper.selectList   : ==> Parameters: 
17:41:28:486 DEBUG 55988 --- [warehouse] [http-nio-8000-exec-1] com.zh.mapper.ProductMapper.selectList   : <==      Total: 11
17:41:28:507 DEBUG 55988 --- [warehouse] [http-nio-8000-exec-1] c.zh.mapper.InventoryMapper.selectList   : ==>  Preparing: SELECT id,product_id,quantity,reserved_quantity,version,updated_at FROM inventory WHERE (product_id IN (?,?))
17:41:28:509 DEBUG 55988 --- [warehouse] [http-nio-8000-exec-1] c.zh.mapper.InventoryMapper.selectList   : ==> Parameters: 1(Long), 11(Long)
17:41:28:513 DEBUG 55988 --- [warehouse] [http-nio-8000-exec-1] c.zh.mapper.InventoryMapper.selectList   : <==      Total: 1
17:41:35:472 DEBUG 55988 --- [warehouse] [http-nio-8000-exec-10] c.z.m.InventoryMapper.selectWithCursor   : ==>  Preparing: SELECT id,product_id,quantity,reserved_quantity,version,updated_at FROM inventory WHERE (product_id = ?)
17:41:35:474 DEBUG 55988 --- [warehouse] [http-nio-8000-exec-10] c.z.m.InventoryMapper.selectWithCursor   : ==> Parameters: 1(Long)
17:41:35:477 DEBUG 55988 --- [warehouse] [http-nio-8000-exec-10] c.z.m.InventoryMapper.selectWithCursor   : <==      Total: 1
17:41:35:481 DEBUG 55988 --- [warehouse] [http-nio-8000-exec-10] com.zh.mapper.InventoryMapper.update     : ==>  Preparing: UPDATE inventory SET quantity = quantity + ?,updated_at=? WHERE (id = ? AND quantity >= ?)
17:41:35:482 DEBUG 55988 --- [warehouse] [http-nio-8000-exec-10] com.zh.mapper.InventoryMapper.update     : ==> Parameters: -1(Integer), 2026-08-04T17:41:35.478056400(LocalDateTime), 1(Long), 1(Integer)
17:41:35:486 DEBUG 55988 --- [warehouse] [http-nio-8000-exec-10] com.zh.mapper.InventoryMapper.update     : <==    Updates: 1
17:41:35:487 DEBUG 55988 --- [warehouse] [http-nio-8000-exec-10] c.zh.mapper.InventoryMapper.selectById   : ==>  Preparing: SELECT id,product_id,quantity,reserved_quantity,version,updated_at FROM inventory WHERE id=?
17:41:35:488 DEBUG 55988 --- [warehouse] [http-nio-8000-exec-10] c.zh.mapper.InventoryMapper.selectById   : ==> Parameters: 1(Long)
17:41:35:491 DEBUG 55988 --- [warehouse] [http-nio-8000-exec-10] c.zh.mapper.InventoryMapper.selectById   : <==      Total: 1
17:41:42:046 DEBUG 55988 --- [warehouse] [http-nio-8000-exec-3] com.zh.mapper.ProductMapper.selectList   : ==>  Preparing: SELECT id,sku,name,category,unit,price,low_stock_threshold,created_at,updated_at FROM product
17:41:42:047 DEBUG 55988 --- [warehouse] [http-nio-8000-exec-3] com.zh.mapper.ProductMapper.selectList   : ==> Parameters: 
17:41:42:052 DEBUG 55988 --- [warehouse] [http-nio-8000-exec-3] com.zh.mapper.ProductMapper.selectList   : <==      Total: 11
17:41:42:073 DEBUG 55988 --- [warehouse] [http-nio-8000-exec-3] c.zh.mapper.InventoryMapper.selectList   : ==>  Preparing: SELECT id,product_id,quantity,reserved_quantity,version,updated_at FROM inventory WHERE (product_id IN (?,?))
17:41:42:074 DEBUG 55988 --- [warehouse] [http-nio-8000-exec-3] c.zh.mapper.InventoryMapper.selectList   : ==> Parameters: 1(Long), 11(Long)
17:41:42:076 DEBUG 55988 --- [warehouse] [http-nio-8000-exec-3] c.zh.mapper.InventoryMapper.selectList   : <==      Total: 1
17:41:44:741 DEBUG 55988 --- [warehouse] [http-nio-8000-exec-7] c.z.m.InventoryMapper.selectWithCursor   : ==>  Preparing: SELECT id,product_id,quantity,reserved_quantity,version,updated_at FROM inventory WHERE (product_id = ?)
17:41:44:743 DEBUG 55988 --- [warehouse] [http-nio-8000-exec-7] c.z.m.InventoryMapper.selectWithCursor   : ==> Parameters: 1(Long)
17:41:44:752 DEBUG 55988 --- [warehouse] [http-nio-8000-exec-7] c.z.m.InventoryMapper.selectWithCursor   : <==      Total: 1
17:41:44:760 DEBUG 55988 --- [warehouse] [http-nio-8000-exec-7] com.zh.mapper.InventoryMapper.update     : ==>  Preparing: UPDATE inventory SET quantity = quantity + ?,updated_at=? WHERE (id = ? AND quantity >= ?)
17:41:44:763 DEBUG 55988 --- [warehouse] [http-nio-8000-exec-7] com.zh.mapper.InventoryMapper.update     : ==> Parameters: -1(Integer), 2026-08-04T17:41:44.753309400(LocalDateTime), 1(Long), 1(Integer)
17:41:44:768 DEBUG 55988 --- [warehouse] [http-nio-8000-exec-7] com.zh.mapper.InventoryMapper.update     : <==    Updates: 1
17:41:44:769 DEBUG 55988 --- [warehouse] [http-nio-8000-exec-7] c.zh.mapper.InventoryMapper.selectById   : ==>  Preparing: SELECT id,product_id,quantity,reserved_quantity,version,updated_at FROM inventory WHERE id=?
17:41:44:771 DEBUG 55988 --- [warehouse] [http-nio-8000-exec-7] c.zh.mapper.InventoryMapper.selectById   : ==> Parameters: 1(Long)
17:41:44:775 DEBUG 55988 --- [warehouse] [http-nio-8000-exec-7] c.zh.mapper.InventoryMapper.selectById   : <==      Total: 1
17:41:45:551 DEBUG 55988 --- [warehouse] [http-nio-8000-exec-4] c.z.m.InventoryMapper.selectWithCursor   : ==>  Preparing: SELECT id,product_id,quantity,reserved_quantity,version,updated_at FROM inventory WHERE (product_id = ?)
17:41:45:553 DEBUG 55988 --- [warehouse] [http-nio-8000-exec-4] c.z.m.InventoryMapper.selectWithCursor   : ==> Parameters: 1(Long)
17:41:45:555 DEBUG 55988 --- [warehouse] [http-nio-8000-exec-4] c.z.m.InventoryMapper.selectWithCursor   : <==      Total: 1
17:41:45:561 DEBUG 55988 --- [warehouse] [http-nio-8000-exec-4] com.zh.mapper.InventoryMapper.update     : ==>  Preparing: UPDATE inventory SET quantity = quantity + ?,updated_at=? WHERE (id = ? AND quantity >= ?)
17:41:45:563 DEBUG 55988 --- [warehouse] [http-nio-8000-exec-4] com.zh.mapper.InventoryMapper.update     : ==> Parameters: -1(Integer), 2026-08-04T17:41:45.556616500(LocalDateTime), 1(Long), 1(Integer)
17:41:45:567 DEBUG 55988 --- [warehouse] [http-nio-8000-exec-4] com.zh.mapper.InventoryMapper.update     : <==    Updates: 1
17:41:45:568 DEBUG 55988 --- [warehouse] [http-nio-8000-exec-4] c.zh.mapper.InventoryMapper.selectById   : ==>  Preparing: SELECT id,product_id,quantity,reserved_quantity,version,updated_at FROM inventory WHERE id=?
17:41:45:568 DEBUG 55988 --- [warehouse] [http-nio-8000-exec-4] c.zh.mapper.InventoryMapper.selectById   : ==> Parameters: 1(Long)
17:41:45:572 DEBUG 55988 --- [warehouse] [http-nio-8000-exec-4] c.zh.mapper.InventoryMapper.selectById   : <==      Total: 1
17:41:45:801 DEBUG 55988 --- [warehouse] [http-nio-8000-exec-6] c.z.m.InventoryMapper.selectWithCursor   : ==>  Preparing: SELECT id,product_id,quantity,reserved_quantity,version,updated_at FROM inventory WHERE (product_id = ?)
17:41:45:803 DEBUG 55988 --- [warehouse] [http-nio-8000-exec-6] c.z.m.InventoryMapper.selectWithCursor   : ==> Parameters: 1(Long)
17:41:45:806 DEBUG 55988 --- [warehouse] [http-nio-8000-exec-6] c.z.m.InventoryMapper.selectWithCursor   : <==      Total: 1
17:41:45:821 DEBUG 55988 --- [warehouse] [http-nio-8000-exec-6] com.zh.mapper.InventoryMapper.update     : ==>  Preparing: UPDATE inventory SET quantity = quantity + ?,updated_at=? WHERE (id = ? AND quantity >= ?)
17:41:45:824 DEBUG 55988 --- [warehouse] [http-nio-8000-exec-6] com.zh.mapper.InventoryMapper.update     : ==> Parameters: -1(Integer), 2026-08-04T17:41:45.808084200(LocalDateTime), 1(Long), 1(Integer)
17:41:45:828 DEBUG 55988 --- [warehouse] [http-nio-8000-exec-6] com.zh.mapper.InventoryMapper.update     : <==    Updates: 1
17:41:45:829 DEBUG 55988 --- [warehouse] [http-nio-8000-exec-6] c.zh.mapper.InventoryMapper.selectById   : ==>  Preparing: SELECT id,product_id,quantity,reserved_quantity,version,updated_at FROM inventory WHERE id=?
17:41:45:831 DEBUG 55988 --- [warehouse] [http-nio-8000-exec-6] c.zh.mapper.InventoryMapper.selectById   : ==> Parameters: 1(Long)
17:41:45:834 DEBUG 55988 --- [warehouse] [http-nio-8000-exec-6] c.zh.mapper.InventoryMapper.selectById   : <==      Total: 1
17:41:46:265 DEBUG 55988 --- [warehouse] [http-nio-8000-exec-8] c.z.m.InventoryMapper.selectWithCursor   : ==>  Preparing: SELECT id,product_id,quantity,reserved_quantity,version,updated_at FROM inventory WHERE (product_id = ?)
17:41:46:267 DEBUG 55988 --- [warehouse] [http-nio-8000-exec-8] c.z.m.InventoryMapper.selectWithCursor   : ==> Parameters: 1(Long)
17:41:46:271 DEBUG 55988 --- [warehouse] [http-nio-8000-exec-8] c.z.m.InventoryMapper.selectWithCursor   : <==      Total: 1
17:41:46:275 DEBUG 55988 --- [warehouse] [http-nio-8000-exec-8] com.zh.mapper.InventoryMapper.update     : ==>  Preparing: UPDATE inventory SET quantity = quantity + ?,updated_at=? WHERE (id = ? AND quantity >= ?)
17:41:46:277 DEBUG 55988 --- [warehouse] [http-nio-8000-exec-8] com.zh.mapper.InventoryMapper.update     : ==> Parameters: -1(Integer), 2026-08-04T17:41:46.272676600(LocalDateTime), 1(Long), 1(Integer)
17:41:46:284 DEBUG 55988 --- [warehouse] [http-nio-8000-exec-8] com.zh.mapper.InventoryMapper.update     : <==    Updates: 1
17:41:46:285 DEBUG 55988 --- [warehouse] [http-nio-8000-exec-8] c.zh.mapper.InventoryMapper.selectById   : ==>  Preparing: SELECT id,product_id,quantity,reserved_quantity,version,updated_at FROM inventory WHERE id=?
17:41:46:287 DEBUG 55988 --- [warehouse] [http-nio-8000-exec-8] c.zh.mapper.InventoryMapper.selectById   : ==> Parameters: 1(Long)
17:41:46:293 DEBUG 55988 --- [warehouse] [http-nio-8000-exec-8] c.zh.mapper.InventoryMapper.selectById   : <==      Total: 1
17:41:46:837 DEBUG 55988 --- [warehouse] [http-nio-8000-exec-9] c.z.m.InventoryMapper.selectWithCursor   : ==>  Preparing: SELECT id,product_id,quantity,reserved_quantity,version,updated_at FROM inventory WHERE (product_id = ?)
17:41:46:838 DEBUG 55988 --- [warehouse] [http-nio-8000-exec-9] c.z.m.InventoryMapper.selectWithCursor   : ==> Parameters: 1(Long)
17:41:46:842 DEBUG 55988 --- [warehouse] [http-nio-8000-exec-9] c.z.m.InventoryMapper.selectWithCursor   : <==      Total: 1
17:41:46:846 DEBUG 55988 --- [warehouse] [http-nio-8000-exec-9] com.zh.mapper.InventoryMapper.update     : ==>  Preparing: UPDATE inventory SET quantity = quantity + ?,updated_at=? WHERE (id = ? AND quantity >= ?)
17:41:46:848 DEBUG 55988 --- [warehouse] [http-nio-8000-exec-9] com.zh.mapper.InventoryMapper.update     : ==> Parameters: -1(Integer), 2026-08-04T17:41:46.843154500(LocalDateTime), 1(Long), 1(Integer)
17:41:46:850 DEBUG 55988 --- [warehouse] [http-nio-8000-exec-9] com.zh.mapper.InventoryMapper.update     : <==    Updates: 1
17:41:46:853 DEBUG 55988 --- [warehouse] [http-nio-8000-exec-9] c.zh.mapper.InventoryMapper.selectById   : ==>  Preparing: SELECT id,product_id,quantity,reserved_quantity,version,updated_at FROM inventory WHERE id=?
17:41:46:854 DEBUG 55988 --- [warehouse] [http-nio-8000-exec-9] c.zh.mapper.InventoryMapper.selectById   : ==> Parameters: 1(Long)
17:41:46:857 DEBUG 55988 --- [warehouse] [http-nio-8000-exec-9] c.zh.mapper.InventoryMapper.selectById   : <==      Total: 1
17:41:47:475 DEBUG 55988 --- [warehouse] [http-nio-8000-exec-5] c.z.m.InventoryMapper.selectWithCursor   : ==>  Preparing: SELECT id,product_id,quantity,reserved_quantity,version,updated_at FROM inventory WHERE (product_id = ?)
17:41:47:477 DEBUG 55988 --- [warehouse] [http-nio-8000-exec-5] c.z.m.InventoryMapper.selectWithCursor   : ==> Parameters: 1(Long)
17:41:47:481 DEBUG 55988 --- [warehouse] [http-nio-8000-exec-5] c.z.m.InventoryMapper.selectWithCursor   : <==      Total: 1
17:41:47:485 DEBUG 55988 --- [warehouse] [http-nio-8000-exec-5] com.zh.mapper.InventoryMapper.update     : ==>  Preparing: UPDATE inventory SET quantity = quantity + ?,updated_at=? WHERE (id = ? AND quantity >= ?)
17:41:47:486 DEBUG 55988 --- [warehouse] [http-nio-8000-exec-5] com.zh.mapper.InventoryMapper.update     : ==> Parameters: -1(Integer), 2026-08-04T17:41:47.482184(LocalDateTime), 1(Long), 1(Integer)
17:41:47:490 DEBUG 55988 --- [warehouse] [http-nio-8000-exec-5] com.zh.mapper.InventoryMapper.update     : <==    Updates: 1
17:41:47:492 DEBUG 55988 --- [warehouse] [http-nio-8000-exec-5] c.zh.mapper.InventoryMapper.selectById   : ==>  Preparing: SELECT id,product_id,quantity,reserved_quantity,version,updated_at FROM inventory WHERE id=?
17:41:47:493 DEBUG 55988 --- [warehouse] [http-nio-8000-exec-5] c.zh.mapper.InventoryMapper.selectById   : ==> Parameters: 1(Long)
17:41:47:496 DEBUG 55988 --- [warehouse] [http-nio-8000-exec-5] c.zh.mapper.InventoryMapper.selectById   : <==      Total: 1
17:42:41:157  INFO 55988 --- [warehouse] [SpringApplicationShutdownHook] o.s.boot.tomcat.GracefulShutdown         : Commencing graceful shutdown. Waiting for active requests to complete
17:42:41:275  INFO 55988 --- [warehouse] [tomcat-shutdown] o.s.boot.tomcat.GracefulShutdown         : Graceful shutdown complete
17:42:41:335  INFO 55988 --- [warehouse] [SpringApplicationShutdownHook] com.zaxxer.hikari.HikariDataSource       : HikariPool-1 - Shutdown initiated...
17:42:41:344  INFO 55988 --- [warehouse] [SpringApplicationShutdownHook] com.zaxxer.hikari.HikariDataSource       : HikariPool-1 - Shutdown completed.
17:42:47:086  INFO 6316 --- [warehouse] [main] com.zh.WarehouseApplication              : Starting WarehouseApplication using Java 17.0.16 with PID 6316 (E:\ideaProject\warehouse\target\classes started by 张乐宇 in E:\ideaProject\warehouse)
17:42:47:089 DEBUG 6316 --- [warehouse] [main] com.zh.WarehouseApplication              : Running with Spring Boot v4.1.0, Spring v7.0.8
17:42:47:089  INFO 6316 --- [warehouse] [main] com.zh.WarehouseApplication              : The following 1 profile is active: "local"
17:42:47:565  INFO 6316 --- [warehouse] [main] .s.d.r.c.RepositoryConfigurationDelegate : Multiple Spring Data modules found, entering strict repository configuration mode
17:42:47:566  INFO 6316 --- [warehouse] [main] .s.d.r.c.RepositoryConfigurationDelegate : Bootstrapping Spring Data JDBC repositories in DEFAULT mode.
17:42:47:579  INFO 6316 --- [warehouse] [main] .s.d.r.c.RepositoryConfigurationDelegate : Finished Spring Data repository scanning in 9 ms. Found 0 JDBC repository interfaces.
17:42:47:611  INFO 6316 --- [warehouse] [main] .s.d.r.c.RepositoryConfigurationDelegate : Multiple Spring Data modules found, entering strict repository configuration mode
17:42:47:611  INFO 6316 --- [warehouse] [main] .s.d.r.c.RepositoryConfigurationDelegate : Bootstrapping Spring Data Redis repositories in DEFAULT mode.
17:42:47:623  INFO 6316 --- [warehouse] [main] .s.d.r.c.RepositoryConfigurationDelegate : Finished Spring Data repository scanning in 3 ms. Found 0 Redis repository interfaces.
17:42:48:106  INFO 6316 --- [warehouse] [main] o.s.boot.tomcat.TomcatWebServer          : Tomcat initialized with port 8000 (http)
17:42:48:117  INFO 6316 --- [warehouse] [main] o.apache.catalina.core.StandardService   : Starting service [Tomcat]
17:42:48:117  INFO 6316 --- [warehouse] [main] o.apache.catalina.core.StandardEngine    : Starting Servlet engine: [Apache Tomcat/11.0.22]
17:42:48:155  INFO 6316 --- [warehouse] [main] b.w.c.s.WebApplicationContextInitializer : Root WebApplicationContext: initialization completed in 1031 ms
17:42:48:901  INFO 6316 --- [warehouse] [main] org.redisson.Version                     : Redisson 3.52.0
17:42:49:133  INFO 6316 --- [warehouse] [redisson-netty-4-4] o.redisson.connection.ConnectionsHolder  : 1 connections initialized for 192.168.100.128/192.168.100.128:6379
17:42:49:197  INFO 6316 --- [warehouse] [redisson-netty-4-19] o.redisson.connection.ConnectionsHolder  : 24 connections initialized for 192.168.100.128/192.168.100.128:6379
17:42:49:486  INFO 6316 --- [warehouse] [main] b.m.s.MybatisPlusApplicationContextAware : Register ApplicationContext instances org.springframework.boot.web.server.servlet.context.AnnotationConfigServletWebServerApplicationContext@5990e6c5
17:42:49:524  INFO 6316 --- [warehouse] [main] com.zaxxer.hikari.HikariDataSource       : HikariPool-1 - Starting...
17:42:49:755  INFO 6316 --- [warehouse] [main] com.zaxxer.hikari.pool.HikariPool        : HikariPool-1 - Added connection com.mysql.cj.jdbc.ConnectionImpl@14980819
17:42:49:756  INFO 6316 --- [warehouse] [main] com.zaxxer.hikari.HikariDataSource       : HikariPool-1 - Start completed.
17:42:49:899  INFO 6316 --- [warehouse] [main] o.s.boot.tomcat.TomcatWebServer          : Tomcat started on port 8000 (http) with context path '/'
17:42:49:903  INFO 6316 --- [warehouse] [main] com.zh.WarehouseApplication              : Started WarehouseApplication in 3.154 seconds (process running for 3.66)
17:42:52:849  INFO 6316 --- [warehouse] [http-nio-8000-exec-2] o.a.c.c.C.[Tomcat].[localhost].[/]       : Initializing Spring DispatcherServlet 'dispatcherServlet'
17:42:52:850  INFO 6316 --- [warehouse] [http-nio-8000-exec-2] o.s.web.servlet.DispatcherServlet        : Initializing Servlet 'dispatcherServlet'
17:42:52:853  INFO 6316 --- [warehouse] [http-nio-8000-exec-2] o.s.web.servlet.DispatcherServlet        : Completed initialization in 3 ms
17:44:31:099  INFO 6316 --- [warehouse] [SpringApplicationShutdownHook] o.s.boot.tomcat.GracefulShutdown         : Commencing graceful shutdown. Waiting for active requests to complete
17:44:34:511 DEBUG 6316 --- [warehouse] [http-nio-8000-exec-2] c.z.m.InventoryMapper.selectWithCursor   : ==>  Preparing: SELECT id,product_id,quantity,reserved_quantity,version,updated_at FROM inventory WHERE (product_id = ?)
17:44:34:535 DEBUG 6316 --- [warehouse] [http-nio-8000-exec-2] c.z.m.InventoryMapper.selectWithCursor   : ==> Parameters: 1(Long)
17:44:34:565 DEBUG 6316 --- [warehouse] [http-nio-8000-exec-2] c.z.m.InventoryMapper.selectWithCursor   : <==      Total: 1
17:44:34:573 DEBUG 6316 --- [warehouse] [http-nio-8000-exec-2] com.zh.mapper.InventoryMapper.update     : ==>  Preparing: UPDATE inventory SET quantity = quantity + ?,updated_at=? WHERE (id = ? AND quantity >= ?)
17:44:34:574 DEBUG 6316 --- [warehouse] [http-nio-8000-exec-2] com.zh.mapper.InventoryMapper.update     : ==> Parameters: -1(Integer), 2026-08-04T17:44:34.567151600(LocalDateTime), 1(Long), 1(Integer)
17:44:34:578 DEBUG 6316 --- [warehouse] [http-nio-8000-exec-2] com.zh.mapper.InventoryMapper.update     : <==    Updates: 1
17:44:34:579 DEBUG 6316 --- [warehouse] [http-nio-8000-exec-2] c.zh.mapper.InventoryMapper.selectById   : ==>  Preparing: SELECT id,product_id,quantity,reserved_quantity,version,updated_at FROM inventory WHERE id=?
17:44:34:580 DEBUG 6316 --- [warehouse] [http-nio-8000-exec-2] c.zh.mapper.InventoryMapper.selectById   : ==> Parameters: 1(Long)
17:44:34:581 DEBUG 6316 --- [warehouse] [http-nio-8000-exec-2] c.zh.mapper.InventoryMapper.selectById   : <==      Total: 1
17:44:34:685  INFO 6316 --- [warehouse] [tomcat-shutdown] o.s.boot.tomcat.GracefulShutdown         : Graceful shutdown complete
17:44:34:733  INFO 6316 --- [warehouse] [SpringApplicationShutdownHook] com.zaxxer.hikari.HikariDataSource       : HikariPool-1 - Shutdown initiated...
17:44:34:739  INFO 6316 --- [warehouse] [SpringApplicationShutdownHook] com.zaxxer.hikari.HikariDataSource       : HikariPool-1 - Shutdown completed.
17:44:51:241  INFO 37164 --- [warehouse] [main] com.zh.WarehouseApplication              : Starting WarehouseApplication using Java 17.0.16 with PID 37164 (E:\ideaProject\warehouse\target\classes started by 张乐宇 in E:\ideaProject\warehouse)
17:44:51:243 DEBUG 37164 --- [warehouse] [main] com.zh.WarehouseApplication              : Running with Spring Boot v4.1.0, Spring v7.0.8
17:44:51:244  INFO 37164 --- [warehouse] [main] com.zh.WarehouseApplication              : The following 1 profile is active: "local"
17:44:51:858  INFO 37164 --- [warehouse] [main] .s.d.r.c.RepositoryConfigurationDelegate : Multiple Spring Data modules found, entering strict repository configuration mode
17:44:51:859  INFO 37164 --- [warehouse] [main] .s.d.r.c.RepositoryConfigurationDelegate : Bootstrapping Spring Data JDBC repositories in DEFAULT mode.
17:44:51:878  INFO 37164 --- [warehouse] [main] .s.d.r.c.RepositoryConfigurationDelegate : Finished Spring Data repository scanning in 12 ms. Found 0 JDBC repository interfaces.
17:44:51:912  INFO 37164 --- [warehouse] [main] .s.d.r.c.RepositoryConfigurationDelegate : Multiple Spring Data modules found, entering strict repository configuration mode
17:44:51:914  INFO 37164 --- [warehouse] [main] .s.d.r.c.RepositoryConfigurationDelegate : Bootstrapping Spring Data Redis repositories in DEFAULT mode.
17:44:51:927  INFO 37164 --- [warehouse] [main] .s.d.r.c.RepositoryConfigurationDelegate : Finished Spring Data repository scanning in 5 ms. Found 0 Redis repository interfaces.
17:44:52:421  INFO 37164 --- [warehouse] [main] o.s.boot.tomcat.TomcatWebServer          : Tomcat initialized with port 8000 (http)
17:44:52:434  INFO 37164 --- [warehouse] [main] o.apache.catalina.core.StandardService   : Starting service [Tomcat]
17:44:52:435  INFO 37164 --- [warehouse] [main] o.apache.catalina.core.StandardEngine    : Starting Servlet engine: [Apache Tomcat/11.0.22]
17:44:52:487  INFO 37164 --- [warehouse] [main] b.w.c.s.WebApplicationContextInitializer : Root WebApplicationContext: initialization completed in 1198 ms
17:44:53:366  INFO 37164 --- [warehouse] [main] org.redisson.Version                     : Redisson 3.52.0
17:44:54:668  INFO 37164 --- [warehouse] [redisson-netty-4-4] o.redisson.connection.ConnectionsHolder  : 1 connections initialized for 192.168.100.128/192.168.100.128:6379
17:44:54:983  INFO 37164 --- [warehouse] [redisson-netty-4-19] o.redisson.connection.ConnectionsHolder  : 24 connections initialized for 192.168.100.128/192.168.100.128:6379
17:44:56:643  INFO 37164 --- [warehouse] [main] b.m.s.MybatisPlusApplicationContextAware : Register ApplicationContext instances org.springframework.boot.web.server.servlet.context.AnnotationConfigServletWebServerApplicationContext@56e07a08
17:44:56:889  INFO 37164 --- [warehouse] [main] com.zaxxer.hikari.HikariDataSource       : HikariPool-1 - Starting...
17:44:57:811  INFO 37164 --- [warehouse] [main] com.zaxxer.hikari.pool.HikariPool        : HikariPool-1 - Added connection com.mysql.cj.jdbc.ConnectionImpl@5089a72b
17:44:57:815  INFO 37164 --- [warehouse] [main] com.zaxxer.hikari.HikariDataSource       : HikariPool-1 - Start completed.
17:44:58:543  INFO 37164 --- [warehouse] [main] o.s.boot.tomcat.TomcatWebServer          : Tomcat started on port 8000 (http) with context path '/'
17:44:58:567  INFO 37164 --- [warehouse] [main] com.zh.WarehouseApplication              : Started WarehouseApplication in 7.732 seconds (process running for 8.299)
17:45:14:239  INFO 37164 --- [warehouse] [http-nio-8000-exec-3] o.a.c.c.C.[Tomcat].[localhost].[/]       : Initializing Spring DispatcherServlet 'dispatcherServlet'
17:45:14:241  INFO 37164 --- [warehouse] [http-nio-8000-exec-3] o.s.web.servlet.DispatcherServlet        : Initializing Servlet 'dispatcherServlet'
17:45:14:248  INFO 37164 --- [warehouse] [http-nio-8000-exec-3] o.s.web.servlet.DispatcherServlet        : Completed initialization in 6 ms
17:45:36:270 DEBUG 37164 --- [warehouse] [http-nio-8000-exec-3] c.z.m.InventoryMapper.selectWithCursor   : ==>  Preparing: SELECT id,product_id,quantity,reserved_quantity,version,updated_at FROM inventory WHERE (product_id = ?)
17:45:36:376 DEBUG 37164 --- [warehouse] [http-nio-8000-exec-3] c.z.m.InventoryMapper.selectWithCursor   : ==> Parameters: 1(Long)
17:45:36:488 DEBUG 37164 --- [warehouse] [http-nio-8000-exec-3] c.z.m.InventoryMapper.selectWithCursor   : <==      Total: 1
17:45:36:522 DEBUG 37164 --- [warehouse] [http-nio-8000-exec-3] com.zh.mapper.InventoryMapper.update     : ==>  Preparing: UPDATE inventory SET quantity = quantity + ?,updated_at=? WHERE (id = ? AND quantity >= ?)
17:45:36:529 DEBUG 37164 --- [warehouse] [http-nio-8000-exec-3] com.zh.mapper.InventoryMapper.update     : ==> Parameters: -1(Integer), 2026-08-04T17:45:36.496439(LocalDateTime), 1(Long), 1(Integer)
17:45:36:543 DEBUG 37164 --- [warehouse] [http-nio-8000-exec-3] com.zh.mapper.InventoryMapper.update     : <==    Updates: 1
17:45:36:557 DEBUG 37164 --- [warehouse] [http-nio-8000-exec-3] c.zh.mapper.InventoryMapper.selectById   : ==>  Preparing: SELECT id,product_id,quantity,reserved_quantity,version,updated_at FROM inventory WHERE id=?
17:45:36:561 DEBUG 37164 --- [warehouse] [http-nio-8000-exec-3] c.zh.mapper.InventoryMapper.selectById   : ==> Parameters: 1(Long)
17:45:36:567 DEBUG 37164 --- [warehouse] [http-nio-8000-exec-3] c.zh.mapper.InventoryMapper.selectById   : <==      Total: 1
17:49:18:773  INFO 37164 --- [warehouse] [SpringApplicationShutdownHook] o.s.boot.tomcat.GracefulShutdown         : Commencing graceful shutdown. Waiting for active requests to complete
17:49:18:907  INFO 37164 --- [warehouse] [tomcat-shutdown] o.s.boot.tomcat.GracefulShutdown         : Graceful shutdown complete
17:49:18:943  INFO 37164 --- [warehouse] [SpringApplicationShutdownHook] com.zaxxer.hikari.HikariDataSource       : HikariPool-1 - Shutdown initiated...
17:49:18:950  INFO 37164 --- [warehouse] [SpringApplicationShutdownHook] com.zaxxer.hikari.HikariDataSource       : HikariPool-1 - Shutdown completed.
17:49:24:774  INFO 25752 --- [warehouse] [main] com.zh.WarehouseApplication              : Starting WarehouseApplication using Java 17.0.16 with PID 25752 (E:\ideaProject\warehouse\target\classes started by 张乐宇 in E:\ideaProject\warehouse)
17:49:24:777 DEBUG 25752 --- [warehouse] [main] com.zh.WarehouseApplication              : Running with Spring Boot v4.1.0, Spring v7.0.8
17:49:24:777  INFO 25752 --- [warehouse] [main] com.zh.WarehouseApplication              : The following 1 profile is active: "local"
17:49:25:258  INFO 25752 --- [warehouse] [main] .s.d.r.c.RepositoryConfigurationDelegate : Multiple Spring Data modules found, entering strict repository configuration mode
17:49:25:259  INFO 25752 --- [warehouse] [main] .s.d.r.c.RepositoryConfigurationDelegate : Bootstrapping Spring Data JDBC repositories in DEFAULT mode.
17:49:25:273  INFO 25752 --- [warehouse] [main] .s.d.r.c.RepositoryConfigurationDelegate : Finished Spring Data repository scanning in 9 ms. Found 0 JDBC repository interfaces.
17:49:25:300  INFO 25752 --- [warehouse] [main] .s.d.r.c.RepositoryConfigurationDelegate : Multiple Spring Data modules found, entering strict repository configuration mode
17:49:25:301  INFO 25752 --- [warehouse] [main] .s.d.r.c.RepositoryConfigurationDelegate : Bootstrapping Spring Data Redis repositories in DEFAULT mode.
17:49:25:310  INFO 25752 --- [warehouse] [main] .s.d.r.c.RepositoryConfigurationDelegate : Finished Spring Data repository scanning in 3 ms. Found 0 Redis repository interfaces.
17:49:25:807  INFO 25752 --- [warehouse] [main] o.s.boot.tomcat.TomcatWebServer          : Tomcat initialized with port 8000 (http)
17:49:25:829  INFO 25752 --- [warehouse] [main] o.apache.catalina.core.StandardService   : Starting service [Tomcat]
17:49:25:830  INFO 25752 --- [warehouse] [main] o.apache.catalina.core.StandardEngine    : Starting Servlet engine: [Apache Tomcat/11.0.22]
17:49:25:889  INFO 25752 --- [warehouse] [main] b.w.c.s.WebApplicationContextInitializer : Root WebApplicationContext: initialization completed in 1077 ms
17:49:26:634  INFO 25752 --- [warehouse] [main] org.redisson.Version                     : Redisson 3.52.0
17:49:26:848  INFO 25752 --- [warehouse] [redisson-netty-4-4] o.redisson.connection.ConnectionsHolder  : 1 connections initialized for 192.168.100.128/192.168.100.128:6379
17:49:27:162  INFO 25752 --- [warehouse] [redisson-netty-4-19] o.redisson.connection.ConnectionsHolder  : 24 connections initialized for 192.168.100.128/192.168.100.128:6379
17:49:29:013  INFO 25752 --- [warehouse] [main] b.m.s.MybatisPlusApplicationContextAware : Register ApplicationContext instances org.springframework.boot.web.server.servlet.context.AnnotationConfigServletWebServerApplicationContext@56e07a08
17:49:29:253  INFO 25752 --- [warehouse] [main] com.zaxxer.hikari.HikariDataSource       : HikariPool-1 - Starting...
17:49:30:371  INFO 25752 --- [warehouse] [main] com.zaxxer.hikari.pool.HikariPool        : HikariPool-1 - Added connection com.mysql.cj.jdbc.ConnectionImpl@5089a72b
17:49:30:376  INFO 25752 --- [warehouse] [main] com.zaxxer.hikari.HikariDataSource       : HikariPool-1 - Start completed.
17:49:31:545  INFO 25752 --- [warehouse] [main] o.s.boot.tomcat.TomcatWebServer          : Tomcat started on port 8000 (http) with context path '/'
17:49:31:572  INFO 25752 --- [warehouse] [main] com.zh.WarehouseApplication              : Started WarehouseApplication in 7.14 seconds (process running for 7.713)
17:50:27:367  INFO 25752 --- [warehouse] [http-nio-8000-exec-3] o.a.c.c.C.[Tomcat].[localhost].[/]       : Initializing Spring DispatcherServlet 'dispatcherServlet'
17:50:27:367  INFO 25752 --- [warehouse] [http-nio-8000-exec-3] o.s.web.servlet.DispatcherServlet        : Initializing Servlet 'dispatcherServlet'
17:50:27:372  INFO 25752 --- [warehouse] [http-nio-8000-exec-3] o.s.web.servlet.DispatcherServlet        : Completed initialization in 4 ms
17:50:31:453 DEBUG 25752 --- [warehouse] [http-nio-8000-exec-6] c.z.m.InventoryMapper.selectWithCursor   : ==>  Preparing: SELECT id,product_id,quantity,reserved_quantity,version,updated_at FROM inventory WHERE (product_id = ?)
17:50:31:548 DEBUG 25752 --- [warehouse] [http-nio-8000-exec-6] c.z.m.InventoryMapper.selectWithCursor   : ==> Parameters: 1(Long)
17:50:31:639 DEBUG 25752 --- [warehouse] [http-nio-8000-exec-6] c.z.m.InventoryMapper.selectWithCursor   : <==      Total: 1
17:50:31:675 DEBUG 25752 --- [warehouse] [http-nio-8000-exec-6] com.zh.mapper.InventoryMapper.update     : ==>  Preparing: UPDATE inventory SET quantity = quantity + ?,updated_at=? WHERE (id = ? AND quantity >= ?)
17:50:31:682 DEBUG 25752 --- [warehouse] [http-nio-8000-exec-6] com.zh.mapper.InventoryMapper.update     : ==> Parameters: -1(Integer), 2026-08-04T17:50:31.648153(LocalDateTime), 1(Long), 1(Integer)
17:50:31:701 DEBUG 25752 --- [warehouse] [http-nio-8000-exec-6] com.zh.mapper.InventoryMapper.update     : <==    Updates: 1
17:50:31:712 DEBUG 25752 --- [warehouse] [http-nio-8000-exec-6] c.zh.mapper.InventoryMapper.selectById   : ==>  Preparing: SELECT id,product_id,quantity,reserved_quantity,version,updated_at FROM inventory WHERE id=?
17:50:31:716 DEBUG 25752 --- [warehouse] [http-nio-8000-exec-6] c.zh.mapper.InventoryMapper.selectById   : ==> Parameters: 1(Long)
17:50:31:723 DEBUG 25752 --- [warehouse] [http-nio-8000-exec-6] c.zh.mapper.InventoryMapper.selectById   : <==      Total: 1
17:50:33:787 DEBUG 25752 --- [warehouse] [http-nio-8000-exec-4] c.z.m.InventoryMapper.selectWithCursor   : ==>  Preparing: SELECT id,product_id,quantity,reserved_quantity,version,updated_at FROM inventory WHERE (product_id = ?)
17:50:33:795 DEBUG 25752 --- [warehouse] [http-nio-8000-exec-4] c.z.m.InventoryMapper.selectWithCursor   : ==> Parameters: 1(Long)
17:50:33:801 DEBUG 25752 --- [warehouse] [http-nio-8000-exec-4] c.z.m.InventoryMapper.selectWithCursor   : <==      Total: 1
17:50:33:806 DEBUG 25752 --- [warehouse] [http-nio-8000-exec-4] com.zh.mapper.InventoryMapper.update     : ==>  Preparing: UPDATE inventory SET quantity = quantity + ?,updated_at=? WHERE (id = ? AND quantity >= ?)
17:50:33:807 DEBUG 25752 --- [warehouse] [http-nio-8000-exec-4] com.zh.mapper.InventoryMapper.update     : ==> Parameters: -1(Integer), 2026-08-04T17:50:33.803270400(LocalDateTime), 1(Long), 1(Integer)
17:50:33:814 DEBUG 25752 --- [warehouse] [http-nio-8000-exec-4] com.zh.mapper.InventoryMapper.update     : <==    Updates: 1
17:50:33:816 DEBUG 25752 --- [warehouse] [http-nio-8000-exec-4] c.zh.mapper.InventoryMapper.selectById   : ==>  Preparing: SELECT id,product_id,quantity,reserved_quantity,version,updated_at FROM inventory WHERE id=?
17:50:33:817 DEBUG 25752 --- [warehouse] [http-nio-8000-exec-4] c.zh.mapper.InventoryMapper.selectById   : ==> Parameters: 1(Long)
17:50:33:823 DEBUG 25752 --- [warehouse] [http-nio-8000-exec-4] c.zh.mapper.InventoryMapper.selectById   : <==      Total: 1
17:52:16:976  INFO 25752 --- [warehouse] [SpringApplicationShutdownHook] o.s.boot.tomcat.GracefulShutdown         : Commencing graceful shutdown. Waiting for active requests to complete
17:52:17:043  INFO 25752 --- [warehouse] [tomcat-shutdown] o.s.boot.tomcat.GracefulShutdown         : Graceful shutdown complete
17:52:17:075  INFO 25752 --- [warehouse] [SpringApplicationShutdownHook] com.zaxxer.hikari.HikariDataSource       : HikariPool-1 - Shutdown initiated...
17:52:17:080  INFO 25752 --- [warehouse] [SpringApplicationShutdownHook] com.zaxxer.hikari.HikariDataSource       : HikariPool-1 - Shutdown completed.
17:52:22:597  INFO 13536 --- [warehouse] [main] com.zh.WarehouseApplication              : Starting WarehouseApplication using Java 17.0.16 with PID 13536 (E:\ideaProject\warehouse\target\classes started by 张乐宇 in E:\ideaProject\warehouse)
17:52:22:598 DEBUG 13536 --- [warehouse] [main] com.zh.WarehouseApplication              : Running with Spring Boot v4.1.0, Spring v7.0.8
17:52:22:599  INFO 13536 --- [warehouse] [main] com.zh.WarehouseApplication              : The following 1 profile is active: "local"
17:52:23:094  INFO 13536 --- [warehouse] [main] .s.d.r.c.RepositoryConfigurationDelegate : Multiple Spring Data modules found, entering strict repository configuration mode
17:52:23:096  INFO 13536 --- [warehouse] [main] .s.d.r.c.RepositoryConfigurationDelegate : Bootstrapping Spring Data JDBC repositories in DEFAULT mode.
17:52:23:112  INFO 13536 --- [warehouse] [main] .s.d.r.c.RepositoryConfigurationDelegate : Finished Spring Data repository scanning in 10 ms. Found 0 JDBC repository interfaces.
17:52:23:142  INFO 13536 --- [warehouse] [main] .s.d.r.c.RepositoryConfigurationDelegate : Multiple Spring Data modules found, entering strict repository configuration mode
17:52:23:143  INFO 13536 --- [warehouse] [main] .s.d.r.c.RepositoryConfigurationDelegate : Bootstrapping Spring Data Redis repositories in DEFAULT mode.
17:52:23:157  INFO 13536 --- [warehouse] [main] .s.d.r.c.RepositoryConfigurationDelegate : Finished Spring Data repository scanning in 7 ms. Found 0 Redis repository interfaces.
17:52:23:593  INFO 13536 --- [warehouse] [main] o.s.boot.tomcat.TomcatWebServer          : Tomcat initialized with port 8000 (http)
17:52:23:602  INFO 13536 --- [warehouse] [main] o.apache.catalina.core.StandardService   : Starting service [Tomcat]
17:52:23:603  INFO 13536 --- [warehouse] [main] o.apache.catalina.core.StandardEngine    : Starting Servlet engine: [Apache Tomcat/11.0.22]
17:52:23:639  INFO 13536 --- [warehouse] [main] b.w.c.s.WebApplicationContextInitializer : Root WebApplicationContext: initialization completed in 1006 ms
17:52:24:324  INFO 13536 --- [warehouse] [main] org.redisson.Version                     : Redisson 3.52.0
17:52:24:543  INFO 13536 --- [warehouse] [redisson-netty-4-5] o.redisson.connection.ConnectionsHolder  : 1 connections initialized for 192.168.100.128/192.168.100.128:6379
17:52:24:634  INFO 13536 --- [warehouse] [redisson-netty-4-19] o.redisson.connection.ConnectionsHolder  : 24 connections initialized for 192.168.100.128/192.168.100.128:6379
17:52:25:019  INFO 13536 --- [warehouse] [main] b.m.s.MybatisPlusApplicationContextAware : Register ApplicationContext instances org.springframework.boot.web.server.servlet.context.AnnotationConfigServletWebServerApplicationContext@4a9cc6cb
17:52:25:079  INFO 13536 --- [warehouse] [main] com.zaxxer.hikari.HikariDataSource       : HikariPool-1 - Starting...
17:52:25:312  INFO 13536 --- [warehouse] [main] com.zaxxer.hikari.pool.HikariPool        : HikariPool-1 - Added connection com.mysql.cj.jdbc.ConnectionImpl@52a2e2fb
17:52:25:314  INFO 13536 --- [warehouse] [main] com.zaxxer.hikari.HikariDataSource       : HikariPool-1 - Start completed.
17:52:25:500  INFO 13536 --- [warehouse] [main] o.s.boot.tomcat.TomcatWebServer          : Tomcat started on port 8000 (http) with context path '/'
17:52:25:507  INFO 13536 --- [warehouse] [main] com.zh.WarehouseApplication              : Started WarehouseApplication in 3.258 seconds (process running for 3.697)
17:52:52:337  INFO 13536 --- [warehouse] [http-nio-8000-exec-8] o.a.c.c.C.[Tomcat].[localhost].[/]       : Initializing Spring DispatcherServlet 'dispatcherServlet'
17:52:52:338  INFO 13536 --- [warehouse] [http-nio-8000-exec-8] o.s.web.servlet.DispatcherServlet        : Initializing Servlet 'dispatcherServlet'
17:52:52:344  INFO 13536 --- [warehouse] [http-nio-8000-exec-8] o.s.web.servlet.DispatcherServlet        : Completed initialization in 6 ms
17:52:56:466 DEBUG 13536 --- [warehouse] [http-nio-8000-exec-8] c.z.m.InventoryMapper.selectWithCursor   : ==>  Preparing: SELECT id,product_id,quantity,reserved_quantity,version,updated_at FROM inventory WHERE (product_id = ?)
17:52:56:547 DEBUG 13536 --- [warehouse] [http-nio-8000-exec-8] c.z.m.InventoryMapper.selectWithCursor   : ==> Parameters: 1(Long)
17:52:56:628 DEBUG 13536 --- [warehouse] [http-nio-8000-exec-8] c.z.m.InventoryMapper.selectWithCursor   : <==      Total: 1
17:52:56:661 DEBUG 13536 --- [warehouse] [http-nio-8000-exec-8] com.zh.mapper.InventoryMapper.update     : ==>  Preparing: UPDATE inventory SET quantity = quantity + ?,updated_at=? WHERE (id = ? AND quantity >= ?)
17:52:56:668 DEBUG 13536 --- [warehouse] [http-nio-8000-exec-8] com.zh.mapper.InventoryMapper.update     : ==> Parameters: -1(Integer), 2026-08-04T17:52:56.636903900(LocalDateTime), 1(Long), 1(Integer)
17:52:56:682 DEBUG 13536 --- [warehouse] [http-nio-8000-exec-8] com.zh.mapper.InventoryMapper.update     : <==    Updates: 1
17:52:56:689 DEBUG 13536 --- [warehouse] [http-nio-8000-exec-8] c.zh.mapper.InventoryMapper.selectById   : ==>  Preparing: SELECT id,product_id,quantity,reserved_quantity,version,updated_at FROM inventory WHERE id=?
17:52:56:696 DEBUG 13536 --- [warehouse] [http-nio-8000-exec-8] c.zh.mapper.InventoryMapper.selectById   : ==> Parameters: 1(Long)
17:52:56:702 DEBUG 13536 --- [warehouse] [http-nio-8000-exec-8] c.zh.mapper.InventoryMapper.selectById   : <==      Total: 1
17:52:58:746 DEBUG 13536 --- [warehouse] [http-nio-8000-exec-7] c.z.m.InventoryMapper.selectWithCursor   : ==>  Preparing: SELECT id,product_id,quantity,reserved_quantity,version,updated_at FROM inventory WHERE (product_id = ?)
17:52:58:748 DEBUG 13536 --- [warehouse] [http-nio-8000-exec-7] c.z.m.InventoryMapper.selectWithCursor   : ==> Parameters: 1(Long)
17:52:58:754 DEBUG 13536 --- [warehouse] [http-nio-8000-exec-7] c.z.m.InventoryMapper.selectWithCursor   : <==      Total: 1
17:52:58:760 DEBUG 13536 --- [warehouse] [http-nio-8000-exec-7] com.zh.mapper.InventoryMapper.update     : ==>  Preparing: UPDATE inventory SET quantity = quantity + ?,updated_at=? WHERE (id = ? AND quantity >= ?)
17:52:58:763 DEBUG 13536 --- [warehouse] [http-nio-8000-exec-7] com.zh.mapper.InventoryMapper.update     : ==> Parameters: -1(Integer), 2026-08-04T17:52:58.756552700(LocalDateTime), 1(Long), 1(Integer)
17:52:58:769 DEBUG 13536 --- [warehouse] [http-nio-8000-exec-7] com.zh.mapper.InventoryMapper.update     : <==    Updates: 1
17:52:58:770 DEBUG 13536 --- [warehouse] [http-nio-8000-exec-7] c.zh.mapper.InventoryMapper.selectById   : ==>  Preparing: SELECT id,product_id,quantity,reserved_quantity,version,updated_at FROM inventory WHERE id=?
17:52:58:772 DEBUG 13536 --- [warehouse] [http-nio-8000-exec-7] c.zh.mapper.InventoryMapper.selectById   : ==> Parameters: 1(Long)
17:52:58:777 DEBUG 13536 --- [warehouse] [http-nio-8000-exec-7] c.zh.mapper.InventoryMapper.selectById   : <==      Total: 1
17:53:26:885  INFO 13536 --- [warehouse] [SpringApplicationShutdownHook] o.s.boot.tomcat.GracefulShutdown         : Commencing graceful shutdown. Waiting for active requests to complete
17:53:26:950  INFO 13536 --- [warehouse] [tomcat-shutdown] o.s.boot.tomcat.GracefulShutdown         : Graceful shutdown complete
17:53:26:982  INFO 13536 --- [warehouse] [SpringApplicationShutdownHook] com.zaxxer.hikari.HikariDataSource       : HikariPool-1 - Shutdown initiated...
17:53:26:988  INFO 13536 --- [warehouse] [SpringApplicationShutdownHook] com.zaxxer.hikari.HikariDataSource       : HikariPool-1 - Shutdown completed.
22:23:48:814  INFO 9588 --- [warehouse] [main] com.zh.WarehouseApplication              : Starting WarehouseApplication using Java 17.0.16 with PID 9588 (E:\ideaProject\warehouse\target\classes started by 张乐宇 in E:\ideaProject\warehouse)
22:23:48:818 DEBUG 9588 --- [warehouse] [main] com.zh.WarehouseApplication              : Running with Spring Boot v4.1.0, Spring v7.0.8
22:23:48:819  INFO 9588 --- [warehouse] [main] com.zh.WarehouseApplication              : The following 1 profile is active: "local"
22:23:52:804  INFO 9588 --- [warehouse] [main] .s.d.r.c.RepositoryConfigurationDelegate : Multiple Spring Data modules found, entering strict repository configuration mode
22:23:52:809  INFO 9588 --- [warehouse] [main] .s.d.r.c.RepositoryConfigurationDelegate : Bootstrapping Spring Data JDBC repositories in DEFAULT mode.
22:23:52:914  INFO 9588 --- [warehouse] [main] .s.d.r.c.RepositoryConfigurationDelegate : Finished Spring Data repository scanning in 76 ms. Found 0 JDBC repository interfaces.
22:23:53:108  INFO 9588 --- [warehouse] [main] .s.d.r.c.RepositoryConfigurationDelegate : Multiple Spring Data modules found, entering strict repository configuration mode
22:23:53:114  INFO 9588 --- [warehouse] [main] .s.d.r.c.RepositoryConfigurationDelegate : Bootstrapping Spring Data Redis repositories in DEFAULT mode.
22:23:53:204  INFO 9588 --- [warehouse] [main] .s.d.r.c.RepositoryConfigurationDelegate : Finished Spring Data repository scanning in 33 ms. Found 0 Redis repository interfaces.
22:23:55:939  INFO 9588 --- [warehouse] [main] o.s.boot.tomcat.TomcatWebServer          : Tomcat initialized with port 8000 (http)
22:23:56:003  INFO 9588 --- [warehouse] [main] o.apache.catalina.core.StandardService   : Starting service [Tomcat]
22:23:56:006  INFO 9588 --- [warehouse] [main] o.apache.catalina.core.StandardEngine    : Starting Servlet engine: [Apache Tomcat/11.0.22]
22:23:56:176  INFO 9588 --- [warehouse] [main] b.w.c.s.WebApplicationContextInitializer : Root WebApplicationContext: initialization completed in 7289 ms
22:23:58:327  INFO 9588 --- [warehouse] [main] org.redisson.Version                     : Redisson 3.52.0
22:23:58:734  INFO 9588 --- [warehouse] [redisson-netty-4-4] o.redisson.connection.ConnectionsHolder  : 1 connections initialized for 192.168.100.128/192.168.100.128:6379
22:23:58:843  INFO 9588 --- [warehouse] [redisson-netty-4-19] o.redisson.connection.ConnectionsHolder  : 24 connections initialized for 192.168.100.128/192.168.100.128:6379
22:23:59:292  INFO 9588 --- [warehouse] [main] b.m.s.MybatisPlusApplicationContextAware : Register ApplicationContext instances org.springframework.boot.web.server.servlet.context.AnnotationConfigServletWebServerApplicationContext@72b16078
22:23:59:618  INFO 9588 --- [warehouse] [main] com.zaxxer.hikari.HikariDataSource       : HikariPool-1 - Starting...
22:24:00:010  INFO 9588 --- [warehouse] [main] com.zaxxer.hikari.pool.HikariPool        : HikariPool-1 - Added connection com.mysql.cj.jdbc.ConnectionImpl@5003c114
22:24:00:011  INFO 9588 --- [warehouse] [main] com.zaxxer.hikari.HikariDataSource       : HikariPool-1 - Start completed.
22:24:00:271  INFO 9588 --- [warehouse] [main] o.s.boot.tomcat.TomcatWebServer          : Tomcat started on port 8000 (http) with context path '/'
22:24:00:279  INFO 9588 --- [warehouse] [main] com.zh.WarehouseApplication              : Started WarehouseApplication in 12.116 seconds (process running for 13.126)
23:04:38:982  INFO 9588 --- [warehouse] [SpringApplicationShutdownHook] o.s.boot.tomcat.GracefulShutdown         : Commencing graceful shutdown. Waiting for active requests to complete
23:04:39:071  INFO 9588 --- [warehouse] [tomcat-shutdown] o.s.boot.tomcat.GracefulShutdown         : Graceful shutdown complete
23:04:39:183  INFO 9588 --- [warehouse] [SpringApplicationShutdownHook] com.zaxxer.hikari.HikariDataSource       : HikariPool-1 - Shutdown initiated...
23:04:39:191  INFO 9588 --- [warehouse] [SpringApplicationShutdownHook] com.zaxxer.hikari.HikariDataSource       : HikariPool-1 - Shutdown completed.
23:04:46:136  INFO 52348 --- [warehouse] [main] com.zh.WarehouseApplication              : Starting WarehouseApplication using Java 17.0.16 with PID 52348 (E:\ideaProject\warehouse\target\classes started by 张乐宇 in E:\ideaProject\warehouse)
23:04:46:140 DEBUG 52348 --- [warehouse] [main] com.zh.WarehouseApplication              : Running with Spring Boot v4.1.0, Spring v7.0.8
23:04:46:141  INFO 52348 --- [warehouse] [main] com.zh.WarehouseApplication              : The following 1 profile is active: "local"
23:04:47:242  INFO 52348 --- [warehouse] [main] .s.d.r.c.RepositoryConfigurationDelegate : Multiple Spring Data modules found, entering strict repository configuration mode
23:04:47:244  INFO 52348 --- [warehouse] [main] .s.d.r.c.RepositoryConfigurationDelegate : Bootstrapping Spring Data JDBC repositories in DEFAULT mode.
23:04:47:266  INFO 52348 --- [warehouse] [main] .s.d.r.c.RepositoryConfigurationDelegate : Finished Spring Data repository scanning in 16 ms. Found 0 JDBC repository interfaces.
23:04:47:323  INFO 52348 --- [warehouse] [main] .s.d.r.c.RepositoryConfigurationDelegate : Multiple Spring Data modules found, entering strict repository configuration mode
23:04:47:325  INFO 52348 --- [warehouse] [main] .s.d.r.c.RepositoryConfigurationDelegate : Bootstrapping Spring Data Redis repositories in DEFAULT mode.
23:04:47:342  INFO 52348 --- [warehouse] [main] .s.d.r.c.RepositoryConfigurationDelegate : Finished Spring Data repository scanning in 4 ms. Found 0 Redis repository interfaces.
23:04:48:053  INFO 52348 --- [warehouse] [main] o.s.boot.tomcat.TomcatWebServer          : Tomcat initialized with port 8000 (http)
23:04:48:067  INFO 52348 --- [warehouse] [main] o.apache.catalina.core.StandardService   : Starting service [Tomcat]
23:04:48:067  INFO 52348 --- [warehouse] [main] o.apache.catalina.core.StandardEngine    : Starting Servlet engine: [Apache Tomcat/11.0.22]
23:04:48:122  INFO 52348 --- [warehouse] [main] b.w.c.s.WebApplicationContextInitializer : Root WebApplicationContext: initialization completed in 1914 ms
23:04:48:207  WARN 52348 --- [warehouse] [main] ConfigServletWebServerApplicationContext : Exception encountered during context initialization - cancelling refresh attempt: org.springframework.beans.factory.UnsatisfiedDependencyException: Error creating bean with name 'mqConfig' defined in file [E:\ideaProject\warehouse\target\classes\com\zh\common\config\MqConfig.class]: Unsatisfied dependency expressed through constructor parameter 0: Error creating bean with name 'rabbitTemplate' defined in class path resource [org/springframework/boot/amqp/autoconfigure/RabbitAutoConfiguration$RabbitTemplateConfiguration.class]: Unsatisfied dependency expressed through method 'rabbitTemplate' parameter 0: Error creating bean with name 'rabbitTemplateConfigurer' defined in class path resource [org/springframework/boot/amqp/autoconfigure/RabbitAutoConfiguration$RabbitTemplateConfiguration.class]: Failed to instantiate [org.springframework.boot.amqp.autoconfigure.RabbitTemplateConfigurer]: Factory method 'rabbitTemplateConfigurer' threw exception with message: Error creating bean with name 'mqConfig': Requested bean is currently in creation: Is there an unresolvable circular reference or an asynchronous initialization dependency?
23:04:48:209  INFO 52348 --- [warehouse] [main] o.apache.catalina.core.StandardService   : Stopping service [Tomcat]
23:04:48:225  INFO 52348 --- [warehouse] [main] .s.b.a.l.ConditionEvaluationReportLogger : 

Error starting ApplicationContext. To display the condition evaluation report re-run your application with 'debug' enabled.
23:04:48:237 ERROR 52348 --- [warehouse] [main] o.s.b.d.LoggingFailureAnalysisReporter   : 

***************************
APPLICATION FAILED TO START
***************************

Description:

The dependencies of some of the beans in the application context form a cycle:

┌─────┐
|  mqConfig defined in file [E:\ideaProject\warehouse\target\classes\com\zh\common\config\MqConfig.class]
↑     ↓
|  rabbitTemplate defined in class path resource [org/springframework/boot/amqp/autoconfigure/RabbitAutoConfiguration$RabbitTemplateConfiguration.class]
↑     ↓
|  rabbitTemplateConfigurer defined in class path resource [org/springframework/boot/amqp/autoconfigure/RabbitAutoConfiguration$RabbitTemplateConfiguration.class]
└─────┘


Action:

Relying upon circular references is discouraged and they are prohibited by default. Update your application to remove the dependency cycle between beans. As a last resort, it may be possible to break the cycle automatically by setting spring.main.allow-circular-references to true.

23:06:44:080  INFO 51376 --- [warehouse] [main] com.zh.WarehouseApplication              : Starting WarehouseApplication using Java 17.0.16 with PID 51376 (E:\ideaProject\warehouse\target\classes started by 张乐宇 in E:\ideaProject\warehouse)
23:06:44:083 DEBUG 51376 --- [warehouse] [main] com.zh.WarehouseApplication              : Running with Spring Boot v4.1.0, Spring v7.0.8
23:06:44:083  INFO 51376 --- [warehouse] [main] com.zh.WarehouseApplication              : The following 1 profile is active: "local"
23:06:44:691  INFO 51376 --- [warehouse] [main] .s.d.r.c.RepositoryConfigurationDelegate : Multiple Spring Data modules found, entering strict repository configuration mode
23:06:44:692  INFO 51376 --- [warehouse] [main] .s.d.r.c.RepositoryConfigurationDelegate : Bootstrapping Spring Data JDBC repositories in DEFAULT mode.
23:06:44:715  INFO 51376 --- [warehouse] [main] .s.d.r.c.RepositoryConfigurationDelegate : Finished Spring Data repository scanning in 13 ms. Found 0 JDBC repository interfaces.
23:06:44:748  INFO 51376 --- [warehouse] [main] .s.d.r.c.RepositoryConfigurationDelegate : Multiple Spring Data modules found, entering strict repository configuration mode
23:06:44:749  INFO 51376 --- [warehouse] [main] .s.d.r.c.RepositoryConfigurationDelegate : Bootstrapping Spring Data Redis repositories in DEFAULT mode.
23:06:44:761  INFO 51376 --- [warehouse] [main] .s.d.r.c.RepositoryConfigurationDelegate : Finished Spring Data repository scanning in 3 ms. Found 0 Redis repository interfaces.
23:06:45:272  INFO 51376 --- [warehouse] [main] o.s.boot.tomcat.TomcatWebServer          : Tomcat initialized with port 8000 (http)
23:06:45:279  INFO 51376 --- [warehouse] [main] o.apache.catalina.core.StandardService   : Starting service [Tomcat]
23:06:45:280  INFO 51376 --- [warehouse] [main] o.apache.catalina.core.StandardEngine    : Starting Servlet engine: [Apache Tomcat/11.0.22]
23:06:45:366  INFO 51376 --- [warehouse] [main] b.w.c.s.WebApplicationContextInitializer : Root WebApplicationContext: initialization completed in 1247 ms
23:06:46:392  INFO 51376 --- [warehouse] [main] org.redisson.Version                     : Redisson 3.52.0
23:06:46:652  INFO 51376 --- [warehouse] [redisson-netty-4-4] o.redisson.connection.ConnectionsHolder  : 1 connections initialized for 192.168.100.128/192.168.100.128:6379
23:06:46:719  INFO 51376 --- [warehouse] [redisson-netty-4-19] o.redisson.connection.ConnectionsHolder  : 24 connections initialized for 192.168.100.128/192.168.100.128:6379
23:06:47:041  INFO 51376 --- [warehouse] [main] b.m.s.MybatisPlusApplicationContextAware : Register ApplicationContext instances org.springframework.boot.web.server.servlet.context.AnnotationConfigServletWebServerApplicationContext@1eba372c
23:06:47:125  INFO 51376 --- [warehouse] [main] com.zaxxer.hikari.HikariDataSource       : HikariPool-1 - Starting...
23:06:47:307  INFO 51376 --- [warehouse] [main] com.zaxxer.hikari.pool.HikariPool        : HikariPool-1 - Added connection com.mysql.cj.jdbc.ConnectionImpl@54f62ac6
23:06:47:308  INFO 51376 --- [warehouse] [main] com.zaxxer.hikari.HikariDataSource       : HikariPool-1 - Start completed.
23:06:47:481  INFO 51376 --- [warehouse] [main] o.s.boot.tomcat.TomcatWebServer          : Tomcat started on port 8000 (http) with context path '/'
23:06:47:482  INFO 51376 --- [warehouse] [main] o.s.a.r.c.CachingConnectionFactory       : Attempting to connect to: [localhost:5672]
23:06:47:487  INFO 51376 --- [warehouse] [main] o.s.a.r.l.SimpleMessageListenerContainer : Broker not available; cannot force queue declarations during start: java.net.ConnectException: Connection refused: getsockopt
23:06:47:492  INFO 51376 --- [warehouse] [org.springframework.amqp.rabbit.RabbitListenerEndpointContainer#0-1] o.s.a.r.c.CachingConnectionFactory       : Attempting to connect to: [localhost:5672]
23:06:47:504 ERROR 51376 --- [warehouse] [org.springframework.amqp.rabbit.RabbitListenerEndpointContainer#0-1] o.s.a.r.l.SimpleMessageListenerContainer : Failed to check/redeclare auto-delete queue(s).

org.springframework.amqp.AmqpConnectException: java.net.ConnectException: Connection refused: getsockopt
	at org.springframework.amqp.rabbit.support.RabbitExceptionTranslator.convertRabbitAccessException(RabbitExceptionTranslator.java:60) ~[spring-rabbit-4.1.0.jar:4.1.0]
	at org.springframework.amqp.rabbit.connection.AbstractConnectionFactory.createBareConnection(AbstractConnectionFactory.java:629) ~[spring-rabbit-4.1.0.jar:4.1.0]
	at org.springframework.amqp.rabbit.connection.CachingConnectionFactory.createConnection(CachingConnectionFactory.java:746) ~[spring-rabbit-4.1.0.jar:4.1.0]
	at org.springframework.amqp.rabbit.connection.ConnectionFactoryUtils.createConnection(ConnectionFactoryUtils.java:256) ~[spring-rabbit-4.1.0.jar:4.1.0]
	at org.springframework.amqp.rabbit.core.RabbitTemplate.doExecute(RabbitTemplate.java:2239) ~[spring-rabbit-4.1.0.jar:4.1.0]
	at org.springframework.amqp.rabbit.core.RabbitTemplate.execute(RabbitTemplate.java:2211) ~[spring-rabbit-4.1.0.jar:4.1.0]
	at org.springframework.amqp.rabbit.core.RabbitTemplate.execute(RabbitTemplate.java:2191) ~[spring-rabbit-4.1.0.jar:4.1.0]
	at org.springframework.amqp.rabbit.core.RabbitAdmin.getQueueInfo(RabbitAdmin.java:472) ~[spring-rabbit-4.1.0.jar:4.1.0]
	at org.springframework.amqp.rabbit.core.RabbitAdmin.getQueueProperties(RabbitAdmin.java:456) ~[spring-rabbit-4.1.0.jar:4.1.0]
	at org.springframework.amqp.rabbit.listener.AbstractMessageListenerContainer.attemptDeclarations(AbstractMessageListenerContainer.java:1972) ~[spring-rabbit-4.1.0.jar:4.1.0]
	at org.springframework.amqp.rabbit.listener.AbstractMessageListenerContainer.redeclareElementsIfNecessary(AbstractMessageListenerContainer.java:1935) ~[spring-rabbit-4.1.0.jar:4.1.0]
	at org.springframework.amqp.rabbit.listener.SimpleMessageListenerContainer$AsyncMessageProcessingConsumer.initialize(SimpleMessageListenerContainer.java:1602) ~[spring-rabbit-4.1.0.jar:4.1.0]
	at org.springframework.amqp.rabbit.listener.SimpleMessageListenerContainer$AsyncMessageProcessingConsumer.run(SimpleMessageListenerContainer.java:1400) ~[spring-rabbit-4.1.0.jar:4.1.0]
	at java.base/java.lang.Thread.run(Thread.java:840) ~[na:na]
Caused by: java.net.ConnectException: Connection refused: getsockopt
	at java.base/sun.nio.ch.Net.pollConnect(Native Method) ~[na:na]
	at java.base/sun.nio.ch.Net.pollConnectNow(Net.java:672) ~[na:na]
	at java.base/sun.nio.ch.NioSocketImpl.timedFinishConnect(NioSocketImpl.java:547) ~[na:na]
	at java.base/sun.nio.ch.NioSocketImpl.connect(NioSocketImpl.java:602) ~[na:na]
	at java.base/java.net.SocksSocketImpl.connect(SocksSocketImpl.java:327) ~[na:na]
	at java.base/java.net.Socket.connect(Socket.java:633) ~[na:na]
	at com.rabbitmq.client.impl.SocketFrameHandlerFactory.create(SocketFrameHandlerFactory.java:61) ~[amqp-client-5.30.0.jar:5.30.0]
	at com.rabbitmq.client.ConnectionFactory.newConnection(ConnectionFactory.java:1355) ~[amqp-client-5.30.0.jar:5.30.0]
	at com.rabbitmq.client.ConnectionFactory.newConnection(ConnectionFactory.java:1297) ~[amqp-client-5.30.0.jar:5.30.0]
	at org.springframework.amqp.rabbit.connection.AbstractConnectionFactory.connectAddresses(AbstractConnectionFactory.java:676) ~[spring-rabbit-4.1.0.jar:4.1.0]
	at org.springframework.amqp.rabbit.connection.AbstractConnectionFactory.connect(AbstractConnectionFactory.java:644) ~[spring-rabbit-4.1.0.jar:4.1.0]
	at org.springframework.amqp.rabbit.connection.AbstractConnectionFactory.createBareConnection(AbstractConnectionFactory.java:590) ~[spring-rabbit-4.1.0.jar:4.1.0]
	... 12 common frames omitted

23:06:47:509  INFO 51376 --- [warehouse] [org.springframework.amqp.rabbit.RabbitListenerEndpointContainer#0-1] o.s.a.r.c.CachingConnectionFactory       : Attempting to connect to: [localhost:5672]
23:06:47:551  INFO 51376 --- [warehouse] [main] o.s.a.r.c.CachingConnectionFactory       : Attempting to connect to: [localhost:5672]
23:06:47:581  INFO 51376 --- [warehouse] [main] o.s.a.r.l.SimpleMessageListenerContainer : Broker not available; cannot force queue declarations during start: java.net.ConnectException: Connection refused: getsockopt
23:06:47:583  INFO 51376 --- [warehouse] [org.springframework.amqp.rabbit.RabbitListenerEndpointContainer#1-1] o.s.a.r.c.CachingConnectionFactory       : Attempting to connect to: [localhost:5672]
23:06:47:585 ERROR 51376 --- [warehouse] [org.springframework.amqp.rabbit.RabbitListenerEndpointContainer#1-1] o.s.a.r.l.SimpleMessageListenerContainer : Failed to check/redeclare auto-delete queue(s).

org.springframework.amqp.AmqpConnectException: java.net.ConnectException: Connection refused: getsockopt
	at org.springframework.amqp.rabbit.support.RabbitExceptionTranslator.convertRabbitAccessException(RabbitExceptionTranslator.java:60) ~[spring-rabbit-4.1.0.jar:4.1.0]
	at org.springframework.amqp.rabbit.connection.AbstractConnectionFactory.createBareConnection(AbstractConnectionFactory.java:629) ~[spring-rabbit-4.1.0.jar:4.1.0]
	at org.springframework.amqp.rabbit.connection.CachingConnectionFactory.createConnection(CachingConnectionFactory.java:746) ~[spring-rabbit-4.1.0.jar:4.1.0]
	at org.springframework.amqp.rabbit.connection.ConnectionFactoryUtils.createConnection(ConnectionFactoryUtils.java:256) ~[spring-rabbit-4.1.0.jar:4.1.0]
	at org.springframework.amqp.rabbit.core.RabbitTemplate.doExecute(RabbitTemplate.java:2239) ~[spring-rabbit-4.1.0.jar:4.1.0]
	at org.springframework.amqp.rabbit.core.RabbitTemplate.execute(RabbitTemplate.java:2211) ~[spring-rabbit-4.1.0.jar:4.1.0]
	at org.springframework.amqp.rabbit.core.RabbitTemplate.execute(RabbitTemplate.java:2191) ~[spring-rabbit-4.1.0.jar:4.1.0]
	at org.springframework.amqp.rabbit.core.RabbitAdmin.getQueueInfo(RabbitAdmin.java:472) ~[spring-rabbit-4.1.0.jar:4.1.0]
	at org.springframework.amqp.rabbit.core.RabbitAdmin.getQueueProperties(RabbitAdmin.java:456) ~[spring-rabbit-4.1.0.jar:4.1.0]
	at org.springframework.amqp.rabbit.listener.AbstractMessageListenerContainer.attemptDeclarations(AbstractMessageListenerContainer.java:1972) ~[spring-rabbit-4.1.0.jar:4.1.0]
	at org.springframework.amqp.rabbit.listener.AbstractMessageListenerContainer.redeclareElementsIfNecessary(AbstractMessageListenerContainer.java:1935) ~[spring-rabbit-4.1.0.jar:4.1.0]
	at org.springframework.amqp.rabbit.listener.SimpleMessageListenerContainer$AsyncMessageProcessingConsumer.initialize(SimpleMessageListenerContainer.java:1602) ~[spring-rabbit-4.1.0.jar:4.1.0]
	at org.springframework.amqp.rabbit.listener.SimpleMessageListenerContainer$AsyncMessageProcessingConsumer.run(SimpleMessageListenerContainer.java:1400) ~[spring-rabbit-4.1.0.jar:4.1.0]
	at java.base/java.lang.Thread.run(Thread.java:840) ~[na:na]
Caused by: java.net.ConnectException: Connection refused: getsockopt
	at java.base/sun.nio.ch.Net.pollConnect(Native Method) ~[na:na]
	at java.base/sun.nio.ch.Net.pollConnectNow(Net.java:672) ~[na:na]
	at java.base/sun.nio.ch.NioSocketImpl.timedFinishConnect(NioSocketImpl.java:547) ~[na:na]
	at java.base/sun.nio.ch.NioSocketImpl.connect(NioSocketImpl.java:602) ~[na:na]
	at java.base/java.net.SocksSocketImpl.connect(SocksSocketImpl.java:327) ~[na:na]
	at java.base/java.net.Socket.connect(Socket.java:633) ~[na:na]
	at com.rabbitmq.client.impl.SocketFrameHandlerFactory.create(SocketFrameHandlerFactory.java:61) ~[amqp-client-5.30.0.jar:5.30.0]
	at com.rabbitmq.client.ConnectionFactory.newConnection(ConnectionFactory.java:1355) ~[amqp-client-5.30.0.jar:5.30.0]
	at com.rabbitmq.client.ConnectionFactory.newConnection(ConnectionFactory.java:1297) ~[amqp-client-5.30.0.jar:5.30.0]
	at org.springframework.amqp.rabbit.connection.AbstractConnectionFactory.connectAddresses(AbstractConnectionFactory.java:676) ~[spring-rabbit-4.1.0.jar:4.1.0]
	at org.springframework.amqp.rabbit.connection.AbstractConnectionFactory.connect(AbstractConnectionFactory.java:644) ~[spring-rabbit-4.1.0.jar:4.1.0]
	at org.springframework.amqp.rabbit.connection.AbstractConnectionFactory.createBareConnection(AbstractConnectionFactory.java:590) ~[spring-rabbit-4.1.0.jar:4.1.0]
	... 12 common frames omitted

23:06:47:585  INFO 51376 --- [warehouse] [org.springframework.amqp.rabbit.RabbitListenerEndpointContainer#1-1] o.s.a.r.c.CachingConnectionFactory       : Attempting to connect to: [localhost:5672]
23:06:47:614  INFO 51376 --- [warehouse] [main] o.s.a.r.c.CachingConnectionFactory       : Attempting to connect to: [localhost:5672]
23:06:47:629  INFO 51376 --- [warehouse] [main] o.s.a.r.l.SimpleMessageListenerContainer : Broker not available; cannot force queue declarations during start: java.net.ConnectException: Connection refused: getsockopt
23:06:47:631  INFO 51376 --- [warehouse] [org.springframework.amqp.rabbit.RabbitListenerEndpointContainer#2-1] o.s.a.r.c.CachingConnectionFactory       : Attempting to connect to: [localhost:5672]
23:06:47:660 ERROR 51376 --- [warehouse] [org.springframework.amqp.rabbit.RabbitListenerEndpointContainer#2-1] o.s.a.r.l.SimpleMessageListenerContainer : Failed to check/redeclare auto-delete queue(s).

org.springframework.amqp.AmqpConnectException: java.net.ConnectException: Connection refused: getsockopt
	at org.springframework.amqp.rabbit.support.RabbitExceptionTranslator.convertRabbitAccessException(RabbitExceptionTranslator.java:60) ~[spring-rabbit-4.1.0.jar:4.1.0]
	at org.springframework.amqp.rabbit.connection.AbstractConnectionFactory.createBareConnection(AbstractConnectionFactory.java:629) ~[spring-rabbit-4.1.0.jar:4.1.0]
	at org.springframework.amqp.rabbit.connection.CachingConnectionFactory.createConnection(CachingConnectionFactory.java:746) ~[spring-rabbit-4.1.0.jar:4.1.0]
	at org.springframework.amqp.rabbit.connection.ConnectionFactoryUtils.createConnection(ConnectionFactoryUtils.java:256) ~[spring-rabbit-4.1.0.jar:4.1.0]
	at org.springframework.amqp.rabbit.core.RabbitTemplate.doExecute(RabbitTemplate.java:2239) ~[spring-rabbit-4.1.0.jar:4.1.0]
	at org.springframework.amqp.rabbit.core.RabbitTemplate.execute(RabbitTemplate.java:2211) ~[spring-rabbit-4.1.0.jar:4.1.0]
	at org.springframework.amqp.rabbit.core.RabbitTemplate.execute(RabbitTemplate.java:2191) ~[spring-rabbit-4.1.0.jar:4.1.0]
	at org.springframework.amqp.rabbit.core.RabbitAdmin.getQueueInfo(RabbitAdmin.java:472) ~[spring-rabbit-4.1.0.jar:4.1.0]
	at org.springframework.amqp.rabbit.core.RabbitAdmin.getQueueProperties(RabbitAdmin.java:456) ~[spring-rabbit-4.1.0.jar:4.1.0]
	at org.springframework.amqp.rabbit.listener.AbstractMessageListenerContainer.attemptDeclarations(AbstractMessageListenerContainer.java:1972) ~[spring-rabbit-4.1.0.jar:4.1.0]
	at org.springframework.amqp.rabbit.listener.AbstractMessageListenerContainer.redeclareElementsIfNecessary(AbstractMessageListenerContainer.java:1935) ~[spring-rabbit-4.1.0.jar:4.1.0]
	at org.springframework.amqp.rabbit.listener.SimpleMessageListenerContainer$AsyncMessageProcessingConsumer.initialize(SimpleMessageListenerContainer.java:1602) ~[spring-rabbit-4.1.0.jar:4.1.0]
	at org.springframework.amqp.rabbit.listener.SimpleMessageListenerContainer$AsyncMessageProcessingConsumer.run(SimpleMessageListenerContainer.java:1400) ~[spring-rabbit-4.1.0.jar:4.1.0]
	at java.base/java.lang.Thread.run(Thread.java:840) ~[na:na]
Caused by: java.net.ConnectException: Connection refused: getsockopt
	at java.base/sun.nio.ch.Net.pollConnect(Native Method) ~[na:na]
	at java.base/sun.nio.ch.Net.pollConnectNow(Net.java:672) ~[na:na]
	at java.base/sun.nio.ch.NioSocketImpl.timedFinishConnect(NioSocketImpl.java:547) ~[na:na]
	at java.base/sun.nio.ch.NioSocketImpl.connect(NioSocketImpl.java:602) ~[na:na]
	at java.base/java.net.SocksSocketImpl.connect(SocksSocketImpl.java:327) ~[na:na]
	at java.base/java.net.Socket.connect(Socket.java:633) ~[na:na]
	at com.rabbitmq.client.impl.SocketFrameHandlerFactory.create(SocketFrameHandlerFactory.java:61) ~[amqp-client-5.30.0.jar:5.30.0]
	at com.rabbitmq.client.ConnectionFactory.newConnection(ConnectionFactory.java:1355) ~[amqp-client-5.30.0.jar:5.30.0]
	at com.rabbitmq.client.ConnectionFactory.newConnection(ConnectionFactory.java:1297) ~[amqp-client-5.30.0.jar:5.30.0]
	at org.springframework.amqp.rabbit.connection.AbstractConnectionFactory.connectAddresses(AbstractConnectionFactory.java:676) ~[spring-rabbit-4.1.0.jar:4.1.0]
	at org.springframework.amqp.rabbit.connection.AbstractConnectionFactory.connect(AbstractConnectionFactory.java:644) ~[spring-rabbit-4.1.0.jar:4.1.0]
	at org.springframework.amqp.rabbit.connection.AbstractConnectionFactory.createBareConnection(AbstractConnectionFactory.java:590) ~[spring-rabbit-4.1.0.jar:4.1.0]
	... 12 common frames omitted

23:06:47:661  INFO 51376 --- [warehouse] [org.springframework.amqp.rabbit.RabbitListenerEndpointContainer#2-1] o.s.a.r.c.CachingConnectionFactory       : Attempting to connect to: [localhost:5672]
23:06:47:678  INFO 51376 --- [warehouse] [main] com.zh.WarehouseApplication              : Started WarehouseApplication in 3.923 seconds (process running for 4.415)
23:06:52:620  WARN 51376 --- [warehouse] [org.springframework.amqp.rabbit.RabbitListenerEndpointContainer#0-1] o.s.a.r.l.SimpleMessageListenerContainer : Consumer raised exception, processing can restart if the connection factory supports it. Exception summary: org.springframework.amqp.AmqpConnectException: java.net.ConnectException: Connection refused: getsockopt
23:06:52:630  INFO 51376 --- [warehouse] [org.springframework.amqp.rabbit.RabbitListenerEndpointContainer#0-1] o.s.a.r.l.SimpleMessageListenerContainer : Restarting Consumer@72155315: tags=[[]], channel=null, acknowledgeMode=AUTO local queue size=0
23:06:52:632  INFO 51376 --- [warehouse] [org.springframework.amqp.rabbit.RabbitListenerEndpointContainer#0-2] o.s.a.r.c.CachingConnectionFactory       : Attempting to connect to: [localhost:5672]
23:06:52:651 ERROR 51376 --- [warehouse] [org.springframework.amqp.rabbit.RabbitListenerEndpointContainer#0-2] o.s.a.r.l.SimpleMessageListenerContainer : Failed to check/redeclare auto-delete queue(s).
23:06:52:652  INFO 51376 --- [warehouse] [org.springframework.amqp.rabbit.RabbitListenerEndpointContainer#0-2] o.s.a.r.c.CachingConnectionFactory       : Attempting to connect to: [localhost:5672]
23:06:52:682  WARN 51376 --- [warehouse] [org.springframework.amqp.rabbit.RabbitListenerEndpointContainer#1-1] o.s.a.r.l.SimpleMessageListenerContainer : Consumer raised exception, processing can restart if the connection factory supports it. Exception summary: org.springframework.amqp.AmqpConnectException: java.net.ConnectException: Connection refused: getsockopt
23:06:52:683  INFO 51376 --- [warehouse] [org.springframework.amqp.rabbit.RabbitListenerEndpointContainer#1-1] o.s.a.r.l.SimpleMessageListenerContainer : Restarting Consumer@178617da: tags=[[]], channel=null, acknowledgeMode=AUTO local queue size=0
23:06:52:684  INFO 51376 --- [warehouse] [org.springframework.amqp.rabbit.RabbitListenerEndpointContainer#1-2] o.s.a.r.c.CachingConnectionFactory       : Attempting to connect to: [localhost:5672]
23:06:52:697 ERROR 51376 --- [warehouse] [org.springframework.amqp.rabbit.RabbitListenerEndpointContainer#1-2] o.s.a.r.l.SimpleMessageListenerContainer : Failed to check/redeclare auto-delete queue(s).
23:06:52:697  INFO 51376 --- [warehouse] [org.springframework.amqp.rabbit.RabbitListenerEndpointContainer#1-2] o.s.a.r.c.CachingConnectionFactory       : Attempting to connect to: [localhost:5672]
23:06:52:744  WARN 51376 --- [warehouse] [org.springframework.amqp.rabbit.RabbitListenerEndpointContainer#2-1] o.s.a.r.l.SimpleMessageListenerContainer : Consumer raised exception, processing can restart if the connection factory supports it. Exception summary: org.springframework.amqp.AmqpConnectException: java.net.ConnectException: Connection refused: getsockopt
23:06:52:744  INFO 51376 --- [warehouse] [org.springframework.amqp.rabbit.RabbitListenerEndpointContainer#2-1] o.s.a.r.l.SimpleMessageListenerContainer : Restarting Consumer@74ed1d35: tags=[[]], channel=null, acknowledgeMode=AUTO local queue size=0
23:06:52:746  INFO 51376 --- [warehouse] [org.springframework.amqp.rabbit.RabbitListenerEndpointContainer#2-2] o.s.a.r.c.CachingConnectionFactory       : Attempting to connect to: [localhost:5672]
23:06:52:776 ERROR 51376 --- [warehouse] [org.springframework.amqp.rabbit.RabbitListenerEndpointContainer#2-2] o.s.a.r.l.SimpleMessageListenerContainer : Failed to check/redeclare auto-delete queue(s).
23:06:52:777  INFO 51376 --- [warehouse] [org.springframework.amqp.rabbit.RabbitListenerEndpointContainer#2-2] o.s.a.r.c.CachingConnectionFactory       : Attempting to connect to: [localhost:5672]
23:06:57:781  WARN 51376 --- [warehouse] [org.springframework.amqp.rabbit.RabbitListenerEndpointContainer#0-2] o.s.a.r.l.SimpleMessageListenerContainer : Consumer raised exception, processing can restart if the connection factory supports it. Exception summary: org.springframework.amqp.AmqpConnectException: java.net.ConnectException: Connection refused: getsockopt
23:06:57:781  INFO 51376 --- [warehouse] [org.springframework.amqp.rabbit.RabbitListenerEndpointContainer#0-2] o.s.a.r.l.SimpleMessageListenerContainer : Restarting Consumer@b6ff472: tags=[[]], channel=null, acknowledgeMode=AUTO local queue size=0
23:06:57:783  INFO 51376 --- [warehouse] [org.springframework.amqp.rabbit.RabbitListenerEndpointContainer#0-3] o.s.a.r.c.CachingConnectionFactory       : Attempting to connect to: [localhost:5672]
23:06:57:808 ERROR 51376 --- [warehouse] [org.springframework.amqp.rabbit.RabbitListenerEndpointContainer#0-3] o.s.a.r.l.SimpleMessageListenerContainer : Failed to check/redeclare auto-delete queue(s).
23:06:57:808  INFO 51376 --- [warehouse] [org.springframework.amqp.rabbit.RabbitListenerEndpointContainer#0-3] o.s.a.r.c.CachingConnectionFactory       : Attempting to connect to: [localhost:5672]
23:06:57:813  WARN 51376 --- [warehouse] [org.springframework.amqp.rabbit.RabbitListenerEndpointContainer#1-2] o.s.a.r.l.SimpleMessageListenerContainer : Consumer raised exception, processing can restart if the connection factory supports it. Exception summary: org.springframework.amqp.AmqpConnectException: java.net.ConnectException: Connection refused: getsockopt
23:06:57:813  INFO 51376 --- [warehouse] [org.springframework.amqp.rabbit.RabbitListenerEndpointContainer#1-2] o.s.a.r.l.SimpleMessageListenerContainer : Restarting Consumer@74a9a65e: tags=[[]], channel=null, acknowledgeMode=AUTO local queue size=0
23:06:57:828  INFO 51376 --- [warehouse] [org.springframework.amqp.rabbit.RabbitListenerEndpointContainer#1-3] o.s.a.r.c.CachingConnectionFactory       : Attempting to connect to: [localhost:5672]
23:06:57:844 ERROR 51376 --- [warehouse] [org.springframework.amqp.rabbit.RabbitListenerEndpointContainer#1-3] o.s.a.r.l.SimpleMessageListenerContainer : Failed to check/redeclare auto-delete queue(s).
23:06:57:845  INFO 51376 --- [warehouse] [org.springframework.amqp.rabbit.RabbitListenerEndpointContainer#1-3] o.s.a.r.c.CachingConnectionFactory       : Attempting to connect to: [localhost:5672]
23:06:57:875  WARN 51376 --- [warehouse] [org.springframework.amqp.rabbit.RabbitListenerEndpointContainer#2-2] o.s.a.r.l.SimpleMessageListenerContainer : Consumer raised exception, processing can restart if the connection factory supports it. Exception summary: org.springframework.amqp.AmqpConnectException: java.net.ConnectException: Connection refused: getsockopt
23:06:57:875  INFO 51376 --- [warehouse] [org.springframework.amqp.rabbit.RabbitListenerEndpointContainer#2-2] o.s.a.r.l.SimpleMessageListenerContainer : Restarting Consumer@37fbf275: tags=[[]], channel=null, acknowledgeMode=AUTO local queue size=0
23:06:57:877  INFO 51376 --- [warehouse] [org.springframework.amqp.rabbit.RabbitListenerEndpointContainer#2-3] o.s.a.r.c.CachingConnectionFactory       : Attempting to connect to: [localhost:5672]
23:06:57:906 ERROR 51376 --- [warehouse] [org.springframework.amqp.rabbit.RabbitListenerEndpointContainer#2-3] o.s.a.r.l.SimpleMessageListenerContainer : Failed to check/redeclare auto-delete queue(s).
23:06:57:907  INFO 51376 --- [warehouse] [org.springframework.amqp.rabbit.RabbitListenerEndpointContainer#2-3] o.s.a.r.c.CachingConnectionFactory       : Attempting to connect to: [localhost:5672]
23:07:02:879  WARN 51376 --- [warehouse] [org.springframework.amqp.rabbit.RabbitListenerEndpointContainer#0-3] o.s.a.r.l.SimpleMessageListenerContainer : Consumer raised exception, processing can restart if the connection factory supports it. Exception summary: org.springframework.amqp.AmqpConnectException: java.net.ConnectException: Connection refused: getsockopt
23:07:02:879  INFO 51376 --- [warehouse] [org.springframework.amqp.rabbit.RabbitListenerEndpointContainer#0-3] o.s.a.r.l.SimpleMessageListenerContainer : Restarting Consumer@777a2cd3: tags=[[]], channel=null, acknowledgeMode=AUTO local queue size=0
23:07:02:881  INFO 51376 --- [warehouse] [org.springframework.amqp.rabbit.RabbitListenerEndpointContainer#0-4] o.s.a.r.c.CachingConnectionFactory       : Attempting to connect to: [localhost:5672]
23:07:02:896 ERROR 51376 --- [warehouse] [org.springframework.amqp.rabbit.RabbitListenerEndpointContainer#0-4] o.s.a.r.l.SimpleMessageListenerContainer : Failed to check/redeclare auto-delete queue(s).
23:07:02:896  INFO 51376 --- [warehouse] [org.springframework.amqp.rabbit.RabbitListenerEndpointContainer#0-4] o.s.a.r.c.CachingConnectionFactory       : Attempting to connect to: [localhost:5672]
23:07:02:926  WARN 51376 --- [warehouse] [org.springframework.amqp.rabbit.RabbitListenerEndpointContainer#1-3] o.s.a.r.l.SimpleMessageListenerContainer : Consumer raised exception, processing can restart if the connection factory supports it. Exception summary: org.springframework.amqp.AmqpConnectException: java.net.ConnectException: Connection refused: getsockopt
23:07:02:927  INFO 51376 --- [warehouse] [org.springframework.amqp.rabbit.RabbitListenerEndpointContainer#1-3] o.s.a.r.l.SimpleMessageListenerContainer : Restarting Consumer@4b9b2b15: tags=[[]], channel=null, acknowledgeMode=AUTO local queue size=0
23:07:02:929  INFO 51376 --- [warehouse] [org.springframework.amqp.rabbit.RabbitListenerEndpointContainer#1-4] o.s.a.r.c.CachingConnectionFactory       : Attempting to connect to: [localhost:5672]
23:07:02:943 ERROR 51376 --- [warehouse] [org.springframework.amqp.rabbit.RabbitListenerEndpointContainer#1-4] o.s.a.r.l.SimpleMessageListenerContainer : Failed to check/redeclare auto-delete queue(s).
23:07:02:944  INFO 51376 --- [warehouse] [org.springframework.amqp.rabbit.RabbitListenerEndpointContainer#1-4] o.s.a.r.c.CachingConnectionFactory       : Attempting to connect to: [localhost:5672]
23:07:03:003  WARN 51376 --- [warehouse] [org.springframework.amqp.rabbit.RabbitListenerEndpointContainer#2-3] o.s.a.r.l.SimpleMessageListenerContainer : Consumer raised exception, processing can restart if the connection factory supports it. Exception summary: org.springframework.amqp.AmqpConnectException: java.net.ConnectException: Connection refused: getsockopt
23:07:03:003  INFO 51376 --- [warehouse] [org.springframework.amqp.rabbit.RabbitListenerEndpointContainer#2-3] o.s.a.r.l.SimpleMessageListenerContainer : Restarting Consumer@1d33a36f: tags=[[]], channel=null, acknowledgeMode=AUTO local queue size=0
23:07:03:006  INFO 51376 --- [warehouse] [org.springframework.amqp.rabbit.RabbitListenerEndpointContainer#2-4] o.s.a.r.c.CachingConnectionFactory       : Attempting to connect to: [localhost:5672]
23:07:03:029 ERROR 51376 --- [warehouse] [org.springframework.amqp.rabbit.RabbitListenerEndpointContainer#2-4] o.s.a.r.l.SimpleMessageListenerContainer : Failed to check/redeclare auto-delete queue(s).
23:07:03:029  INFO 51376 --- [warehouse] [org.springframework.amqp.rabbit.RabbitListenerEndpointContainer#2-4] o.s.a.r.c.CachingConnectionFactory       : Attempting to connect to: [localhost:5672]
23:07:08:002  WARN 51376 --- [warehouse] [org.springframework.amqp.rabbit.RabbitListenerEndpointContainer#0-4] o.s.a.r.l.SimpleMessageListenerContainer : Consumer raised exception, processing can restart if the connection factory supports it. Exception summary: org.springframework.amqp.AmqpConnectException: java.net.ConnectException: Connection refused: getsockopt
23:07:08:002  INFO 51376 --- [warehouse] [org.springframework.amqp.rabbit.RabbitListenerEndpointContainer#0-4] o.s.a.r.l.SimpleMessageListenerContainer : Restarting Consumer@7091bd9f: tags=[[]], channel=null, acknowledgeMode=AUTO local queue size=0
23:07:08:003  INFO 51376 --- [warehouse] [org.springframework.amqp.rabbit.RabbitListenerEndpointContainer#0-5] o.s.a.r.c.CachingConnectionFactory       : Attempting to connect to: [localhost:5672]
23:07:08:018  WARN 51376 --- [warehouse] [org.springframework.amqp.rabbit.RabbitListenerEndpointContainer#1-4] o.s.a.r.l.SimpleMessageListenerContainer : Consumer raised exception, processing can restart if the connection factory supports it. Exception summary: org.springframework.amqp.AmqpConnectException: java.net.ConnectException: Connection refused: getsockopt
23:07:08:018  INFO 51376 --- [warehouse] [org.springframework.amqp.rabbit.RabbitListenerEndpointContainer#1-4] o.s.a.r.l.SimpleMessageListenerContainer : Restarting Consumer@6c9111cf: tags=[[]], channel=null, acknowledgeMode=AUTO local queue size=0
23:07:08:034  INFO 51376 --- [warehouse] [org.springframework.amqp.rabbit.RabbitListenerEndpointContainer#1-5] o.s.a.r.c.CachingConnectionFactory       : Attempting to connect to: [localhost:5672]
23:07:08:034 ERROR 51376 --- [warehouse] [org.springframework.amqp.rabbit.RabbitListenerEndpointContainer#0-5] o.s.a.r.l.SimpleMessageListenerContainer : Failed to check/redeclare auto-delete queue(s).
23:07:08:051  INFO 51376 --- [warehouse] [org.springframework.amqp.rabbit.RabbitListenerEndpointContainer#0-5] o.s.a.r.c.CachingConnectionFactory       : Attempting to connect to: [localhost:5672]
23:07:08:051 ERROR 51376 --- [warehouse] [org.springframework.amqp.rabbit.RabbitListenerEndpointContainer#1-5] o.s.a.r.l.SimpleMessageListenerContainer : Failed to check/redeclare auto-delete queue(s).
23:07:08:062  INFO 51376 --- [warehouse] [org.springframework.amqp.rabbit.RabbitListenerEndpointContainer#1-5] o.s.a.r.c.CachingConnectionFactory       : Attempting to connect to: [localhost:5672]
23:07:08:127  WARN 51376 --- [warehouse] [org.springframework.amqp.rabbit.RabbitListenerEndpointContainer#2-4] o.s.a.r.l.SimpleMessageListenerContainer : Consumer raised exception, processing can restart if the connection factory supports it. Exception summary: org.springframework.amqp.AmqpConnectException: java.net.ConnectException: Connection refused: getsockopt
23:07:08:128  INFO 51376 --- [warehouse] [org.springframework.amqp.rabbit.RabbitListenerEndpointContainer#2-4] o.s.a.r.l.SimpleMessageListenerContainer : Restarting Consumer@5927deae: tags=[[]], channel=null, acknowledgeMode=AUTO local queue size=0
23:07:08:129  INFO 51376 --- [warehouse] [org.springframework.amqp.rabbit.RabbitListenerEndpointContainer#2-5] o.s.a.r.c.CachingConnectionFactory       : Attempting to connect to: [localhost:5672]
23:07:08:143 ERROR 51376 --- [warehouse] [org.springframework.amqp.rabbit.RabbitListenerEndpointContainer#2-5] o.s.a.r.l.SimpleMessageListenerContainer : Failed to check/redeclare auto-delete queue(s).
23:07:08:144  INFO 51376 --- [warehouse] [org.springframework.amqp.rabbit.RabbitListenerEndpointContainer#2-5] o.s.a.r.c.CachingConnectionFactory       : Attempting to connect to: [localhost:5672]
23:07:13:116  WARN 51376 --- [warehouse] [org.springframework.amqp.rabbit.RabbitListenerEndpointContainer#0-5] o.s.a.r.l.SimpleMessageListenerContainer : Consumer raised exception, processing can restart if the connection factory supports it. Exception summary: org.springframework.amqp.AmqpConnectException: java.net.ConnectException: Connection refused: getsockopt
23:07:13:117  INFO 51376 --- [warehouse] [org.springframework.amqp.rabbit.RabbitListenerEndpointContainer#0-5] o.s.a.r.l.SimpleMessageListenerContainer : Restarting Consumer@34fc8911: tags=[[]], channel=null, acknowledgeMode=AUTO local queue size=0
23:07:13:122  INFO 51376 --- [warehouse] [org.springframework.amqp.rabbit.RabbitListenerEndpointContainer#0-6] o.s.a.r.c.CachingConnectionFactory       : Attempting to connect to: [localhost:5672]
23:07:13:130 ERROR 51376 --- [warehouse] [org.springframework.amqp.rabbit.RabbitListenerEndpointContainer#0-6] o.s.a.r.l.SimpleMessageListenerContainer : Failed to check/redeclare auto-delete queue(s).
23:07:13:131  INFO 51376 --- [warehouse] [org.springframework.amqp.rabbit.RabbitListenerEndpointContainer#0-6] o.s.a.r.c.CachingConnectionFactory       : Attempting to connect to: [localhost:5672]
23:07:13:133  WARN 51376 --- [warehouse] [org.springframework.amqp.rabbit.RabbitListenerEndpointContainer#1-5] o.s.a.r.l.SimpleMessageListenerContainer : Consumer raised exception, processing can restart if the connection factory supports it. Exception summary: org.springframework.amqp.AmqpConnectException: java.net.ConnectException: Connection refused: getsockopt
23:07:13:133  INFO 51376 --- [warehouse] [org.springframework.amqp.rabbit.RabbitListenerEndpointContainer#1-5] o.s.a.r.l.SimpleMessageListenerContainer : Restarting Consumer@6599e1d0: tags=[[]], channel=null, acknowledgeMode=AUTO local queue size=0
23:07:13:136  INFO 51376 --- [warehouse] [org.springframework.amqp.rabbit.RabbitListenerEndpointContainer#1-6] o.s.a.r.c.CachingConnectionFactory       : Attempting to connect to: [localhost:5672]
23:07:13:142 ERROR 51376 --- [warehouse] [org.springframework.amqp.rabbit.RabbitListenerEndpointContainer#1-6] o.s.a.r.l.SimpleMessageListenerContainer : Failed to check/redeclare auto-delete queue(s).
23:07:13:143  INFO 51376 --- [warehouse] [org.springframework.amqp.rabbit.RabbitListenerEndpointContainer#1-6] o.s.a.r.c.CachingConnectionFactory       : Attempting to connect to: [localhost:5672]
23:07:13:241  WARN 51376 --- [warehouse] [org.springframework.amqp.rabbit.RabbitListenerEndpointContainer#2-5] o.s.a.r.l.SimpleMessageListenerContainer : Consumer raised exception, processing can restart if the connection factory supports it. Exception summary: org.springframework.amqp.AmqpConnectException: java.net.ConnectException: Connection refused: getsockopt
23:07:13:242  INFO 51376 --- [warehouse] [org.springframework.amqp.rabbit.RabbitListenerEndpointContainer#2-5] o.s.a.r.l.SimpleMessageListenerContainer : Restarting Consumer@289e8961: tags=[[]], channel=null, acknowledgeMode=AUTO local queue size=0
23:07:13:246  INFO 51376 --- [warehouse] [org.springframework.amqp.rabbit.RabbitListenerEndpointContainer#2-6] o.s.a.r.c.CachingConnectionFactory       : Attempting to connect to: [localhost:5672]
23:07:13:254 ERROR 51376 --- [warehouse] [org.springframework.amqp.rabbit.RabbitListenerEndpointContainer#2-6] o.s.a.r.l.SimpleMessageListenerContainer : Failed to check/redeclare auto-delete queue(s).
23:07:13:255  INFO 51376 --- [warehouse] [org.springframework.amqp.rabbit.RabbitListenerEndpointContainer#2-6] o.s.a.r.c.CachingConnectionFactory       : Attempting to connect to: [localhost:5672]
23:07:16:485  INFO 51376 --- [warehouse] [http-nio-8000-exec-1] o.a.c.c.C.[Tomcat].[localhost].[/]       : Initializing Spring DispatcherServlet 'dispatcherServlet'
23:07:16:486  INFO 51376 --- [warehouse] [http-nio-8000-exec-1] o.s.web.servlet.DispatcherServlet        : Initializing Servlet 'dispatcherServlet'
23:07:16:490  INFO 51376 --- [warehouse] [http-nio-8000-exec-1] o.s.web.servlet.DispatcherServlet        : Completed initialization in 4 ms
23:07:18:146  WARN 51376 --- [warehouse] [org.springframework.amqp.rabbit.RabbitListenerEndpointContainer#0-6] o.s.a.r.l.SimpleMessageListenerContainer : Consumer raised exception, processing can restart if the connection factory supports it. Exception summary: org.springframework.amqp.AmqpConnectException: java.net.ConnectException: Connection refused: getsockopt
23:07:18:147  INFO 51376 --- [warehouse] [org.springframework.amqp.rabbit.RabbitListenerEndpointContainer#0-6] o.s.a.r.l.SimpleMessageListenerContainer : Restarting Consumer@1065156b: tags=[[]], channel=null, acknowledgeMode=AUTO local queue size=0
23:07:18:149  INFO 51376 --- [warehouse] [org.springframework.amqp.rabbit.RabbitListenerEndpointContainer#0-7] o.s.a.r.c.CachingConnectionFactory       : Attempting to connect to: [localhost:5672]
23:07:18:180 ERROR 51376 --- [warehouse] [org.springframework.amqp.rabbit.RabbitListenerEndpointContainer#0-7] o.s.a.r.l.SimpleMessageListenerContainer : Failed to check/redeclare auto-delete queue(s).
23:07:18:181  INFO 51376 --- [warehouse] [org.springframework.amqp.rabbit.RabbitListenerEndpointContainer#0-7] o.s.a.r.c.CachingConnectionFactory       : Attempting to connect to: [localhost:5672]
23:07:18:317  WARN 51376 --- [warehouse] [org.springframework.amqp.rabbit.RabbitListenerEndpointContainer#1-6] o.s.a.r.l.SimpleMessageListenerContainer : Consumer raised exception, processing can restart if the connection factory supports it. Exception summary: org.springframework.amqp.AmqpConnectException: java.net.ConnectException: Connection refused: getsockopt
23:07:18:317  INFO 51376 --- [warehouse] [org.springframework.amqp.rabbit.RabbitListenerEndpointContainer#1-6] o.s.a.r.l.SimpleMessageListenerContainer : Restarting Consumer@47f387bb: tags=[[]], channel=null, acknowledgeMode=AUTO local queue size=0
23:07:18:320  INFO 51376 --- [warehouse] [org.springframework.amqp.rabbit.RabbitListenerEndpointContainer#1-7] o.s.a.r.c.CachingConnectionFactory       : Attempting to connect to: [localhost:5672]
23:07:18:347  WARN 51376 --- [warehouse] [org.springframework.amqp.rabbit.RabbitListenerEndpointContainer#2-6] o.s.a.r.l.SimpleMessageListenerContainer : Consumer raised exception, processing can restart if the connection factory supports it. Exception summary: org.springframework.amqp.AmqpConnectException: java.net.ConnectException: Connection refused: getsockopt
23:07:18:349  INFO 51376 --- [warehouse] [org.springframework.amqp.rabbit.RabbitListenerEndpointContainer#2-6] o.s.a.r.l.SimpleMessageListenerContainer : Restarting Consumer@3c130d2e: tags=[[]], channel=null, acknowledgeMode=AUTO local queue size=0
23:07:18:349 ERROR 51376 --- [warehouse] [org.springframework.amqp.rabbit.RabbitListenerEndpointContainer#1-7] o.s.a.r.l.SimpleMessageListenerContainer : Failed to check/redeclare auto-delete queue(s).
23:07:18:350  INFO 51376 --- [warehouse] [org.springframework.amqp.rabbit.RabbitListenerEndpointContainer#1-7] o.s.a.r.c.CachingConnectionFactory       : Attempting to connect to: [localhost:5672]
23:07:18:379  INFO 51376 --- [warehouse] [org.springframework.amqp.rabbit.RabbitListenerEndpointContainer#2-7] o.s.a.r.c.CachingConnectionFactory       : Attempting to connect to: [localhost:5672]
23:07:18:385 ERROR 51376 --- [warehouse] [org.springframework.amqp.rabbit.RabbitListenerEndpointContainer#2-7] o.s.a.r.l.SimpleMessageListenerContainer : Failed to check/redeclare auto-delete queue(s).
23:07:18:386  INFO 51376 --- [warehouse] [org.springframework.amqp.rabbit.RabbitListenerEndpointContainer#2-7] o.s.a.r.c.CachingConnectionFactory       : Attempting to connect to: [localhost:5672]
23:07:18:946 DEBUG 51376 --- [warehouse] [http-nio-8000-exec-1] com.zh.mapper.OrdersMapper.selectList    : ==>  Preparing: SELECT id,order_no,type,status,total_quantity,operator_id,operator_name,remark,created_at,confirmed_at FROM orders ORDER BY created_at DESC
23:07:19:046 DEBUG 51376 --- [warehouse] [http-nio-8000-exec-1] com.zh.mapper.OrdersMapper.selectList    : ==> Parameters: 
23:07:19:220 DEBUG 51376 --- [warehouse] [http-nio-8000-exec-1] com.zh.mapper.OrdersMapper.selectList    : <==      Total: 11
23:07:19:249 DEBUG 51376 --- [warehouse] [http-nio-8000-exec-1] c.zh.mapper.OrderItemMapper.selectList   : ==>  Preparing: SELECT id,order_id,product_id,product_name,quantity FROM order_item WHERE (order_id IN (?,?,?,?,?,?,?,?,?,?,?))
23:07:19:257 DEBUG 51376 --- [warehouse] [http-nio-8000-exec-1] c.zh.mapper.OrderItemMapper.selectList   : ==> Parameters: 11(Long), 10(Long), 9(Long), 8(Long), 7(Long), 6(Long), 5(Long), 4(Long), 2(Long), 3(Long), 1(Long)
23:07:19:293 DEBUG 51376 --- [warehouse] [http-nio-8000-exec-1] c.zh.mapper.OrderItemMapper.selectList   : <==      Total: 14
23:07:23:311  WARN 51376 --- [warehouse] [org.springframework.amqp.rabbit.RabbitListenerEndpointContainer#0-7] o.s.a.r.l.SimpleMessageListenerContainer : Consumer raised exception, processing can restart if the connection factory supports it. Exception summary: org.springframework.amqp.AmqpConnectException: java.net.ConnectException: Connection refused: getsockopt
23:07:23:317  INFO 51376 --- [warehouse] [org.springframework.amqp.rabbit.RabbitListenerEndpointContainer#0-7] o.s.a.r.l.SimpleMessageListenerContainer : Restarting Consumer@52f420b6: tags=[[]], channel=null, acknowledgeMode=AUTO local queue size=0
23:07:23:325  INFO 51376 --- [warehouse] [org.springframework.amqp.rabbit.RabbitListenerEndpointContainer#0-8] o.s.a.r.c.CachingConnectionFactory       : Attempting to connect to: [localhost:5672]
23:07:23:343 ERROR 51376 --- [warehouse] [org.springframework.amqp.rabbit.RabbitListenerEndpointContainer#0-8] o.s.a.r.l.SimpleMessageListenerContainer : Failed to check/redeclare auto-delete queue(s).
23:07:23:344  INFO 51376 --- [warehouse] [org.springframework.amqp.rabbit.RabbitListenerEndpointContainer#0-8] o.s.a.r.c.CachingConnectionFactory       : Attempting to connect to: [localhost:5672]
23:07:23:467  WARN 51376 --- [warehouse] [org.springframework.amqp.rabbit.RabbitListenerEndpointContainer#1-7] o.s.a.r.l.SimpleMessageListenerContainer : Consumer raised exception, processing can restart if the connection factory supports it. Exception summary: org.springframework.amqp.AmqpConnectException: java.net.ConnectException: Connection refused: getsockopt
23:07:23:507  INFO 51376 --- [warehouse] [org.springframework.amqp.rabbit.RabbitListenerEndpointContainer#1-7] o.s.a.r.l.SimpleMessageListenerContainer : Restarting Consumer@584fcdd5: tags=[[]], channel=null, acknowledgeMode=AUTO local queue size=0
23:07:23:518  INFO 51376 --- [warehouse] [org.springframework.amqp.rabbit.RabbitListenerEndpointContainer#1-8] o.s.a.r.c.CachingConnectionFactory       : Attempting to connect to: [localhost:5672]
23:07:23:533 ERROR 51376 --- [warehouse] [org.springframework.amqp.rabbit.RabbitListenerEndpointContainer#1-8] o.s.a.r.l.SimpleMessageListenerContainer : Failed to check/redeclare auto-delete queue(s).
23:07:23:535  INFO 51376 --- [warehouse] [org.springframework.amqp.rabbit.RabbitListenerEndpointContainer#1-8] o.s.a.r.c.CachingConnectionFactory       : Attempting to connect to: [localhost:5672]
23:07:23:560  WARN 51376 --- [warehouse] [org.springframework.amqp.rabbit.RabbitListenerEndpointContainer#2-7] o.s.a.r.l.SimpleMessageListenerContainer : Consumer raised exception, processing can restart if the connection factory supports it. Exception summary: org.springframework.amqp.AmqpConnectException: java.net.ConnectException: Connection refused: getsockopt
23:07:23:561  INFO 51376 --- [warehouse] [org.springframework.amqp.rabbit.RabbitListenerEndpointContainer#2-7] o.s.a.r.l.SimpleMessageListenerContainer : Restarting Consumer@473f68f9: tags=[[]], channel=null, acknowledgeMode=AUTO local queue size=0
23:07:23:566  INFO 51376 --- [warehouse] [org.springframework.amqp.rabbit.RabbitListenerEndpointContainer#2-8] o.s.a.r.c.CachingConnectionFactory       : Attempting to connect to: [localhost:5672]
23:07:23:571 ERROR 51376 --- [warehouse] [org.springframework.amqp.rabbit.RabbitListenerEndpointContainer#2-8] o.s.a.r.l.SimpleMessageListenerContainer : Failed to check/redeclare auto-delete queue(s).
23:07:23:572  INFO 51376 --- [warehouse] [org.springframework.amqp.rabbit.RabbitListenerEndpointContainer#2-8] o.s.a.r.c.CachingConnectionFactory       : Attempting to connect to: [localhost:5672]
23:07:28:461  WARN 51376 --- [warehouse] [org.springframework.amqp.rabbit.RabbitListenerEndpointContainer#0-8] o.s.a.r.l.SimpleMessageListenerContainer : Consumer raised exception, processing can restart if the connection factory supports it. Exception summary: org.springframework.amqp.AmqpConnectException: java.net.ConnectException: Connection refused: getsockopt
23:07:28:461  INFO 51376 --- [warehouse] [org.springframework.amqp.rabbit.RabbitListenerEndpointContainer#0-8] o.s.a.r.l.SimpleMessageListenerContainer : Restarting Consumer@2c5085b7: tags=[[]], channel=null, acknowledgeMode=AUTO local queue size=0
23:07:28:464  INFO 51376 --- [warehouse] [org.springframework.amqp.rabbit.RabbitListenerEndpointContainer#0-9] o.s.a.r.c.CachingConnectionFactory       : Attempting to connect to: [localhost:5672]
23:07:28:467 ERROR 51376 --- [warehouse] [org.springframework.amqp.rabbit.RabbitListenerEndpointContainer#0-9] o.s.a.r.l.SimpleMessageListenerContainer : Failed to check/redeclare auto-delete queue(s).
23:07:28:467  INFO 51376 --- [warehouse] [org.springframework.amqp.rabbit.RabbitListenerEndpointContainer#0-9] o.s.a.r.c.CachingConnectionFactory       : Attempting to connect to: [localhost:5672]
23:07:28:712  WARN 51376 --- [warehouse] [org.springframework.amqp.rabbit.RabbitListenerEndpointContainer#1-8] o.s.a.r.l.SimpleMessageListenerContainer : Consumer raised exception, processing can restart if the connection factory supports it. Exception summary: org.springframework.amqp.AmqpConnectException: java.net.ConnectException: Connection refused: getsockopt
23:07:28:712  INFO 51376 --- [warehouse] [org.springframework.amqp.rabbit.RabbitListenerEndpointContainer#1-8] o.s.a.r.l.SimpleMessageListenerContainer : Restarting Consumer@3599612a: tags=[[]], channel=null, acknowledgeMode=AUTO local queue size=0
23:07:28:715  INFO 51376 --- [warehouse] [org.springframework.amqp.rabbit.RabbitListenerEndpointContainer#1-9] o.s.a.r.c.CachingConnectionFactory       : Attempting to connect to: [localhost:5672]
23:07:28:728 ERROR 51376 --- [warehouse] [org.springframework.amqp.rabbit.RabbitListenerEndpointContainer#1-9] o.s.a.r.l.SimpleMessageListenerContainer : Failed to check/redeclare auto-delete queue(s).
23:07:28:729  INFO 51376 --- [warehouse] [org.springframework.amqp.rabbit.RabbitListenerEndpointContainer#1-9] o.s.a.r.c.CachingConnectionFactory       : Attempting to connect to: [localhost:5672]
23:07:28:742  WARN 51376 --- [warehouse] [org.springframework.amqp.rabbit.RabbitListenerEndpointContainer#2-8] o.s.a.r.l.SimpleMessageListenerContainer : Consumer raised exception, processing can restart if the connection factory supports it. Exception summary: org.springframework.amqp.AmqpConnectException: java.net.ConnectException: Connection refused: getsockopt
23:07:28:743  INFO 51376 --- [warehouse] [org.springframework.amqp.rabbit.RabbitListenerEndpointContainer#2-8] o.s.a.r.l.SimpleMessageListenerContainer : Restarting Consumer@6793e347: tags=[[]], channel=null, acknowledgeMode=AUTO local queue size=0
23:07:28:745  INFO 51376 --- [warehouse] [org.springframework.amqp.rabbit.RabbitListenerEndpointContainer#2-9] o.s.a.r.c.CachingConnectionFactory       : Attempting to connect to: [localhost:5672]
23:07:28:775 ERROR 51376 --- [warehouse] [org.springframework.amqp.rabbit.RabbitListenerEndpointContainer#2-9] o.s.a.r.l.SimpleMessageListenerContainer : Failed to check/redeclare auto-delete queue(s).
23:07:28:801  INFO 51376 --- [warehouse] [org.springframework.amqp.rabbit.RabbitListenerEndpointContainer#2-9] o.s.a.r.c.CachingConnectionFactory       : Attempting to connect to: [localhost:5672]
23:07:30:585 DEBUG 51376 --- [warehouse] [http-nio-8000-exec-6] com.zh.mapper.ProductMapper.selectList   : ==>  Preparing: SELECT id,sku,name,category,unit,price,low_stock_threshold,created_at,updated_at FROM product
23:07:30:587 DEBUG 51376 --- [warehouse] [http-nio-8000-exec-6] com.zh.mapper.ProductMapper.selectList   : ==> Parameters: 
23:07:30:599 DEBUG 51376 --- [warehouse] [http-nio-8000-exec-6] com.zh.mapper.ProductMapper.selectList   : <==      Total: 11
23:07:30:637 DEBUG 51376 --- [warehouse] [http-nio-8000-exec-6] c.zh.mapper.InventoryMapper.selectList   : ==>  Preparing: SELECT id,product_id,quantity,reserved_quantity,version,updated_at FROM inventory WHERE (product_id IN (?,?,?,?,?,?,?,?,?,?,?))
23:07:30:641 DEBUG 51376 --- [warehouse] [http-nio-8000-exec-6] c.zh.mapper.InventoryMapper.selectList   : ==> Parameters: 1(Long), 2(Long), 3(Long), 4(Long), 5(Long), 6(Long), 7(Long), 8(Long), 9(Long), 10(Long), 11(Long)
23:07:30:651 DEBUG 51376 --- [warehouse] [http-nio-8000-exec-6] c.zh.mapper.InventoryMapper.selectList   : <==      Total: 10
23:07:33:545  WARN 51376 --- [warehouse] [org.springframework.amqp.rabbit.RabbitListenerEndpointContainer#0-9] o.s.a.r.l.SimpleMessageListenerContainer : Consumer raised exception, processing can restart if the connection factory supports it. Exception summary: org.springframework.amqp.AmqpConnectException: java.net.ConnectException: Connection refused: getsockopt
23:07:33:546  INFO 51376 --- [warehouse] [org.springframework.amqp.rabbit.RabbitListenerEndpointContainer#0-9] o.s.a.r.l.SimpleMessageListenerContainer : Restarting Consumer@4b852a70: tags=[[]], channel=null, acknowledgeMode=AUTO local queue size=0
23:07:33:549  INFO 51376 --- [warehouse] [org.springframework.amqp.rabbit.RabbitListenerEndpointContainer#0-10] o.s.a.r.c.CachingConnectionFactory       : Attempting to connect to: [localhost:5672]
23:07:33:555 ERROR 51376 --- [warehouse] [org.springframework.amqp.rabbit.RabbitListenerEndpointContainer#0-10] o.s.a.r.l.SimpleMessageListenerContainer : Failed to check/redeclare auto-delete queue(s).
23:07:33:555  INFO 51376 --- [warehouse] [org.springframework.amqp.rabbit.RabbitListenerEndpointContainer#0-10] o.s.a.r.c.CachingConnectionFactory       : Attempting to connect to: [localhost:5672]
23:07:33:826  WARN 51376 --- [warehouse] [org.springframework.amqp.rabbit.RabbitListenerEndpointContainer#1-9] o.s.a.r.l.SimpleMessageListenerContainer : Consumer raised exception, processing can restart if the connection factory supports it. Exception summary: org.springframework.amqp.AmqpConnectException: java.net.ConnectException: Connection refused: getsockopt
23:07:33:826  INFO 51376 --- [warehouse] [org.springframework.amqp.rabbit.RabbitListenerEndpointContainer#1-9] o.s.a.r.l.SimpleMessageListenerContainer : Restarting Consumer@7d9b74da: tags=[[]], channel=null, acknowledgeMode=AUTO local queue size=0
23:07:33:829  INFO 51376 --- [warehouse] [org.springframework.amqp.rabbit.RabbitListenerEndpointContainer#1-10] o.s.a.r.c.CachingConnectionFactory       : Attempting to connect to: [localhost:5672]
23:07:33:833 ERROR 51376 --- [warehouse] [org.springframework.amqp.rabbit.RabbitListenerEndpointContainer#1-10] o.s.a.r.l.SimpleMessageListenerContainer : Failed to check/redeclare auto-delete queue(s).
23:07:33:835  INFO 51376 --- [warehouse] [org.springframework.amqp.rabbit.RabbitListenerEndpointContainer#1-10] o.s.a.r.c.CachingConnectionFactory       : Attempting to connect to: [localhost:5672]
23:07:33:933  WARN 51376 --- [warehouse] [org.springframework.amqp.rabbit.RabbitListenerEndpointContainer#2-9] o.s.a.r.l.SimpleMessageListenerContainer : Consumer raised exception, processing can restart if the connection factory supports it. Exception summary: org.springframework.amqp.AmqpConnectException: java.net.ConnectException: Connection refused: getsockopt
23:07:33:934  INFO 51376 --- [warehouse] [org.springframework.amqp.rabbit.RabbitListenerEndpointContainer#2-9] o.s.a.r.l.SimpleMessageListenerContainer : Restarting Consumer@2389159d: tags=[[]], channel=null, acknowledgeMode=AUTO local queue size=0
23:07:33:936  INFO 51376 --- [warehouse] [org.springframework.amqp.rabbit.RabbitListenerEndpointContainer#2-10] o.s.a.r.c.CachingConnectionFactory       : Attempting to connect to: [localhost:5672]
23:07:33:943 ERROR 51376 --- [warehouse] [org.springframework.amqp.rabbit.RabbitListenerEndpointContainer#2-10] o.s.a.r.l.SimpleMessageListenerContainer : Failed to check/redeclare auto-delete queue(s).
23:07:33:943  INFO 51376 --- [warehouse] [org.springframework.amqp.rabbit.RabbitListenerEndpointContainer#2-10] o.s.a.r.c.CachingConnectionFactory       : Attempting to connect to: [localhost:5672]
23:07:37:032 DEBUG 51376 --- [warehouse] [http-nio-8000-exec-7] com.zh.mapper.OrdersMapper.selectList    : ==>  Preparing: SELECT id,order_no,type,status,total_quantity,operator_id,operator_name,remark,created_at,confirmed_at FROM orders ORDER BY created_at DESC
23:07:37:033 DEBUG 51376 --- [warehouse] [http-nio-8000-exec-7] com.zh.mapper.OrdersMapper.selectList    : ==> Parameters: 
23:07:37:048 DEBUG 51376 --- [warehouse] [http-nio-8000-exec-7] com.zh.mapper.OrdersMapper.selectList    : <==      Total: 11
23:07:37:057 DEBUG 51376 --- [warehouse] [http-nio-8000-exec-7] c.zh.mapper.OrderItemMapper.selectList   : ==>  Preparing: SELECT id,order_id,product_id,product_name,quantity FROM order_item WHERE (order_id IN (?,?,?,?,?,?,?,?,?,?,?))
23:07:37:058 DEBUG 51376 --- [warehouse] [http-nio-8000-exec-7] c.zh.mapper.OrderItemMapper.selectList   : ==> Parameters: 11(Long), 10(Long), 9(Long), 8(Long), 7(Long), 6(Long), 5(Long), 4(Long), 2(Long), 3(Long), 1(Long)
23:07:37:068 DEBUG 51376 --- [warehouse] [http-nio-8000-exec-7] c.zh.mapper.OrderItemMapper.selectList   : <==      Total: 14
23:07:38:697  WARN 51376 --- [warehouse] [org.springframework.amqp.rabbit.RabbitListenerEndpointContainer#0-10] o.s.a.r.l.SimpleMessageListenerContainer : Consumer raised exception, processing can restart if the connection factory supports it. Exception summary: org.springframework.amqp.AmqpConnectException: java.net.ConnectException: Connection refused: getsockopt
23:07:38:697  INFO 51376 --- [warehouse] [org.springframework.amqp.rabbit.RabbitListenerEndpointContainer#0-10] o.s.a.r.l.SimpleMessageListenerContainer : Restarting Consumer@7a70ed6b: tags=[[]], channel=null, acknowledgeMode=AUTO local queue size=0
23:07:38:700  INFO 51376 --- [warehouse] [org.springframework.amqp.rabbit.RabbitListenerEndpointContainer#0-11] o.s.a.r.c.CachingConnectionFactory       : Attempting to connect to: [localhost:5672]
23:07:38:729 ERROR 51376 --- [warehouse] [org.springframework.amqp.rabbit.RabbitListenerEndpointContainer#0-11] o.s.a.r.l.SimpleMessageListenerContainer : Failed to check/redeclare auto-delete queue(s).
23:07:38:731  INFO 51376 --- [warehouse] [org.springframework.amqp.rabbit.RabbitListenerEndpointContainer#0-11] o.s.a.r.c.CachingConnectionFactory       : Attempting to connect to: [localhost:5672]
23:07:38:947  WARN 51376 --- [warehouse] [org.springframework.amqp.rabbit.RabbitListenerEndpointContainer#1-10] o.s.a.r.l.SimpleMessageListenerContainer : Consumer raised exception, processing can restart if the connection factory supports it. Exception summary: org.springframework.amqp.AmqpConnectException: java.net.ConnectException: Connection refused: getsockopt
23:07:38:948  INFO 51376 --- [warehouse] [org.springframework.amqp.rabbit.RabbitListenerEndpointContainer#1-10] o.s.a.r.l.SimpleMessageListenerContainer : Restarting Consumer@531f591a: tags=[[]], channel=null, acknowledgeMode=AUTO local queue size=0
23:07:38:950  INFO 51376 --- [warehouse] [org.springframework.amqp.rabbit.RabbitListenerEndpointContainer#1-11] o.s.a.r.c.CachingConnectionFactory       : Attempting to connect to: [localhost:5672]
23:07:38:980 ERROR 51376 --- [warehouse] [org.springframework.amqp.rabbit.RabbitListenerEndpointContainer#1-11] o.s.a.r.l.SimpleMessageListenerContainer : Failed to check/redeclare auto-delete queue(s).
23:07:38:981  INFO 51376 --- [warehouse] [org.springframework.amqp.rabbit.RabbitListenerEndpointContainer#1-11] o.s.a.r.c.CachingConnectionFactory       : Attempting to connect to: [localhost:5672]
23:07:39:039  WARN 51376 --- [warehouse] [org.springframework.amqp.rabbit.RabbitListenerEndpointContainer#2-10] o.s.a.r.l.SimpleMessageListenerContainer : Consumer raised exception, processing can restart if the connection factory supports it. Exception summary: org.springframework.amqp.AmqpConnectException: java.net.ConnectException: Connection refused: getsockopt
23:07:39:039  INFO 51376 --- [warehouse] [org.springframework.amqp.rabbit.RabbitListenerEndpointContainer#2-10] o.s.a.r.l.SimpleMessageListenerContainer : Restarting Consumer@76daf71e: tags=[[]], channel=null, acknowledgeMode=AUTO local queue size=0
23:07:39:042  INFO 51376 --- [warehouse] [org.springframework.amqp.rabbit.RabbitListenerEndpointContainer#2-11] o.s.a.r.c.CachingConnectionFactory       : Attempting to connect to: [localhost:5672]
23:07:39:045 ERROR 51376 --- [warehouse] [org.springframework.amqp.rabbit.RabbitListenerEndpointContainer#2-11] o.s.a.r.l.SimpleMessageListenerContainer : Failed to check/redeclare auto-delete queue(s).
23:07:39:045  INFO 51376 --- [warehouse] [org.springframework.amqp.rabbit.RabbitListenerEndpointContainer#2-11] o.s.a.r.c.CachingConnectionFactory       : Attempting to connect to: [localhost:5672]
23:07:39:046 DEBUG 51376 --- [warehouse] [http-nio-8000-exec-2] com.zh.mapper.OrdersMapper.selectById    : ==>  Preparing: SELECT id,order_no,type,status,total_quantity,operator_id,operator_name,remark,created_at,confirmed_at FROM orders WHERE id=?
23:07:39:047 DEBUG 51376 --- [warehouse] [http-nio-8000-exec-2] com.zh.mapper.OrdersMapper.selectById    : ==> Parameters: 9(Long)
23:07:39:051 DEBUG 51376 --- [warehouse] [http-nio-8000-exec-2] com.zh.mapper.OrdersMapper.selectById    : <==      Total: 1
23:07:39:077 DEBUG 51376 --- [warehouse] [http-nio-8000-exec-2] com.zh.mapper.OrdersMapper.updateById    : ==>  Preparing: UPDATE orders SET order_no=?, type=?, status=?, total_quantity=?, operator_id=?, operator_name=?, remark=?, created_at=? WHERE id=?
23:07:39:079 DEBUG 51376 --- [warehouse] [http-nio-8000-exec-2] com.zh.mapper.OrdersMapper.updateById    : ==> Parameters: OUT202608040001(String), OUTBOUND(String), CONFIRMING(String), 50(Integer), 1(Long), 管理员(String), (String), 2026-08-04T00:36:27(LocalDateTime), 9(Long)
23:07:39:112 DEBUG 51376 --- [warehouse] [http-nio-8000-exec-2] com.zh.mapper.OrdersMapper.updateById    : <==    Updates: 1
23:07:39:142  INFO 51376 --- [warehouse] [http-nio-8000-exec-2] o.s.a.r.c.CachingConnectionFactory       : Attempting to connect to: [localhost:5672]
23:07:40:166  INFO 51376 --- [warehouse] [http-nio-8000-exec-2] o.s.a.r.c.CachingConnectionFactory       : Attempting to connect to: [localhost:5672]
23:07:41:178  INFO 51376 --- [warehouse] [http-nio-8000-exec-2] o.s.a.r.c.CachingConnectionFactory       : Attempting to connect to: [localhost:5672]
23:07:42:194  INFO 51376 --- [warehouse] [http-nio-8000-exec-2] o.s.a.r.c.CachingConnectionFactory       : Attempting to connect to: [localhost:5672]
23:07:42:208 ERROR 51376 --- [warehouse] [http-nio-8000-exec-2] c.zh.common.config.WebExceptionAdvice    : org.springframework.amqp.AmqpConnectException: java.net.ConnectException: Connection refused: getsockopt

org.springframework.amqp.AmqpConnectException: java.net.ConnectException: Connection refused: getsockopt
	at org.springframework.amqp.rabbit.support.RabbitExceptionTranslator.convertRabbitAccessException(RabbitExceptionTranslator.java:60) ~[spring-rabbit-4.1.0.jar:4.1.0]
	at org.springframework.amqp.rabbit.connection.AbstractConnectionFactory.createBareConnection(AbstractConnectionFactory.java:629) ~[spring-rabbit-4.1.0.jar:4.1.0]
	at org.springframework.amqp.rabbit.connection.CachingConnectionFactory.createConnection(CachingConnectionFactory.java:746) ~[spring-rabbit-4.1.0.jar:4.1.0]
	at org.springframework.amqp.rabbit.connection.ConnectionFactoryUtils.createConnection(ConnectionFactoryUtils.java:256) ~[spring-rabbit-4.1.0.jar:4.1.0]
	at org.springframework.amqp.rabbit.core.RabbitTemplate.doExecute(RabbitTemplate.java:2239) ~[spring-rabbit-4.1.0.jar:4.1.0]
	at org.springframework.amqp.rabbit.core.RabbitTemplate.lambda$execute$0(RabbitTemplate.java:2200) ~[spring-rabbit-4.1.0.jar:4.1.0]
	at org.springframework.core.retry.RetryTemplate.execute(RetryTemplate.java:174) ~[spring-core-7.0.8.jar:7.0.8]
	at org.springframework.amqp.rabbit.core.RabbitTemplate.execute(RabbitTemplate.java:2200) ~[spring-rabbit-4.1.0.jar:4.1.0]
	at org.springframework.amqp.rabbit.core.RabbitTemplate.send(RabbitTemplate.java:1141) ~[spring-rabbit-4.1.0.jar:4.1.0]
	at org.springframework.amqp.rabbit.core.RabbitTemplate.convertAndSend(RabbitTemplate.java:1210) ~[spring-rabbit-4.1.0.jar:4.1.0]
	at org.springframework.amqp.rabbit.core.RabbitTemplate.convertAndSend(RabbitTemplate.java:1203) ~[spring-rabbit-4.1.0.jar:4.1.0]
	at com.zh.service.impl.OrdersServiceImpl$1.afterCommit(OrdersServiceImpl.java:331) ~[classes/:na]
	at org.springframework.transaction.support.TransactionSynchronizationUtils.invokeAfterCommit(TransactionSynchronizationUtils.java:165) ~[spring-tx-7.0.8.jar:7.0.8]
	at org.springframework.transaction.support.TransactionSynchronizationUtils.triggerAfterCommit(TransactionSynchronizationUtils.java:153) ~[spring-tx-7.0.8.jar:7.0.8]
	at org.springframework.transaction.support.AbstractPlatformTransactionManager.triggerAfterCommit(AbstractPlatformTransactionManager.java:1005) ~[spring-tx-7.0.8.jar:7.0.8]
	at org.springframework.transaction.support.AbstractPlatformTransactionManager.processCommit(AbstractPlatformTransactionManager.java:835) ~[spring-tx-7.0.8.jar:7.0.8]
	at org.springframework.transaction.support.AbstractPlatformTransactionManager.commit(AbstractPlatformTransactionManager.java:757) ~[spring-tx-7.0.8.jar:7.0.8]
	at org.springframework.transaction.interceptor.TransactionAspectSupport.commitTransactionAfterReturning(TransactionAspectSupport.java:687) ~[spring-tx-7.0.8.jar:7.0.8]
	at org.springframework.transaction.interceptor.TransactionAspectSupport.invokeWithinTransaction(TransactionAspectSupport.java:408) ~[spring-tx-7.0.8.jar:7.0.8]
	at org.springframework.transaction.interceptor.TransactionInterceptor.invoke(TransactionInterceptor.java:130) ~[spring-tx-7.0.8.jar:7.0.8]
	at org.springframework.aop.framework.ReflectiveMethodInvocation.proceed(ReflectiveMethodInvocation.java:179) ~[spring-aop-7.0.8.jar:7.0.8]
	at org.springframework.aop.framework.CglibAopProxy$DynamicAdvisedInterceptor.intercept(CglibAopProxy.java:719) ~[spring-aop-7.0.8.jar:7.0.8]
	at com.zh.service.impl.OrdersServiceImpl$$SpringCGLIB$$0.confirmOutboundOrder(<generated>) ~[classes/:na]
	at com.zh.controller.OrdersController.confirmOutbound(OrdersController.java:41) ~[classes/:na]
	at java.base/jdk.internal.reflect.NativeMethodAccessorImpl.invoke0(Native Method) ~[na:na]
	at java.base/jdk.internal.reflect.NativeMethodAccessorImpl.invoke(NativeMethodAccessorImpl.java:77) ~[na:na]
	at java.base/jdk.internal.reflect.DelegatingMethodAccessorImpl.invoke(DelegatingMethodAccessorImpl.java:43) ~[na:na]
	at java.base/java.lang.reflect.Method.invoke(Method.java:569) ~[na:na]
	at org.springframework.web.method.support.InvocableHandlerMethod.doInvoke(InvocableHandlerMethod.java:252) ~[spring-web-7.0.8.jar:7.0.8]
	at org.springframework.web.method.support.InvocableHandlerMethod.invokeForRequest(InvocableHandlerMethod.java:184) ~[spring-web-7.0.8.jar:7.0.8]
	at org.springframework.web.servlet.mvc.method.annotation.ServletInvocableHandlerMethod.invokeAndHandle(ServletInvocableHandlerMethod.java:117) ~[spring-webmvc-7.0.8.jar:7.0.8]
	at org.springframework.web.servlet.mvc.method.annotation.RequestMappingHandlerAdapter.invokeHandlerMethod(RequestMappingHandlerAdapter.java:934) ~[spring-webmvc-7.0.8.jar:7.0.8]
	at org.springframework.web.servlet.mvc.method.annotation.RequestMappingHandlerAdapter.handleInternal(RequestMappingHandlerAdapter.java:853) ~[spring-webmvc-7.0.8.jar:7.0.8]
	at org.springframework.web.servlet.mvc.method.AbstractHandlerMethodAdapter.handle(AbstractHandlerMethodAdapter.java:86) ~[spring-webmvc-7.0.8.jar:7.0.8]
	at org.springframework.web.servlet.DispatcherServlet.doDispatch(DispatcherServlet.java:963) ~[spring-webmvc-7.0.8.jar:7.0.8]
	at org.springframework.web.servlet.DispatcherServlet.doService(DispatcherServlet.java:866) ~[spring-webmvc-7.0.8.jar:7.0.8]
	at org.springframework.web.servlet.FrameworkServlet.processRequest(FrameworkServlet.java:1000) ~[spring-webmvc-7.0.8.jar:7.0.8]
	at org.springframework.web.servlet.FrameworkServlet.doPost(FrameworkServlet.java:903) ~[spring-webmvc-7.0.8.jar:7.0.8]
	at jakarta.servlet.http.HttpServlet.service(HttpServlet.java:649) ~[tomcat-embed-core-11.0.22.jar:6.1]
	at org.springframework.web.servlet.FrameworkServlet.service(FrameworkServlet.java:874) ~[spring-webmvc-7.0.8.jar:7.0.8]
	at jakarta.servlet.http.HttpServlet.service(HttpServlet.java:710) ~[tomcat-embed-core-11.0.22.jar:6.1]
	at org.apache.catalina.core.ApplicationFilterChain.doFilter(ApplicationFilterChain.java:128) ~[tomcat-embed-core-11.0.22.jar:11.0.22]
	at org.apache.tomcat.websocket.server.WsFilter.doFilter(WsFilter.java:53) ~[tomcat-embed-websocket-11.0.22.jar:11.0.22]
	at org.apache.catalina.core.ApplicationFilterChain.doFilter(ApplicationFilterChain.java:107) ~[tomcat-embed-core-11.0.22.jar:11.0.22]
	at org.springframework.web.filter.RequestContextFilter.doFilterInternal(RequestContextFilter.java:100) ~[spring-web-7.0.8.jar:7.0.8]
	at org.springframework.web.filter.OncePerRequestFilter.doFilter(OncePerRequestFilter.java:116) ~[spring-web-7.0.8.jar:7.0.8]
	at org.apache.catalina.core.ApplicationFilterChain.doFilter(ApplicationFilterChain.java:107) ~[tomcat-embed-core-11.0.22.jar:11.0.22]
	at org.springframework.web.filter.FormContentFilter.doFilterInternal(FormContentFilter.java:93) ~[spring-web-7.0.8.jar:7.0.8]
	at org.springframework.web.filter.OncePerRequestFilter.doFilter(OncePerRequestFilter.java:116) ~[spring-web-7.0.8.jar:7.0.8]
	at org.apache.catalina.core.ApplicationFilterChain.doFilter(ApplicationFilterChain.java:107) ~[tomcat-embed-core-11.0.22.jar:11.0.22]
	at org.springframework.web.filter.CharacterEncodingFilter.doFilterInternal(CharacterEncodingFilter.java:199) ~[spring-web-7.0.8.jar:7.0.8]
	at org.springframework.web.filter.OncePerRequestFilter.doFilter(OncePerRequestFilter.java:116) ~[spring-web-7.0.8.jar:7.0.8]
	at org.apache.catalina.core.ApplicationFilterChain.doFilter(ApplicationFilterChain.java:107) ~[tomcat-embed-core-11.0.22.jar:11.0.22]
	at org.apache.catalina.core.StandardWrapperValve.invoke(StandardWrapperValve.java:165) ~[tomcat-embed-core-11.0.22.jar:11.0.22]
	at org.apache.catalina.core.StandardContextValve.invoke(StandardContextValve.java:77) ~[tomcat-embed-core-11.0.22.jar:11.0.22]
	at org.apache.catalina.authenticator.AuthenticatorBase.invoke(AuthenticatorBase.java:492) ~[tomcat-embed-core-11.0.22.jar:11.0.22]
	at org.apache.catalina.core.StandardHostValve.invoke(StandardHostValve.java:113) ~[tomcat-embed-core-11.0.22.jar:11.0.22]
	at org.apache.catalina.valves.ErrorReportValve.invoke(ErrorReportValve.java:83) ~[tomcat-embed-core-11.0.22.jar:11.0.22]
	at org.apache.catalina.core.StandardEngineValve.invoke(StandardEngineValve.java:72) ~[tomcat-embed-core-11.0.22.jar:11.0.22]
	at org.apache.catalina.connector.CoyoteAdapter.service(CoyoteAdapter.java:341) ~[tomcat-embed-core-11.0.22.jar:11.0.22]
	at org.apache.coyote.http11.Http11Processor.service(Http11Processor.java:397) ~[tomcat-embed-core-11.0.22.jar:11.0.22]
	at org.apache.coyote.AbstractProcessorLight.process(AbstractProcessorLight.java:63) ~[tomcat-embed-core-11.0.22.jar:11.0.22]
	at org.apache.coyote.AbstractProtocol$ConnectionHandler.process(AbstractProtocol.java:1272) ~[tomcat-embed-core-11.0.22.jar:11.0.22]
	at org.apache.tomcat.util.net.NioEndpoint$SocketProcessor.doRun(NioEndpoint.java:1801) ~[tomcat-embed-core-11.0.22.jar:11.0.22]
	at org.apache.tomcat.util.net.SocketProcessorBase.run(SocketProcessorBase.java:52) ~[tomcat-embed-core-11.0.22.jar:11.0.22]
	at org.apache.tomcat.util.threads.ThreadPoolExecutor.runWorker(ThreadPoolExecutor.java:946) ~[tomcat-embed-core-11.0.22.jar:11.0.22]
	at org.apache.tomcat.util.threads.ThreadPoolExecutor$Worker.run(ThreadPoolExecutor.java:480) ~[tomcat-embed-core-11.0.22.jar:11.0.22]
	at org.apache.tomcat.util.threads.TaskThread$WrappingRunnable.run(TaskThread.java:57) ~[tomcat-embed-core-11.0.22.jar:11.0.22]
	at java.base/java.lang.Thread.run(Thread.java:840) ~[na:na]
Caused by: java.net.ConnectException: Connection refused: getsockopt
	at java.base/sun.nio.ch.Net.pollConnect(Native Method) ~[na:na]
	at java.base/sun.nio.ch.Net.pollConnectNow(Net.java:672) ~[na:na]
	at java.base/sun.nio.ch.NioSocketImpl.timedFinishConnect(NioSocketImpl.java:547) ~[na:na]
	at java.base/sun.nio.ch.NioSocketImpl.connect(NioSocketImpl.java:602) ~[na:na]
	at java.base/java.net.SocksSocketImpl.connect(SocksSocketImpl.java:327) ~[na:na]
	at java.base/java.net.Socket.connect(Socket.java:633) ~[na:na]
	at com.rabbitmq.client.impl.SocketFrameHandlerFactory.create(SocketFrameHandlerFactory.java:61) ~[amqp-client-5.30.0.jar:5.30.0]
	at com.rabbitmq.client.ConnectionFactory.newConnection(ConnectionFactory.java:1355) ~[amqp-client-5.30.0.jar:5.30.0]
	at com.rabbitmq.client.ConnectionFactory.newConnection(ConnectionFactory.java:1297) ~[amqp-client-5.30.0.jar:5.30.0]
	at org.springframework.amqp.rabbit.connection.AbstractConnectionFactory.connectAddresses(AbstractConnectionFactory.java:676) ~[spring-rabbit-4.1.0.jar:4.1.0]
	at org.springframework.amqp.rabbit.connection.AbstractConnectionFactory.connect(AbstractConnectionFactory.java:644) ~[spring-rabbit-4.1.0.jar:4.1.0]
	at org.springframework.amqp.rabbit.connection.AbstractConnectionFactory.createBareConnection(AbstractConnectionFactory.java:590) ~[spring-rabbit-4.1.0.jar:4.1.0]
	... 67 common frames omitted

23:07:43:845  WARN 51376 --- [warehouse] [org.springframework.amqp.rabbit.RabbitListenerEndpointContainer#0-11] o.s.a.r.l.SimpleMessageListenerContainer : Consumer raised exception, processing can restart if the connection factory supports it. Exception summary: org.springframework.amqp.AmqpConnectException: java.net.ConnectException: Connection refused: getsockopt
23:07:43:846  INFO 51376 --- [warehouse] [org.springframework.amqp.rabbit.RabbitListenerEndpointContainer#0-11] o.s.a.r.l.SimpleMessageListenerContainer : Restarting Consumer@2a3fca: tags=[[]], channel=null, acknowledgeMode=AUTO local queue size=0
23:07:43:849  INFO 51376 --- [warehouse] [org.springframework.amqp.rabbit.RabbitListenerEndpointContainer#0-12] o.s.a.r.c.CachingConnectionFactory       : Attempting to connect to: [localhost:5672]
23:07:43:854 ERROR 51376 --- [warehouse] [org.springframework.amqp.rabbit.RabbitListenerEndpointContainer#0-12] o.s.a.r.l.SimpleMessageListenerContainer : Failed to check/redeclare auto-delete queue(s).
23:07:43:855  INFO 51376 --- [warehouse] [org.springframework.amqp.rabbit.RabbitListenerEndpointContainer#0-12] o.s.a.r.c.CachingConnectionFactory       : Attempting to connect to: [localhost:5672]
23:07:44:124  WARN 51376 --- [warehouse] [org.springframework.amqp.rabbit.RabbitListenerEndpointContainer#1-11] o.s.a.r.l.SimpleMessageListenerContainer : Consumer raised exception, processing can restart if the connection factory supports it. Exception summary: org.springframework.amqp.AmqpConnectException: java.net.ConnectException: Connection refused: getsockopt
23:07:44:125  INFO 51376 --- [warehouse] [org.springframework.amqp.rabbit.RabbitListenerEndpointContainer#1-11] o.s.a.r.l.SimpleMessageListenerContainer : Restarting Consumer@640bcf68: tags=[[]], channel=null, acknowledgeMode=AUTO local queue size=0
23:07:44:127  INFO 51376 --- [warehouse] [org.springframework.amqp.rabbit.RabbitListenerEndpointContainer#1-12] o.s.a.r.c.CachingConnectionFactory       : Attempting to connect to: [localhost:5672]
23:07:44:142 ERROR 51376 --- [warehouse] [org.springframework.amqp.rabbit.RabbitListenerEndpointContainer#1-12] o.s.a.r.l.SimpleMessageListenerContainer : Failed to check/redeclare auto-delete queue(s).
23:07:44:142  INFO 51376 --- [warehouse] [org.springframework.amqp.rabbit.RabbitListenerEndpointContainer#1-12] o.s.a.r.c.CachingConnectionFactory       : Attempting to connect to: [localhost:5672]
23:07:44:155  WARN 51376 --- [warehouse] [org.springframework.amqp.rabbit.RabbitListenerEndpointContainer#2-11] o.s.a.r.l.SimpleMessageListenerContainer : Consumer raised exception, processing can restart if the connection factory supports it. Exception summary: org.springframework.amqp.AmqpConnectException: java.net.ConnectException: Connection refused: getsockopt
23:07:44:155  INFO 51376 --- [warehouse] [org.springframework.amqp.rabbit.RabbitListenerEndpointContainer#2-11] o.s.a.r.l.SimpleMessageListenerContainer : Restarting Consumer@33efccf5: tags=[[]], channel=null, acknowledgeMode=AUTO local queue size=0
23:07:44:159  INFO 51376 --- [warehouse] [org.springframework.amqp.rabbit.RabbitListenerEndpointContainer#2-12] o.s.a.r.c.CachingConnectionFactory       : Attempting to connect to: [localhost:5672]
23:07:44:186 ERROR 51376 --- [warehouse] [org.springframework.amqp.rabbit.RabbitListenerEndpointContainer#2-12] o.s.a.r.l.SimpleMessageListenerContainer : Failed to check/redeclare auto-delete queue(s).
23:07:44:186  INFO 51376 --- [warehouse] [org.springframework.amqp.rabbit.RabbitListenerEndpointContainer#2-12] o.s.a.r.c.CachingConnectionFactory       : Attempting to connect to: [localhost:5672]
23:07:48:965  WARN 51376 --- [warehouse] [org.springframework.amqp.rabbit.RabbitListenerEndpointContainer#0-12] o.s.a.r.l.SimpleMessageListenerContainer : Consumer raised exception, processing can restart if the connection factory supports it. Exception summary: org.springframework.amqp.AmqpConnectException: java.net.ConnectException: Connection refused: getsockopt
23:07:48:965  INFO 51376 --- [warehouse] [org.springframework.amqp.rabbit.RabbitListenerEndpointContainer#0-12] o.s.a.r.l.SimpleMessageListenerContainer : Restarting Consumer@6128621b: tags=[[]], channel=null, acknowledgeMode=AUTO local queue size=0
23:07:48:965  INFO 51376 --- [warehouse] [org.springframework.amqp.rabbit.RabbitListenerEndpointContainer#0-13] o.s.a.r.c.CachingConnectionFactory       : Attempting to connect to: [localhost:5672]
23:07:48:968 ERROR 51376 --- [warehouse] [org.springframework.amqp.rabbit.RabbitListenerEndpointContainer#0-13] o.s.a.r.l.SimpleMessageListenerContainer : Failed to check/redeclare auto-delete queue(s).
23:07:48:968  INFO 51376 --- [warehouse] [org.springframework.amqp.rabbit.RabbitListenerEndpointContainer#0-13] o.s.a.r.c.CachingConnectionFactory       : Attempting to connect to: [localhost:5672]
23:07:49:244  WARN 51376 --- [warehouse] [org.springframework.amqp.rabbit.RabbitListenerEndpointContainer#1-12] o.s.a.r.l.SimpleMessageListenerContainer : Consumer raised exception, processing can restart if the connection factory supports it. Exception summary: org.springframework.amqp.AmqpConnectException: java.net.ConnectException: Connection refused: getsockopt
23:07:49:244  INFO 51376 --- [warehouse] [org.springframework.amqp.rabbit.RabbitListenerEndpointContainer#1-12] o.s.a.r.l.SimpleMessageListenerContainer : Restarting Consumer@750fee34: tags=[[]], channel=null, acknowledgeMode=AUTO local queue size=0
23:07:49:245  INFO 51376 --- [warehouse] [org.springframework.amqp.rabbit.RabbitListenerEndpointContainer#1-13] o.s.a.r.c.CachingConnectionFactory       : Attempting to connect to: [localhost:5672]
23:07:49:247 ERROR 51376 --- [warehouse] [org.springframework.amqp.rabbit.RabbitListenerEndpointContainer#1-13] o.s.a.r.l.SimpleMessageListenerContainer : Failed to check/redeclare auto-delete queue(s).
23:07:49:247  INFO 51376 --- [warehouse] [org.springframework.amqp.rabbit.RabbitListenerEndpointContainer#1-13] o.s.a.r.c.CachingConnectionFactory       : Attempting to connect to: [localhost:5672]
23:07:49:276  WARN 51376 --- [warehouse] [org.springframework.amqp.rabbit.RabbitListenerEndpointContainer#2-12] o.s.a.r.l.SimpleMessageListenerContainer : Consumer raised exception, processing can restart if the connection factory supports it. Exception summary: org.springframework.amqp.AmqpConnectException: java.net.ConnectException: Connection refused: getsockopt
23:07:49:276  INFO 51376 --- [warehouse] [org.springframework.amqp.rabbit.RabbitListenerEndpointContainer#2-12] o.s.a.r.l.SimpleMessageListenerContainer : Restarting Consumer@32134424: tags=[[]], channel=null, acknowledgeMode=AUTO local queue size=0
23:07:49:277  INFO 51376 --- [warehouse] [org.springframework.amqp.rabbit.RabbitListenerEndpointContainer#2-13] o.s.a.r.c.CachingConnectionFactory       : Attempting to connect to: [localhost:5672]
23:07:49:278 ERROR 51376 --- [warehouse] [org.springframework.amqp.rabbit.RabbitListenerEndpointContainer#2-13] o.s.a.r.l.SimpleMessageListenerContainer : Failed to check/redeclare auto-delete queue(s).
23:07:49:278  INFO 51376 --- [warehouse] [org.springframework.amqp.rabbit.RabbitListenerEndpointContainer#2-13] o.s.a.r.c.CachingConnectionFactory       : Attempting to connect to: [localhost:5672]
23:07:54:053  WARN 51376 --- [warehouse] [org.springframework.amqp.rabbit.RabbitListenerEndpointContainer#0-13] o.s.a.r.l.SimpleMessageListenerContainer : Consumer raised exception, processing can restart if the connection factory supports it. Exception summary: org.springframework.amqp.AmqpConnectException: java.net.ConnectException: Connection refused: getsockopt
23:07:54:053  INFO 51376 --- [warehouse] [org.springframework.amqp.rabbit.RabbitListenerEndpointContainer#0-13] o.s.a.r.l.SimpleMessageListenerContainer : Restarting Consumer@a4a8a6c: tags=[[]], channel=null, acknowledgeMode=AUTO local queue size=0
23:07:54:054  INFO 51376 --- [warehouse] [org.springframework.amqp.rabbit.RabbitListenerEndpointContainer#0-14] o.s.a.r.c.CachingConnectionFactory       : Attempting to connect to: [localhost:5672]
23:07:54:073 ERROR 51376 --- [warehouse] [org.springframework.amqp.rabbit.RabbitListenerEndpointContainer#0-14] o.s.a.r.l.SimpleMessageListenerContainer : Failed to check/redeclare auto-delete queue(s).
23:07:54:073  INFO 51376 --- [warehouse] [org.springframework.amqp.rabbit.RabbitListenerEndpointContainer#0-14] o.s.a.r.c.CachingConnectionFactory       : Attempting to connect to: [localhost:5672]
23:07:54:323  WARN 51376 --- [warehouse] [org.springframework.amqp.rabbit.RabbitListenerEndpointContainer#1-13] o.s.a.r.l.SimpleMessageListenerContainer : Consumer raised exception, processing can restart if the connection factory supports it. Exception summary: org.springframework.amqp.AmqpConnectException: java.net.ConnectException: Connection refused: getsockopt
23:07:54:323  INFO 51376 --- [warehouse] [org.springframework.amqp.rabbit.RabbitListenerEndpointContainer#1-13] o.s.a.r.l.SimpleMessageListenerContainer : Restarting Consumer@2fca5bf3: tags=[[]], channel=null, acknowledgeMode=AUTO local queue size=0
23:07:54:326  INFO 51376 --- [warehouse] [org.springframework.amqp.rabbit.RabbitListenerEndpointContainer#1-14] o.s.a.r.c.CachingConnectionFactory       : Attempting to connect to: [localhost:5672]
23:07:54:350 ERROR 51376 --- [warehouse] [org.springframework.amqp.rabbit.RabbitListenerEndpointContainer#1-14] o.s.a.r.l.SimpleMessageListenerContainer : Failed to check/redeclare auto-delete queue(s).
23:07:54:350  INFO 51376 --- [warehouse] [org.springframework.amqp.rabbit.RabbitListenerEndpointContainer#1-14] o.s.a.r.c.CachingConnectionFactory       : Attempting to connect to: [localhost:5672]
23:07:54:354  WARN 51376 --- [warehouse] [org.springframework.amqp.rabbit.RabbitListenerEndpointContainer#2-13] o.s.a.r.l.SimpleMessageListenerContainer : Consumer raised exception, processing can restart if the connection factory supports it. Exception summary: org.springframework.amqp.AmqpConnectException: java.net.ConnectException: Connection refused: getsockopt
23:07:54:354  INFO 51376 --- [warehouse] [org.springframework.amqp.rabbit.RabbitListenerEndpointContainer#2-13] o.s.a.r.l.SimpleMessageListenerContainer : Restarting Consumer@6a0f3b0: tags=[[]], channel=null, acknowledgeMode=AUTO local queue size=0
23:07:54:371  INFO 51376 --- [warehouse] [org.springframework.amqp.rabbit.RabbitListenerEndpointContainer#2-14] o.s.a.r.c.CachingConnectionFactory       : Attempting to connect to: [localhost:5672]
23:07:54:401 ERROR 51376 --- [warehouse] [org.springframework.amqp.rabbit.RabbitListenerEndpointContainer#2-14] o.s.a.r.l.SimpleMessageListenerContainer : Failed to check/redeclare auto-delete queue(s).
23:07:54:402  INFO 51376 --- [warehouse] [org.springframework.amqp.rabbit.RabbitListenerEndpointContainer#2-14] o.s.a.r.c.CachingConnectionFactory       : Attempting to connect to: [localhost:5672]
23:07:59:129  WARN 51376 --- [warehouse] [org.springframework.amqp.rabbit.RabbitListenerEndpointContainer#0-14] o.s.a.r.l.SimpleMessageListenerContainer : Consumer raised exception, processing can restart if the connection factory supports it. Exception summary: org.springframework.amqp.AmqpConnectException: java.net.ConnectException: Connection refused: getsockopt
23:07:59:129  INFO 51376 --- [warehouse] [org.springframework.amqp.rabbit.RabbitListenerEndpointContainer#0-14] o.s.a.r.l.SimpleMessageListenerContainer : Restarting Consumer@77a71fb5: tags=[[]], channel=null, acknowledgeMode=AUTO local queue size=0
23:07:59:132  INFO 51376 --- [warehouse] [org.springframework.amqp.rabbit.RabbitListenerEndpointContainer#0-15] o.s.a.r.c.CachingConnectionFactory       : Attempting to connect to: [localhost:5672]
23:07:59:144 ERROR 51376 --- [warehouse] [org.springframework.amqp.rabbit.RabbitListenerEndpointContainer#0-15] o.s.a.r.l.SimpleMessageListenerContainer : Failed to check/redeclare auto-delete queue(s).
23:07:59:145  INFO 51376 --- [warehouse] [org.springframework.amqp.rabbit.RabbitListenerEndpointContainer#0-15] o.s.a.r.c.CachingConnectionFactory       : Attempting to connect to: [localhost:5672]
23:07:59:443  WARN 51376 --- [warehouse] [org.springframework.amqp.rabbit.RabbitListenerEndpointContainer#1-14] o.s.a.r.l.SimpleMessageListenerContainer : Consumer raised exception, processing can restart if the connection factory supports it. Exception summary: org.springframework.amqp.AmqpConnectException: java.net.ConnectException: Connection refused: getsockopt
23:07:59:443  INFO 51376 --- [warehouse] [org.springframework.amqp.rabbit.RabbitListenerEndpointContainer#1-14] o.s.a.r.l.SimpleMessageListenerContainer : Restarting Consumer@37233173: tags=[[]], channel=null, acknowledgeMode=AUTO local queue size=0
23:07:59:450  INFO 51376 --- [warehouse] [org.springframework.amqp.rabbit.RabbitListenerEndpointContainer#1-15] o.s.a.r.c.CachingConnectionFactory       : Attempting to connect to: [localhost:5672]
23:07:59:490 ERROR 51376 --- [warehouse] [org.springframework.amqp.rabbit.RabbitListenerEndpointContainer#1-15] o.s.a.r.l.SimpleMessageListenerContainer : Failed to check/redeclare auto-delete queue(s).
23:07:59:490  INFO 51376 --- [warehouse] [org.springframework.amqp.rabbit.RabbitListenerEndpointContainer#1-15] o.s.a.r.c.CachingConnectionFactory       : Attempting to connect to: [localhost:5672]
23:07:59:502  WARN 51376 --- [warehouse] [org.springframework.amqp.rabbit.RabbitListenerEndpointContainer#2-14] o.s.a.r.l.SimpleMessageListenerContainer : Consumer raised exception, processing can restart if the connection factory supports it. Exception summary: org.springframework.amqp.AmqpConnectException: java.net.ConnectException: Connection refused: getsockopt
23:07:59:502  INFO 51376 --- [warehouse] [org.springframework.amqp.rabbit.RabbitListenerEndpointContainer#2-14] o.s.a.r.l.SimpleMessageListenerContainer : Restarting Consumer@14965bf3: tags=[[]], channel=null, acknowledgeMode=AUTO local queue size=0
23:07:59:505  INFO 51376 --- [warehouse] [org.springframework.amqp.rabbit.RabbitListenerEndpointContainer#2-15] o.s.a.r.c.CachingConnectionFactory       : Attempting to connect to: [localhost:5672]
23:07:59:523 ERROR 51376 --- [warehouse] [org.springframework.amqp.rabbit.RabbitListenerEndpointContainer#2-15] o.s.a.r.l.SimpleMessageListenerContainer : Failed to check/redeclare auto-delete queue(s).
23:07:59:523  INFO 51376 --- [warehouse] [org.springframework.amqp.rabbit.RabbitListenerEndpointContainer#2-15] o.s.a.r.c.CachingConnectionFactory       : Attempting to connect to: [localhost:5672]
23:08:02:857  INFO 51376 --- [warehouse] [org.springframework.amqp.rabbit.RabbitListenerEndpointContainer#0-16] o.s.a.r.l.SimpleMessageListenerContainer : Waiting for workers to finish.
23:08:02:857  INFO 51376 --- [warehouse] [org.springframework.amqp.rabbit.RabbitListenerEndpointContainer#0-16] o.s.a.r.l.SimpleMessageListenerContainer : Successfully waited for workers to finish.
23:08:02:857  INFO 51376 --- [warehouse] [org.springframework.amqp.rabbit.RabbitListenerEndpointContainer#2-16] o.s.a.r.l.SimpleMessageListenerContainer : Waiting for workers to finish.
23:08:02:857  INFO 51376 --- [warehouse] [org.springframework.amqp.rabbit.RabbitListenerEndpointContainer#2-16] o.s.a.r.l.SimpleMessageListenerContainer : Successfully waited for workers to finish.
23:08:02:857  INFO 51376 --- [warehouse] [org.springframework.amqp.rabbit.RabbitListenerEndpointContainer#1-16] o.s.a.r.l.SimpleMessageListenerContainer : Waiting for workers to finish.
23:08:02:857  INFO 51376 --- [warehouse] [org.springframework.amqp.rabbit.RabbitListenerEndpointContainer#1-16] o.s.a.r.l.SimpleMessageListenerContainer : Successfully waited for workers to finish.
23:08:02:858  INFO 51376 --- [warehouse] [SpringApplicationShutdownHook] o.s.boot.tomcat.GracefulShutdown         : Commencing graceful shutdown. Waiting for active requests to complete
23:08:02:924  INFO 51376 --- [warehouse] [tomcat-shutdown] o.s.boot.tomcat.GracefulShutdown         : Graceful shutdown complete
23:08:02:949  INFO 51376 --- [warehouse] [SpringApplicationShutdownHook] com.zaxxer.hikari.HikariDataSource       : HikariPool-1 - Shutdown initiated...
23:08:02:954  INFO 51376 --- [warehouse] [SpringApplicationShutdownHook] com.zaxxer.hikari.HikariDataSource       : HikariPool-1 - Shutdown completed.
23:09:07:367  INFO 43472 --- [warehouse] [main] com.zh.WarehouseApplication              : Starting WarehouseApplication using Java 17.0.16 with PID 43472 (E:\ideaProject\warehouse\target\classes started by 张乐宇 in E:\ideaProject\warehouse)
23:09:07:370 DEBUG 43472 --- [warehouse] [main] com.zh.WarehouseApplication              : Running with Spring Boot v4.1.0, Spring v7.0.8
23:09:07:370  INFO 43472 --- [warehouse] [main] com.zh.WarehouseApplication              : The following 1 profile is active: "local"
23:09:08:035  INFO 43472 --- [warehouse] [main] .s.d.r.c.RepositoryConfigurationDelegate : Multiple Spring Data modules found, entering strict repository configuration mode
23:09:08:036  INFO 43472 --- [warehouse] [main] .s.d.r.c.RepositoryConfigurationDelegate : Bootstrapping Spring Data JDBC repositories in DEFAULT mode.
23:09:08:053  INFO 43472 --- [warehouse] [main] .s.d.r.c.RepositoryConfigurationDelegate : Finished Spring Data repository scanning in 12 ms. Found 0 JDBC repository interfaces.
23:09:08:083  INFO 43472 --- [warehouse] [main] .s.d.r.c.RepositoryConfigurationDelegate : Multiple Spring Data modules found, entering strict repository configuration mode
23:09:08:085  INFO 43472 --- [warehouse] [main] .s.d.r.c.RepositoryConfigurationDelegate : Bootstrapping Spring Data Redis repositories in DEFAULT mode.
23:09:08:094  INFO 43472 --- [warehouse] [main] .s.d.r.c.RepositoryConfigurationDelegate : Finished Spring Data repository scanning in 2 ms. Found 0 Redis repository interfaces.
23:09:08:718  INFO 43472 --- [warehouse] [main] o.s.boot.tomcat.TomcatWebServer          : Tomcat initialized with port 8000 (http)
23:09:08:732  INFO 43472 --- [warehouse] [main] o.apache.catalina.core.StandardService   : Starting service [Tomcat]
23:09:08:732  INFO 43472 --- [warehouse] [main] o.apache.catalina.core.StandardEngine    : Starting Servlet engine: [Apache Tomcat/11.0.22]
23:09:08:786  INFO 43472 --- [warehouse] [main] b.w.c.s.WebApplicationContextInitializer : Root WebApplicationContext: initialization completed in 1357 ms
23:09:12:464  INFO 43472 --- [warehouse] [main] org.redisson.Version                     : Redisson 3.52.0
23:09:14:265  INFO 43472 --- [warehouse] [redisson-netty-4-4] o.redisson.connection.ConnectionsHolder  : 1 connections initialized for 192.168.100.128/192.168.100.128:6379
23:09:14:496  INFO 43472 --- [warehouse] [redisson-netty-4-19] o.redisson.connection.ConnectionsHolder  : 24 connections initialized for 192.168.100.128/192.168.100.128:6379
23:09:16:259  INFO 43472 --- [warehouse] [main] b.m.s.MybatisPlusApplicationContextAware : Register ApplicationContext instances org.springframework.boot.web.server.servlet.context.AnnotationConfigServletWebServerApplicationContext@25f9407e
23:09:16:569  INFO 43472 --- [warehouse] [main] com.zaxxer.hikari.HikariDataSource       : HikariPool-1 - Starting...
23:09:17:386  INFO 43472 --- [warehouse] [main] com.zaxxer.hikari.pool.HikariPool        : HikariPool-1 - Added connection com.mysql.cj.jdbc.ConnectionImpl@4560eb15
23:09:17:392  INFO 43472 --- [warehouse] [main] com.zaxxer.hikari.HikariDataSource       : HikariPool-1 - Start completed.
23:09:18:302  INFO 43472 --- [warehouse] [main] o.s.boot.tomcat.TomcatWebServer          : Tomcat started on port 8000 (http) with context path '/'
23:09:18:309  INFO 43472 --- [warehouse] [main] o.s.a.r.c.CachingConnectionFactory       : Attempting to connect to: [192.168.100.128:5672]
23:09:18:493  INFO 43472 --- [warehouse] [main] o.s.a.r.c.CachingConnectionFactory       : Created new connection: rabbitConnectionFactory#42edde25:0/SimpleConnection@7a05cdc8 [delegate=amqp://warehouse@192.168.100.128:5672/, localPort=11410]
23:09:18:633  INFO 43472 --- [warehouse] [main] com.zh.WarehouseApplication              : Started WarehouseApplication in 11.742 seconds (process running for 12.318)
23:09:32:961  INFO 43472 --- [warehouse] [http-nio-8000-exec-1] o.a.c.c.C.[Tomcat].[localhost].[/]       : Initializing Spring DispatcherServlet 'dispatcherServlet'
23:09:32:962  INFO 43472 --- [warehouse] [http-nio-8000-exec-1] o.s.web.servlet.DispatcherServlet        : Initializing Servlet 'dispatcherServlet'
23:09:32:967  INFO 43472 --- [warehouse] [http-nio-8000-exec-1] o.s.web.servlet.DispatcherServlet        : Completed initialization in 4 ms
23:09:34:791 DEBUG 43472 --- [warehouse] [http-nio-8000-exec-1] com.zh.mapper.ProductMapper.selectList   : ==>  Preparing: SELECT id,sku,name,category,unit,price,low_stock_threshold,created_at,updated_at FROM product
23:09:34:868 DEBUG 43472 --- [warehouse] [http-nio-8000-exec-1] com.zh.mapper.ProductMapper.selectList   : ==> Parameters: 
23:09:34:983 DEBUG 43472 --- [warehouse] [http-nio-8000-exec-1] com.zh.mapper.ProductMapper.selectList   : <==      Total: 11
23:09:35:082 DEBUG 43472 --- [warehouse] [http-nio-8000-exec-1] c.zh.mapper.InventoryMapper.selectList   : ==>  Preparing: SELECT id,product_id,quantity,reserved_quantity,version,updated_at FROM inventory WHERE (product_id IN (?,?,?,?,?,?,?,?,?,?,?))
23:09:35:095 DEBUG 43472 --- [warehouse] [http-nio-8000-exec-1] c.zh.mapper.InventoryMapper.selectList   : ==> Parameters: 1(Long), 2(Long), 3(Long), 4(Long), 5(Long), 6(Long), 7(Long), 8(Long), 9(Long), 10(Long), 11(Long)
23:09:35:120 DEBUG 43472 --- [warehouse] [http-nio-8000-exec-1] c.zh.mapper.InventoryMapper.selectList   : <==      Total: 10
23:09:36:817 DEBUG 43472 --- [warehouse] [http-nio-8000-exec-2] com.zh.mapper.OrdersMapper.selectList    : ==>  Preparing: SELECT id,order_no,type,status,total_quantity,operator_id,operator_name,remark,created_at,confirmed_at FROM orders ORDER BY created_at DESC
23:09:36:826 DEBUG 43472 --- [warehouse] [http-nio-8000-exec-2] com.zh.mapper.OrdersMapper.selectList    : ==> Parameters: 
23:09:36:845 DEBUG 43472 --- [warehouse] [http-nio-8000-exec-2] com.zh.mapper.OrdersMapper.selectList    : <==      Total: 11
23:09:36:860 DEBUG 43472 --- [warehouse] [http-nio-8000-exec-2] c.zh.mapper.OrderItemMapper.selectList   : ==>  Preparing: SELECT id,order_id,product_id,product_name,quantity FROM order_item WHERE (order_id IN (?,?,?,?,?,?,?,?,?,?,?))
23:09:36:864 DEBUG 43472 --- [warehouse] [http-nio-8000-exec-2] c.zh.mapper.OrderItemMapper.selectList   : ==> Parameters: 11(Long), 10(Long), 9(Long), 8(Long), 7(Long), 6(Long), 5(Long), 4(Long), 2(Long), 3(Long), 1(Long)
23:09:36:873 DEBUG 43472 --- [warehouse] [http-nio-8000-exec-2] c.zh.mapper.OrderItemMapper.selectList   : <==      Total: 14
23:09:45:290 DEBUG 43472 --- [warehouse] [http-nio-8000-exec-3] com.zh.mapper.ProductMapper.selectList   : ==>  Preparing: SELECT id,sku,name,category,unit,price,low_stock_threshold,created_at,updated_at FROM product
23:09:45:292 DEBUG 43472 --- [warehouse] [http-nio-8000-exec-3] com.zh.mapper.ProductMapper.selectList   : ==> Parameters: 
23:09:45:302 DEBUG 43472 --- [warehouse] [http-nio-8000-exec-3] com.zh.mapper.ProductMapper.selectList   : <==      Total: 11
23:09:45:451 DEBUG 43472 --- [warehouse] [http-nio-8000-exec-3] c.zh.mapper.InventoryMapper.selectList   : ==>  Preparing: SELECT id,product_id,quantity,reserved_quantity,version,updated_at FROM inventory WHERE (product_id IN (?))
23:09:45:457 DEBUG 43472 --- [warehouse] [http-nio-8000-exec-3] c.zh.mapper.InventoryMapper.selectList   : ==> Parameters: 11(Long)
23:09:45:464 DEBUG 43472 --- [warehouse] [http-nio-8000-exec-3] c.zh.mapper.InventoryMapper.selectList   : <==      Total: 0
23:09:47:047 DEBUG 43472 --- [warehouse] [http-nio-8000-exec-5] com.zh.mapper.OrdersMapper.selectList    : ==>  Preparing: SELECT id,order_no,type,status,total_quantity,operator_id,operator_name,remark,created_at,confirmed_at FROM orders ORDER BY created_at DESC
23:09:47:050 DEBUG 43472 --- [warehouse] [http-nio-8000-exec-5] com.zh.mapper.OrdersMapper.selectList    : ==> Parameters: 
23:09:47:078 DEBUG 43472 --- [warehouse] [http-nio-8000-exec-5] com.zh.mapper.OrdersMapper.selectList    : <==      Total: 11
23:09:47:092 DEBUG 43472 --- [warehouse] [http-nio-8000-exec-5] c.zh.mapper.OrderItemMapper.selectList   : ==>  Preparing: SELECT id,order_id,product_id,product_name,quantity FROM order_item WHERE (order_id IN (?,?,?,?,?,?,?,?,?,?,?))
23:09:47:098 DEBUG 43472 --- [warehouse] [http-nio-8000-exec-5] c.zh.mapper.OrderItemMapper.selectList   : ==> Parameters: 11(Long), 10(Long), 9(Long), 8(Long), 7(Long), 6(Long), 5(Long), 4(Long), 2(Long), 3(Long), 1(Long)
23:09:47:109 DEBUG 43472 --- [warehouse] [http-nio-8000-exec-5] c.zh.mapper.OrderItemMapper.selectList   : <==      Total: 14
23:09:48:741 DEBUG 43472 --- [warehouse] [http-nio-8000-exec-4] com.zh.mapper.OrdersMapper.selectById    : ==>  Preparing: SELECT id,order_no,type,status,total_quantity,operator_id,operator_name,remark,created_at,confirmed_at FROM orders WHERE id=?
23:09:48:742 DEBUG 43472 --- [warehouse] [http-nio-8000-exec-4] com.zh.mapper.OrdersMapper.selectById    : ==> Parameters: 8(Long)
23:09:48:746 DEBUG 43472 --- [warehouse] [http-nio-8000-exec-4] com.zh.mapper.OrdersMapper.selectById    : <==      Total: 1
23:09:48:759 DEBUG 43472 --- [warehouse] [http-nio-8000-exec-4] com.zh.mapper.OrdersMapper.updateById    : ==>  Preparing: UPDATE orders SET order_no=?, type=?, status=?, total_quantity=?, operator_id=?, operator_name=?, remark=?, created_at=? WHERE id=?
23:09:48:762 DEBUG 43472 --- [warehouse] [http-nio-8000-exec-4] com.zh.mapper.OrdersMapper.updateById    : ==> Parameters: IN202608040002(String), INBOUND(String), CONFIRMING(String), 5(Integer), 1(Long), 管理员(String), 12333(String), 2026-08-04T00:35:28(LocalDateTime), 8(Long)
23:09:48:783 DEBUG 43472 --- [warehouse] [http-nio-8000-exec-4] com.zh.mapper.OrdersMapper.updateById    : <==    Updates: 1
23:09:48:903 DEBUG 43472 --- [warehouse] [org.springframework.amqp.rabbit.RabbitListenerEndpointContainer#1-1] com.zh.mapper.OrdersMapper.selectById    : ==>  Preparing: SELECT id,order_no,type,status,total_quantity,operator_id,operator_name,remark,created_at,confirmed_at FROM orders WHERE id=?
23:09:48:905 DEBUG 43472 --- [warehouse] [org.springframework.amqp.rabbit.RabbitListenerEndpointContainer#1-1] com.zh.mapper.OrdersMapper.selectById    : ==> Parameters: 8(Long)
23:09:48:909 DEBUG 43472 --- [warehouse] [org.springframework.amqp.rabbit.RabbitListenerEndpointContainer#1-1] com.zh.mapper.OrdersMapper.selectById    : <==      Total: 1
23:09:48:916 DEBUG 43472 --- [warehouse] [org.springframework.amqp.rabbit.RabbitListenerEndpointContainer#1-1] c.z.m.InventoryLogMapper.selectCount     : ==>  Preparing: SELECT COUNT( * ) AS total FROM inventory_log WHERE (order_id = ?)
23:09:48:918 DEBUG 43472 --- [warehouse] [org.springframework.amqp.rabbit.RabbitListenerEndpointContainer#1-1] c.z.m.InventoryLogMapper.selectCount     : ==> Parameters: 8(Long)
23:09:48:941 DEBUG 43472 --- [warehouse] [org.springframework.amqp.rabbit.RabbitListenerEndpointContainer#1-1] c.z.m.InventoryLogMapper.selectCount     : <==      Total: 1
23:09:48:946 DEBUG 43472 --- [warehouse] [org.springframework.amqp.rabbit.RabbitListenerEndpointContainer#1-1] c.zh.mapper.OrderItemMapper.selectList   : ==>  Preparing: SELECT id,order_id,product_id,product_name,quantity FROM order_item WHERE (order_id = ?)
23:09:48:951 DEBUG 43472 --- [warehouse] [org.springframework.amqp.rabbit.RabbitListenerEndpointContainer#1-1] c.zh.mapper.OrderItemMapper.selectList   : ==> Parameters: 8(Long)
23:09:48:956 DEBUG 43472 --- [warehouse] [org.springframework.amqp.rabbit.RabbitListenerEndpointContainer#1-1] c.zh.mapper.OrderItemMapper.selectList   : <==      Total: 1
23:09:48:981 DEBUG 43472 --- [warehouse] [org.springframework.amqp.rabbit.RabbitListenerEndpointContainer#1-1] c.z.m.InventoryMapper.selectWithCursor   : ==>  Preparing: SELECT id,product_id,quantity,reserved_quantity,version,updated_at FROM inventory WHERE (product_id = ?)
23:09:48:982 DEBUG 43472 --- [warehouse] [org.springframework.amqp.rabbit.RabbitListenerEndpointContainer#1-1] c.z.m.InventoryMapper.selectWithCursor   : ==> Parameters: 1(Long)
23:09:48:990 DEBUG 43472 --- [warehouse] [org.springframework.amqp.rabbit.RabbitListenerEndpointContainer#1-1] c.z.m.InventoryMapper.selectWithCursor   : <==      Total: 1
23:09:49:001 DEBUG 43472 --- [warehouse] [org.springframework.amqp.rabbit.RabbitListenerEndpointContainer#1-1] com.zh.mapper.InventoryMapper.update     : ==>  Preparing: UPDATE inventory SET quantity = quantity + ?,updated_at=? WHERE (id = ?)
23:09:49:007 DEBUG 43472 --- [warehouse] [org.springframework.amqp.rabbit.RabbitListenerEndpointContainer#1-1] com.zh.mapper.InventoryMapper.update     : ==> Parameters: 5(Integer), 2026-08-04T23:09:48.993158400(LocalDateTime), 1(Long)
23:09:49:017 DEBUG 43472 --- [warehouse] [org.springframework.amqp.rabbit.RabbitListenerEndpointContainer#1-1] com.zh.mapper.InventoryMapper.update     : <==    Updates: 1
23:09:49:027 DEBUG 43472 --- [warehouse] [org.springframework.amqp.rabbit.RabbitListenerEndpointContainer#1-1] c.z.m.InventoryMapper.selectWithCursor   : ==>  Preparing: SELECT id,product_id,quantity,reserved_quantity,version,updated_at FROM inventory WHERE (product_id = ?)
23:09:49:030 DEBUG 43472 --- [warehouse] [org.springframework.amqp.rabbit.RabbitListenerEndpointContainer#1-1] c.z.m.InventoryMapper.selectWithCursor   : ==> Parameters: 1(Long)
23:09:49:039 DEBUG 43472 --- [warehouse] [org.springframework.amqp.rabbit.RabbitListenerEndpointContainer#1-1] c.z.m.InventoryMapper.selectWithCursor   : <==      Total: 1
23:09:49:054 DEBUG 43472 --- [warehouse] [org.springframework.amqp.rabbit.RabbitListenerEndpointContainer#1-1] c.zh.mapper.InventoryLogMapper.insert    : ==>  Preparing: INSERT INTO inventory_log ( product_id, change_type, change_quantity, before_quantity, after_quantity, order_id, created_at ) VALUES ( ?, ?, ?, ?, ?, ?, ? )
23:09:49:058 DEBUG 43472 --- [warehouse] [org.springframework.amqp.rabbit.RabbitListenerEndpointContainer#1-1] c.zh.mapper.InventoryLogMapper.insert    : ==> Parameters: 1(Long), INBOUND(String), 5(Integer), 189(Integer), 194(Integer), 8(Long), 2026-08-04T23:09:49.041319(LocalDateTime)
23:09:49:066 DEBUG 43472 --- [warehouse] [org.springframework.amqp.rabbit.RabbitListenerEndpointContainer#1-1] c.zh.mapper.InventoryLogMapper.insert    : <==    Updates: 1
23:09:49:081 DEBUG 43472 --- [warehouse] [org.springframework.amqp.rabbit.RabbitListenerEndpointContainer#1-1] com.zh.mapper.ProductMapper.selectById   : ==>  Preparing: SELECT id,sku,name,category,unit,price,low_stock_threshold,created_at,updated_at FROM product WHERE id=?
23:09:49:083 DEBUG 43472 --- [warehouse] [org.springframework.amqp.rabbit.RabbitListenerEndpointContainer#1-1] com.zh.mapper.ProductMapper.selectById   : ==> Parameters: 1(Long)
23:09:49:087 DEBUG 43472 --- [warehouse] [org.springframework.amqp.rabbit.RabbitListenerEndpointContainer#1-1] com.zh.mapper.ProductMapper.selectById   : <==      Total: 1
23:09:49:098 DEBUG 43472 --- [warehouse] [org.springframework.amqp.rabbit.RabbitListenerEndpointContainer#1-1] c.z.m.InventoryMapper.selectWithCursor   : ==>  Preparing: SELECT id,product_id,quantity,reserved_quantity,version,updated_at FROM inventory WHERE (product_id = ?)
23:09:49:099 DEBUG 43472 --- [warehouse] [org.springframework.amqp.rabbit.RabbitListenerEndpointContainer#1-1] c.z.m.InventoryMapper.selectWithCursor   : ==> Parameters: 1(Long)
23:09:49:106 DEBUG 43472 --- [warehouse] [org.springframework.amqp.rabbit.RabbitListenerEndpointContainer#1-1] c.z.m.InventoryMapper.selectWithCursor   : <==      Total: 1
23:09:49:111 DEBUG 43472 --- [warehouse] [org.springframework.amqp.rabbit.RabbitListenerEndpointContainer#1-1] com.zh.mapper.OrdersMapper.updateById    : ==>  Preparing: UPDATE orders SET order_no=?, type=?, status=?, total_quantity=?, operator_id=?, operator_name=?, remark=?, created_at=?, confirmed_at=? WHERE id=?
23:09:49:115 DEBUG 43472 --- [warehouse] [org.springframework.amqp.rabbit.RabbitListenerEndpointContainer#1-1] com.zh.mapper.OrdersMapper.updateById    : ==> Parameters: IN202608040002(String), INBOUND(String), COMPLETED(String), 5(Integer), 1(Long), 管理员(String), 12333(String), 2026-08-04T00:35:28(LocalDateTime), 2026-08-04T23:09:49.108386700(LocalDateTime), 8(Long)
23:09:49:122 DEBUG 43472 --- [warehouse] [org.springframework.amqp.rabbit.RabbitListenerEndpointContainer#1-1] com.zh.mapper.OrdersMapper.updateById    : <==    Updates: 1
23:09:49:122  INFO 43472 --- [warehouse] [org.springframework.amqp.rabbit.RabbitListenerEndpointContainer#1-1] c.z.s.impl.OrderConfirmServiceImpl       : 入库确认处理完成, orderId=8
23:09:49:191 DEBUG 43472 --- [warehouse] [http-nio-8000-exec-6] com.zh.mapper.OrdersMapper.selectList    : ==>  Preparing: SELECT id,order_no,type,status,total_quantity,operator_id,operator_name,remark,created_at,confirmed_at FROM orders ORDER BY created_at DESC
23:09:49:193 DEBUG 43472 --- [warehouse] [http-nio-8000-exec-6] com.zh.mapper.OrdersMapper.selectList    : ==> Parameters: 
23:09:49:203 DEBUG 43472 --- [warehouse] [http-nio-8000-exec-6] com.zh.mapper.OrdersMapper.selectList    : <==      Total: 11
23:09:49:208 DEBUG 43472 --- [warehouse] [http-nio-8000-exec-6] c.zh.mapper.OrderItemMapper.selectList   : ==>  Preparing: SELECT id,order_id,product_id,product_name,quantity FROM order_item WHERE (order_id IN (?,?,?,?,?,?,?,?,?,?,?))
23:09:49:213 DEBUG 43472 --- [warehouse] [http-nio-8000-exec-6] c.zh.mapper.OrderItemMapper.selectList   : ==> Parameters: 11(Long), 10(Long), 9(Long), 8(Long), 7(Long), 6(Long), 5(Long), 4(Long), 2(Long), 3(Long), 1(Long)
23:09:49:221 DEBUG 43472 --- [warehouse] [http-nio-8000-exec-6] c.zh.mapper.OrderItemMapper.selectList   : <==      Total: 14
23:09:49:436 DEBUG 43472 --- [warehouse] [http-nio-8000-exec-7] com.zh.mapper.OrdersMapper.selectList    : ==>  Preparing: SELECT id,order_no,type,status,total_quantity,operator_id,operator_name,remark,created_at,confirmed_at FROM orders ORDER BY created_at DESC
23:09:49:440 DEBUG 43472 --- [warehouse] [http-nio-8000-exec-7] com.zh.mapper.OrdersMapper.selectList    : ==> Parameters: 
23:09:49:454 DEBUG 43472 --- [warehouse] [http-nio-8000-exec-7] com.zh.mapper.OrdersMapper.selectList    : <==      Total: 11
23:09:49:469 DEBUG 43472 --- [warehouse] [http-nio-8000-exec-7] c.zh.mapper.OrderItemMapper.selectList   : ==>  Preparing: SELECT id,order_id,product_id,product_name,quantity FROM order_item WHERE (order_id IN (?,?,?,?,?,?,?,?,?,?,?))
23:09:49:472 DEBUG 43472 --- [warehouse] [http-nio-8000-exec-7] c.zh.mapper.OrderItemMapper.selectList   : ==> Parameters: 11(Long), 10(Long), 9(Long), 8(Long), 7(Long), 6(Long), 5(Long), 4(Long), 2(Long), 3(Long), 1(Long)
23:09:49:481 DEBUG 43472 --- [warehouse] [http-nio-8000-exec-7] c.zh.mapper.OrderItemMapper.selectList   : <==      Total: 14
23:09:52:309 DEBUG 43472 --- [warehouse] [http-nio-8000-exec-8] com.zh.mapper.ProductMapper.selectList   : ==>  Preparing: SELECT id,sku,name,category,unit,price,low_stock_threshold,created_at,updated_at FROM product
23:09:52:310 DEBUG 43472 --- [warehouse] [http-nio-8000-exec-8] com.zh.mapper.ProductMapper.selectList   : ==> Parameters: 
23:09:52:316 DEBUG 43472 --- [warehouse] [http-nio-8000-exec-8] com.zh.mapper.ProductMapper.selectList   : <==      Total: 11
23:09:52:345 DEBUG 43472 --- [warehouse] [http-nio-8000-exec-8] c.zh.mapper.InventoryMapper.selectList   : ==>  Preparing: SELECT id,product_id,quantity,reserved_quantity,version,updated_at FROM inventory WHERE (product_id IN (?,?))
23:09:52:346 DEBUG 43472 --- [warehouse] [http-nio-8000-exec-8] c.zh.mapper.InventoryMapper.selectList   : ==> Parameters: 1(Long), 11(Long)
23:09:52:350 DEBUG 43472 --- [warehouse] [http-nio-8000-exec-8] c.zh.mapper.InventoryMapper.selectList   : <==      Total: 1
23:10:02:065 DEBUG 43472 --- [warehouse] [http-nio-8000-exec-9] com.zh.mapper.OrdersMapper.selectList    : ==>  Preparing: SELECT id,order_no,type,status,total_quantity,operator_id,operator_name,remark,created_at,confirmed_at FROM orders ORDER BY created_at DESC
23:10:02:067 DEBUG 43472 --- [warehouse] [http-nio-8000-exec-9] com.zh.mapper.OrdersMapper.selectList    : ==> Parameters: 
23:10:02:073 DEBUG 43472 --- [warehouse] [http-nio-8000-exec-9] com.zh.mapper.OrdersMapper.selectList    : <==      Total: 11
23:10:02:075 DEBUG 43472 --- [warehouse] [http-nio-8000-exec-9] c.zh.mapper.OrderItemMapper.selectList   : ==>  Preparing: SELECT id,order_id,product_id,product_name,quantity FROM order_item WHERE (order_id IN (?,?,?,?,?,?,?,?,?,?,?))
23:10:02:077 DEBUG 43472 --- [warehouse] [http-nio-8000-exec-9] c.zh.mapper.OrderItemMapper.selectList   : ==> Parameters: 11(Long), 10(Long), 9(Long), 8(Long), 7(Long), 6(Long), 5(Long), 4(Long), 2(Long), 3(Long), 1(Long)
23:10:02:083 DEBUG 43472 --- [warehouse] [http-nio-8000-exec-9] c.zh.mapper.OrderItemMapper.selectList   : <==      Total: 14
23:10:13:334 DEBUG 43472 --- [warehouse] [http-nio-8000-exec-10] c.z.m.ProductMapper.selectList_mpCount   : ==>  Preparing: SELECT COUNT(*) AS total FROM product
23:10:13:338 DEBUG 43472 --- [warehouse] [http-nio-8000-exec-10] c.z.m.ProductMapper.selectList_mpCount   : ==> Parameters: 
23:10:13:344 DEBUG 43472 --- [warehouse] [http-nio-8000-exec-10] c.z.m.ProductMapper.selectList_mpCount   : <==      Total: 1
23:10:13:363 DEBUG 43472 --- [warehouse] [http-nio-8000-exec-10] com.zh.mapper.ProductMapper.selectList   : ==>  Preparing: SELECT id,sku,name,category,unit,price,low_stock_threshold,created_at,updated_at FROM product ORDER BY id ASC LIMIT ?
23:10:13:365 DEBUG 43472 --- [warehouse] [http-nio-8000-exec-10] com.zh.mapper.ProductMapper.selectList   : ==> Parameters: 100(Long)
23:10:13:374 DEBUG 43472 --- [warehouse] [http-nio-8000-exec-10] com.zh.mapper.ProductMapper.selectList   : <==      Total: 11
23:10:25:189 DEBUG 43472 --- [warehouse] [http-nio-8000-exec-1] c.zh.mapper.ProductMapper.selectByIds    : ==>  Preparing: SELECT id,sku,name,category,unit,price,low_stock_threshold,created_at,updated_at FROM product WHERE id IN ( ? )
23:10:25:190 DEBUG 43472 --- [warehouse] [http-nio-8000-exec-1] c.zh.mapper.ProductMapper.selectByIds    : ==> Parameters: 1(Long)
23:10:25:193 DEBUG 43472 --- [warehouse] [http-nio-8000-exec-1] c.zh.mapper.ProductMapper.selectByIds    : <==      Total: 1
23:10:25:201 DEBUG 43472 --- [warehouse] [http-nio-8000-exec-1] com.zh.mapper.OrdersMapper.selectCount   : ==>  Preparing: SELECT COUNT( * ) AS total FROM orders WHERE (order_no LIKE ?)
23:10:25:201 DEBUG 43472 --- [warehouse] [http-nio-8000-exec-1] com.zh.mapper.OrdersMapper.selectCount   : ==> Parameters: IN20260804%(String)
23:10:25:205 DEBUG 43472 --- [warehouse] [http-nio-8000-exec-1] com.zh.mapper.OrdersMapper.selectCount   : <==      Total: 1
23:10:25:211 DEBUG 43472 --- [warehouse] [http-nio-8000-exec-1] com.zh.mapper.OrdersMapper.insert        : ==>  Preparing: INSERT INTO orders ( order_no, type, status, total_quantity, operator_id, operator_name, remark, created_at ) VALUES ( ?, ?, ?, ?, ?, ?, ?, ? )
23:10:25:215 DEBUG 43472 --- [warehouse] [http-nio-8000-exec-1] com.zh.mapper.OrdersMapper.insert        : ==> Parameters: IN202608040004(String), INBOUND(String), CREATED(String), 1000(Integer), 1(Long), 管理员(String), 人(String), 2026-08-04T23:10:25.209180100(LocalDateTime)
23:10:25:218 DEBUG 43472 --- [warehouse] [http-nio-8000-exec-1] com.zh.mapper.OrdersMapper.insert        : <==    Updates: 1
23:10:25:230 DEBUG 43472 --- [warehouse] [http-nio-8000-exec-1] com.zh.mapper.OrderItemMapper.insert     : ==>  Preparing: INSERT INTO order_item ( order_id, product_id, product_name, quantity ) VALUES ( ?, ?, ?, ? )
23:10:25:241 DEBUG 43472 --- [warehouse] [http-nio-8000-exec-1] com.zh.mapper.OrderItemMapper.insert     : ==> Parameters: 12(Long), 1(Long), 一次性口罩(String), 1000(Integer)
23:10:25:285 DEBUG 43472 --- [warehouse] [http-nio-8000-exec-2] com.zh.mapper.OrdersMapper.selectList    : ==>  Preparing: SELECT id,order_no,type,status,total_quantity,operator_id,operator_name,remark,created_at,confirmed_at FROM orders ORDER BY created_at DESC
23:10:25:286 DEBUG 43472 --- [warehouse] [http-nio-8000-exec-2] com.zh.mapper.OrdersMapper.selectList    : ==> Parameters: 
23:10:25:294 DEBUG 43472 --- [warehouse] [http-nio-8000-exec-2] com.zh.mapper.OrdersMapper.selectList    : <==      Total: 12
23:10:25:297 DEBUG 43472 --- [warehouse] [http-nio-8000-exec-2] c.zh.mapper.OrderItemMapper.selectList   : ==>  Preparing: SELECT id,order_id,product_id,product_name,quantity FROM order_item WHERE (order_id IN (?,?,?,?,?,?,?,?,?,?,?,?))
23:10:25:299 DEBUG 43472 --- [warehouse] [http-nio-8000-exec-2] c.zh.mapper.OrderItemMapper.selectList   : ==> Parameters: 12(Long), 11(Long), 10(Long), 9(Long), 8(Long), 7(Long), 6(Long), 5(Long), 4(Long), 2(Long), 3(Long), 1(Long)
23:10:25:303 DEBUG 43472 --- [warehouse] [http-nio-8000-exec-2] c.zh.mapper.OrderItemMapper.selectList   : <==      Total: 15
23:10:28:771 DEBUG 43472 --- [warehouse] [http-nio-8000-exec-3] com.zh.mapper.ProductMapper.selectList   : ==>  Preparing: SELECT id,sku,name,category,unit,price,low_stock_threshold,created_at,updated_at FROM product
23:10:28:771 DEBUG 43472 --- [warehouse] [http-nio-8000-exec-3] com.zh.mapper.ProductMapper.selectList   : ==> Parameters: 
23:10:28:778 DEBUG 43472 --- [warehouse] [http-nio-8000-exec-3] com.zh.mapper.ProductMapper.selectList   : <==      Total: 11
23:10:28:811 DEBUG 43472 --- [warehouse] [http-nio-8000-exec-3] c.zh.mapper.InventoryMapper.selectList   : ==>  Preparing: SELECT id,product_id,quantity,reserved_quantity,version,updated_at FROM inventory WHERE (product_id IN (?))
23:10:28:813 DEBUG 43472 --- [warehouse] [http-nio-8000-exec-3] c.zh.mapper.InventoryMapper.selectList   : ==> Parameters: 11(Long)
23:10:28:815 DEBUG 43472 --- [warehouse] [http-nio-8000-exec-3] c.zh.mapper.InventoryMapper.selectList   : <==      Total: 0
23:10:30:983 DEBUG 43472 --- [warehouse] [http-nio-8000-exec-5] com.zh.mapper.OrdersMapper.selectList    : ==>  Preparing: SELECT id,order_no,type,status,total_quantity,operator_id,operator_name,remark,created_at,confirmed_at FROM orders ORDER BY created_at DESC
23:10:30:984 DEBUG 43472 --- [warehouse] [http-nio-8000-exec-5] com.zh.mapper.OrdersMapper.selectList    : ==> Parameters: 
23:10:30:989 DEBUG 43472 --- [warehouse] [http-nio-8000-exec-5] com.zh.mapper.OrdersMapper.selectList    : <==      Total: 12
23:10:30:993 DEBUG 43472 --- [warehouse] [http-nio-8000-exec-5] c.zh.mapper.OrderItemMapper.selectList   : ==>  Preparing: SELECT id,order_id,product_id,product_name,quantity FROM order_item WHERE (order_id IN (?,?,?,?,?,?,?,?,?,?,?,?))
23:10:30:995 DEBUG 43472 --- [warehouse] [http-nio-8000-exec-5] c.zh.mapper.OrderItemMapper.selectList   : ==> Parameters: 12(Long), 11(Long), 10(Long), 9(Long), 8(Long), 7(Long), 6(Long), 5(Long), 4(Long), 2(Long), 3(Long), 1(Long)
23:10:30:999 DEBUG 43472 --- [warehouse] [http-nio-8000-exec-5] c.zh.mapper.OrderItemMapper.selectList   : <==      Total: 15
23:10:32:904 DEBUG 43472 --- [warehouse] [http-nio-8000-exec-4] com.zh.mapper.OrdersMapper.selectById    : ==>  Preparing: SELECT id,order_no,type,status,total_quantity,operator_id,operator_name,remark,created_at,confirmed_at FROM orders WHERE id=?
23:10:32:905 DEBUG 43472 --- [warehouse] [http-nio-8000-exec-4] com.zh.mapper.OrdersMapper.selectById    : ==> Parameters: 12(Long)
23:10:32:910 DEBUG 43472 --- [warehouse] [http-nio-8000-exec-4] com.zh.mapper.OrdersMapper.selectById    : <==      Total: 1
23:10:32:913 DEBUG 43472 --- [warehouse] [http-nio-8000-exec-4] com.zh.mapper.OrdersMapper.updateById    : ==>  Preparing: UPDATE orders SET order_no=?, type=?, status=?, total_quantity=?, operator_id=?, operator_name=?, remark=?, created_at=? WHERE id=?
23:10:32:917 DEBUG 43472 --- [warehouse] [http-nio-8000-exec-4] com.zh.mapper.OrdersMapper.updateById    : ==> Parameters: IN202608040004(String), INBOUND(String), CONFIRMING(String), 1000(Integer), 1(Long), 管理员(String), 人(String), 2026-08-04T23:10:25(LocalDateTime), 12(Long)
23:10:32:921 DEBUG 43472 --- [warehouse] [http-nio-8000-exec-4] com.zh.mapper.OrdersMapper.updateById    : <==    Updates: 1
23:10:32:941 DEBUG 43472 --- [warehouse] [org.springframework.amqp.rabbit.RabbitListenerEndpointContainer#1-1] com.zh.mapper.OrdersMapper.selectById    : ==>  Preparing: SELECT id,order_no,type,status,total_quantity,operator_id,operator_name,remark,created_at,confirmed_at FROM orders WHERE id=?
23:10:32:943 DEBUG 43472 --- [warehouse] [org.springframework.amqp.rabbit.RabbitListenerEndpointContainer#1-1] com.zh.mapper.OrdersMapper.selectById    : ==> Parameters: 12(Long)
23:10:32:948 DEBUG 43472 --- [warehouse] [org.springframework.amqp.rabbit.RabbitListenerEndpointContainer#1-1] com.zh.mapper.OrdersMapper.selectById    : <==      Total: 1
23:10:32:952 DEBUG 43472 --- [warehouse] [org.springframework.amqp.rabbit.RabbitListenerEndpointContainer#1-1] c.z.m.InventoryLogMapper.selectCount     : ==>  Preparing: SELECT COUNT( * ) AS total FROM inventory_log WHERE (order_id = ?)
23:10:32:953 DEBUG 43472 --- [warehouse] [org.springframework.amqp.rabbit.RabbitListenerEndpointContainer#1-1] c.z.m.InventoryLogMapper.selectCount     : ==> Parameters: 12(Long)
23:10:32:955 DEBUG 43472 --- [warehouse] [org.springframework.amqp.rabbit.RabbitListenerEndpointContainer#1-1] c.z.m.InventoryLogMapper.selectCount     : <==      Total: 1
23:10:32:958 DEBUG 43472 --- [warehouse] [org.springframework.amqp.rabbit.RabbitListenerEndpointContainer#1-1] c.zh.mapper.OrderItemMapper.selectList   : ==>  Preparing: SELECT id,order_id,product_id,product_name,quantity FROM order_item WHERE (order_id = ?)
23:10:32:959 DEBUG 43472 --- [warehouse] [org.springframework.amqp.rabbit.RabbitListenerEndpointContainer#1-1] c.zh.mapper.OrderItemMapper.selectList   : ==> Parameters: 12(Long)
23:10:32:963 DEBUG 43472 --- [warehouse] [org.springframework.amqp.rabbit.RabbitListenerEndpointContainer#1-1] c.zh.mapper.OrderItemMapper.selectList   : <==      Total: 1
23:10:32:969 DEBUG 43472 --- [warehouse] [org.springframework.amqp.rabbit.RabbitListenerEndpointContainer#1-1] c.z.m.InventoryMapper.selectWithCursor   : ==>  Preparing: SELECT id,product_id,quantity,reserved_quantity,version,updated_at FROM inventory WHERE (product_id = ?)
23:10:32:970 DEBUG 43472 --- [warehouse] [org.springframework.amqp.rabbit.RabbitListenerEndpointContainer#1-1] c.z.m.InventoryMapper.selectWithCursor   : ==> Parameters: 1(Long)
23:10:32:973 DEBUG 43472 --- [warehouse] [org.springframework.amqp.rabbit.RabbitListenerEndpointContainer#1-1] c.z.m.InventoryMapper.selectWithCursor   : <==      Total: 1
23:10:32:975 DEBUG 43472 --- [warehouse] [org.springframework.amqp.rabbit.RabbitListenerEndpointContainer#1-1] com.zh.mapper.InventoryMapper.update     : ==>  Preparing: UPDATE inventory SET quantity = quantity + ?,updated_at=? WHERE (id = ?)
23:10:32:976 DEBUG 43472 --- [warehouse] [org.springframework.amqp.rabbit.RabbitListenerEndpointContainer#1-1] com.zh.mapper.InventoryMapper.update     : ==> Parameters: 1000(Integer), 2026-08-04T23:10:32.973817200(LocalDateTime), 1(Long)
23:10:32:980 DEBUG 43472 --- [warehouse] [org.springframework.amqp.rabbit.RabbitListenerEndpointContainer#1-1] com.zh.mapper.InventoryMapper.update     : <==    Updates: 1
23:10:32:986 DEBUG 43472 --- [warehouse] [org.springframework.amqp.rabbit.RabbitListenerEndpointContainer#1-1] c.z.m.InventoryMapper.selectWithCursor   : ==>  Preparing: SELECT id,product_id,quantity,reserved_quantity,version,updated_at FROM inventory WHERE (product_id = ?)
23:10:32:987 DEBUG 43472 --- [warehouse] [org.springframework.amqp.rabbit.RabbitListenerEndpointContainer#1-1] c.z.m.InventoryMapper.selectWithCursor   : ==> Parameters: 1(Long)
23:10:32:997 DEBUG 43472 --- [warehouse] [org.springframework.amqp.rabbit.RabbitListenerEndpointContainer#1-1] c.z.m.InventoryMapper.selectWithCursor   : <==      Total: 1
23:10:33:000 DEBUG 43472 --- [warehouse] [org.springframework.amqp.rabbit.RabbitListenerEndpointContainer#1-1] c.zh.mapper.InventoryLogMapper.insert    : ==>  Preparing: INSERT INTO inventory_log ( product_id, change_type, change_quantity, before_quantity, after_quantity, order_id, created_at ) VALUES ( ?, ?, ?, ?, ?, ?, ? )
23:10:33:003 DEBUG 43472 --- [warehouse] [org.springframework.amqp.rabbit.RabbitListenerEndpointContainer#1-1] c.zh.mapper.InventoryLogMapper.insert    : ==> Parameters: 1(Long), INBOUND(String), 1000(Integer), 194(Integer), 1194(Integer), 12(Long), 2026-08-04T23:10:32.997862(LocalDateTime)
23:10:33:006 DEBUG 43472 --- [warehouse] [org.springframework.amqp.rabbit.RabbitListenerEndpointContainer#1-1] c.zh.mapper.InventoryLogMapper.insert    : <==    Updates: 1
23:10:33:010 DEBUG 43472 --- [warehouse] [org.springframework.amqp.rabbit.RabbitListenerEndpointContainer#1-1] com.zh.mapper.ProductMapper.selectById   : ==>  Preparing: SELECT id,sku,name,category,unit,price,low_stock_threshold,created_at,updated_at FROM product WHERE id=?
23:10:33:011 DEBUG 43472 --- [warehouse] [org.springframework.amqp.rabbit.RabbitListenerEndpointContainer#1-1] com.zh.mapper.ProductMapper.selectById   : ==> Parameters: 1(Long)
23:10:33:016 DEBUG 43472 --- [warehouse] [org.springframework.amqp.rabbit.RabbitListenerEndpointContainer#1-1] com.zh.mapper.ProductMapper.selectById   : <==      Total: 1
23:10:33:028 DEBUG 43472 --- [warehouse] [org.springframework.amqp.rabbit.RabbitListenerEndpointContainer#1-1] c.z.m.InventoryMapper.selectWithCursor   : ==>  Preparing: SELECT id,product_id,quantity,reserved_quantity,version,updated_at FROM inventory WHERE (product_id = ?)
23:10:33:031 DEBUG 43472 --- [warehouse] [org.springframework.amqp.rabbit.RabbitListenerEndpointContainer#1-1] c.z.m.InventoryMapper.selectWithCursor   : ==> Parameters: 1(Long)
23:10:33:037 DEBUG 43472 --- [warehouse] [org.springframework.amqp.rabbit.RabbitListenerEndpointContainer#1-1] c.z.m.InventoryMapper.selectWithCursor   : <==      Total: 1
23:10:33:040 DEBUG 43472 --- [warehouse] [org.springframework.amqp.rabbit.RabbitListenerEndpointContainer#1-1] com.zh.mapper.OrdersMapper.updateById    : ==>  Preparing: UPDATE orders SET order_no=?, type=?, status=?, total_quantity=?, operator_id=?, operator_name=?, remark=?, created_at=?, confirmed_at=? WHERE id=?
23:10:33:043 DEBUG 43472 --- [warehouse] [org.springframework.amqp.rabbit.RabbitListenerEndpointContainer#1-1] com.zh.mapper.OrdersMapper.updateById    : ==> Parameters: IN202608040004(String), INBOUND(String), COMPLETED(String), 1000(Integer), 1(Long), 管理员(String), 人(String), 2026-08-04T23:10:25(LocalDateTime), 2026-08-04T23:10:33.038220900(LocalDateTime), 12(Long)
23:10:33:049 DEBUG 43472 --- [warehouse] [org.springframework.amqp.rabbit.RabbitListenerEndpointContainer#1-1] com.zh.mapper.OrdersMapper.updateById    : <==    Updates: 1
23:10:33:050  INFO 43472 --- [warehouse] [org.springframework.amqp.rabbit.RabbitListenerEndpointContainer#1-1] c.z.s.impl.OrderConfirmServiceImpl       : 入库确认处理完成, orderId=12
23:10:33:104 DEBUG 43472 --- [warehouse] [http-nio-8000-exec-6] com.zh.mapper.OrdersMapper.selectList    : ==>  Preparing: SELECT id,order_no,type,status,total_quantity,operator_id,operator_name,remark,created_at,confirmed_at FROM orders ORDER BY created_at DESC
23:10:33:114 DEBUG 43472 --- [warehouse] [http-nio-8000-exec-6] com.zh.mapper.OrdersMapper.selectList    : ==> Parameters: 
23:10:33:118 DEBUG 43472 --- [warehouse] [http-nio-8000-exec-6] com.zh.mapper.OrdersMapper.selectList    : <==      Total: 12
23:10:33:123 DEBUG 43472 --- [warehouse] [http-nio-8000-exec-6] c.zh.mapper.OrderItemMapper.selectList   : ==>  Preparing: SELECT id,order_id,product_id,product_name,quantity FROM order_item WHERE (order_id IN (?,?,?,?,?,?,?,?,?,?,?,?))
23:10:33:125 DEBUG 43472 --- [warehouse] [http-nio-8000-exec-6] c.zh.mapper.OrderItemMapper.selectList   : ==> Parameters: 12(Long), 11(Long), 10(Long), 9(Long), 8(Long), 7(Long), 6(Long), 5(Long), 4(Long), 2(Long), 3(Long), 1(Long)
23:10:33:128 DEBUG 43472 --- [warehouse] [http-nio-8000-exec-6] c.zh.mapper.OrderItemMapper.selectList   : <==      Total: 15
23:10:33:453 DEBUG 43472 --- [warehouse] [http-nio-8000-exec-7] com.zh.mapper.OrdersMapper.selectList    : ==>  Preparing: SELECT id,order_no,type,status,total_quantity,operator_id,operator_name,remark,created_at,confirmed_at FROM orders ORDER BY created_at DESC
23:10:33:455 DEBUG 43472 --- [warehouse] [http-nio-8000-exec-7] com.zh.mapper.OrdersMapper.selectList    : ==> Parameters: 
23:10:33:459 DEBUG 43472 --- [warehouse] [http-nio-8000-exec-7] com.zh.mapper.OrdersMapper.selectList    : <==      Total: 12
23:10:33:463 DEBUG 43472 --- [warehouse] [http-nio-8000-exec-7] c.zh.mapper.OrderItemMapper.selectList   : ==>  Preparing: SELECT id,order_id,product_id,product_name,quantity FROM order_item WHERE (order_id IN (?,?,?,?,?,?,?,?,?,?,?,?))
23:10:33:464 DEBUG 43472 --- [warehouse] [http-nio-8000-exec-7] c.zh.mapper.OrderItemMapper.selectList   : ==> Parameters: 12(Long), 11(Long), 10(Long), 9(Long), 8(Long), 7(Long), 6(Long), 5(Long), 4(Long), 2(Long), 3(Long), 1(Long)
23:10:33:467 DEBUG 43472 --- [warehouse] [http-nio-8000-exec-7] c.zh.mapper.OrderItemMapper.selectList   : <==      Total: 15
23:10:34:938 DEBUG 43472 --- [warehouse] [http-nio-8000-exec-8] com.zh.mapper.ProductMapper.selectList   : ==>  Preparing: SELECT id,sku,name,category,unit,price,low_stock_threshold,created_at,updated_at FROM product
23:10:34:940 DEBUG 43472 --- [warehouse] [http-nio-8000-exec-8] com.zh.mapper.ProductMapper.selectList   : ==> Parameters: 
23:10:34:943 DEBUG 43472 --- [warehouse] [http-nio-8000-exec-8] com.zh.mapper.ProductMapper.selectList   : <==      Total: 11
23:10:34:968 DEBUG 43472 --- [warehouse] [http-nio-8000-exec-8] c.zh.mapper.InventoryMapper.selectList   : ==>  Preparing: SELECT id,product_id,quantity,reserved_quantity,version,updated_at FROM inventory WHERE (product_id IN (?,?))
23:10:34:970 DEBUG 43472 --- [warehouse] [http-nio-8000-exec-8] c.zh.mapper.InventoryMapper.selectList   : ==> Parameters: 1(Long), 11(Long)
23:10:34:973 DEBUG 43472 --- [warehouse] [http-nio-8000-exec-8] c.zh.mapper.InventoryMapper.selectList   : <==      Total: 1
23:10:36:861 DEBUG 43472 --- [warehouse] [http-nio-8000-exec-9] com.zh.mapper.OrdersMapper.selectList    : ==>  Preparing: SELECT id,order_no,type,status,total_quantity,operator_id,operator_name,remark,created_at,confirmed_at FROM orders ORDER BY created_at DESC
23:10:36:862 DEBUG 43472 --- [warehouse] [http-nio-8000-exec-9] com.zh.mapper.OrdersMapper.selectList    : ==> Parameters: 
23:10:36:864 DEBUG 43472 --- [warehouse] [http-nio-8000-exec-9] com.zh.mapper.OrdersMapper.selectList    : <==      Total: 12
23:10:36:867 DEBUG 43472 --- [warehouse] [http-nio-8000-exec-9] c.zh.mapper.OrderItemMapper.selectList   : ==>  Preparing: SELECT id,order_id,product_id,product_name,quantity FROM order_item WHERE (order_id IN (?,?,?,?,?,?,?,?,?,?,?,?))
23:10:36:868 DEBUG 43472 --- [warehouse] [http-nio-8000-exec-9] c.zh.mapper.OrderItemMapper.selectList   : ==> Parameters: 12(Long), 11(Long), 10(Long), 9(Long), 8(Long), 7(Long), 6(Long), 5(Long), 4(Long), 2(Long), 3(Long), 1(Long)
23:10:36:872 DEBUG 43472 --- [warehouse] [http-nio-8000-exec-9] c.zh.mapper.OrderItemMapper.selectList   : <==      Total: 15
23:10:38:521 DEBUG 43472 --- [warehouse] [http-nio-8000-exec-10] c.z.m.ProductMapper.selectList_mpCount   : ==>  Preparing: SELECT COUNT(*) AS total FROM product
23:10:38:522 DEBUG 43472 --- [warehouse] [http-nio-8000-exec-10] c.z.m.ProductMapper.selectList_mpCount   : ==> Parameters: 
23:10:38:524 DEBUG 43472 --- [warehouse] [http-nio-8000-exec-10] c.z.m.ProductMapper.selectList_mpCount   : <==      Total: 1
23:10:38:525 DEBUG 43472 --- [warehouse] [http-nio-8000-exec-10] com.zh.mapper.ProductMapper.selectList   : ==>  Preparing: SELECT id,sku,name,category,unit,price,low_stock_threshold,created_at,updated_at FROM product ORDER BY id ASC LIMIT ?
23:10:38:526 DEBUG 43472 --- [warehouse] [http-nio-8000-exec-10] com.zh.mapper.ProductMapper.selectList   : ==> Parameters: 100(Long)
23:10:38:528 DEBUG 43472 --- [warehouse] [http-nio-8000-exec-10] com.zh.mapper.ProductMapper.selectList   : <==      Total: 11
23:10:45:613 DEBUG 43472 --- [warehouse] [http-nio-8000-exec-1] c.zh.mapper.ProductMapper.selectByIds    : ==>  Preparing: SELECT id,sku,name,category,unit,price,low_stock_threshold,created_at,updated_at FROM product WHERE id IN ( ? )
23:10:45:614 DEBUG 43472 --- [warehouse] [http-nio-8000-exec-1] c.zh.mapper.ProductMapper.selectByIds    : ==> Parameters: 1(Long)
23:10:45:615 DEBUG 43472 --- [warehouse] [http-nio-8000-exec-1] c.zh.mapper.ProductMapper.selectByIds    : <==      Total: 1
23:10:45:619 DEBUG 43472 --- [warehouse] [http-nio-8000-exec-1] com.zh.mapper.InventoryMapper.update     : ==>  Preparing: UPDATE inventory SET reserved_quantity = reserved_quantity + ?,updated_at=? WHERE (product_id = ? AND quantity - reserved_quantity >= ?)
23:10:45:621 DEBUG 43472 --- [warehouse] [http-nio-8000-exec-1] com.zh.mapper.InventoryMapper.update     : ==> Parameters: 1000(Integer), 2026-08-04T23:10:45.617267300(LocalDateTime), 1(Long), 1000(Integer)
23:10:45:625 DEBUG 43472 --- [warehouse] [http-nio-8000-exec-1] com.zh.mapper.InventoryMapper.update     : <==    Updates: 1
23:10:45:627 DEBUG 43472 --- [warehouse] [http-nio-8000-exec-1] com.zh.mapper.OrdersMapper.selectCount   : ==>  Preparing: SELECT COUNT( * ) AS total FROM orders WHERE (order_no LIKE ?)
23:10:45:628 DEBUG 43472 --- [warehouse] [http-nio-8000-exec-1] com.zh.mapper.OrdersMapper.selectCount   : ==> Parameters: OUT20260804%(String)
23:10:45:630 DEBUG 43472 --- [warehouse] [http-nio-8000-exec-1] com.zh.mapper.OrdersMapper.selectCount   : <==      Total: 1
23:10:45:631 DEBUG 43472 --- [warehouse] [http-nio-8000-exec-1] com.zh.mapper.OrdersMapper.insert        : ==>  Preparing: INSERT INTO orders ( order_no, type, status, total_quantity, operator_id, operator_name, remark, created_at ) VALUES ( ?, ?, ?, ?, ?, ?, ?, ? )
23:10:45:632 DEBUG 43472 --- [warehouse] [http-nio-8000-exec-1] com.zh.mapper.OrdersMapper.insert        : ==> Parameters: OUT202608040003(String), OUTBOUND(String), RESERVED(String), 1000(Integer), 1(Long), 管理员(String), 1(String), 2026-08-04T23:10:45.631040500(LocalDateTime)
23:10:45:635 DEBUG 43472 --- [warehouse] [http-nio-8000-exec-1] com.zh.mapper.OrdersMapper.insert        : <==    Updates: 1
23:10:45:637 DEBUG 43472 --- [warehouse] [http-nio-8000-exec-1] com.zh.mapper.OrderItemMapper.insert     : ==>  Preparing: INSERT INTO order_item ( order_id, product_id, product_name, quantity ) VALUES ( ?, ?, ?, ? )
23:10:45:638 DEBUG 43472 --- [warehouse] [http-nio-8000-exec-1] com.zh.mapper.OrderItemMapper.insert     : ==> Parameters: 13(Long), 1(Long), 一次性口罩(String), 1000(Integer)
23:10:45:985 DEBUG 43472 --- [warehouse] [http-nio-8000-exec-2] com.zh.mapper.OrdersMapper.selectList    : ==>  Preparing: SELECT id,order_no,type,status,total_quantity,operator_id,operator_name,remark,created_at,confirmed_at FROM orders ORDER BY created_at DESC
23:10:45:987 DEBUG 43472 --- [warehouse] [http-nio-8000-exec-2] com.zh.mapper.OrdersMapper.selectList    : ==> Parameters: 
23:10:45:991 DEBUG 43472 --- [warehouse] [http-nio-8000-exec-2] com.zh.mapper.OrdersMapper.selectList    : <==      Total: 13
23:10:45:995 DEBUG 43472 --- [warehouse] [http-nio-8000-exec-2] c.zh.mapper.OrderItemMapper.selectList   : ==>  Preparing: SELECT id,order_id,product_id,product_name,quantity FROM order_item WHERE (order_id IN (?,?,?,?,?,?,?,?,?,?,?,?,?))
23:10:45:998 DEBUG 43472 --- [warehouse] [http-nio-8000-exec-2] c.zh.mapper.OrderItemMapper.selectList   : ==> Parameters: 13(Long), 12(Long), 11(Long), 10(Long), 9(Long), 8(Long), 7(Long), 6(Long), 5(Long), 4(Long), 2(Long), 3(Long), 1(Long)
23:10:46:006 DEBUG 43472 --- [warehouse] [http-nio-8000-exec-2] c.zh.mapper.OrderItemMapper.selectList   : <==      Total: 16
23:10:46:562 DEBUG 43472 --- [warehouse] [http-nio-8000-exec-3] com.zh.mapper.ProductMapper.selectList   : ==>  Preparing: SELECT id,sku,name,category,unit,price,low_stock_threshold,created_at,updated_at FROM product
23:10:46:563 DEBUG 43472 --- [warehouse] [http-nio-8000-exec-3] com.zh.mapper.ProductMapper.selectList   : ==> Parameters: 
23:10:46:567 DEBUG 43472 --- [warehouse] [http-nio-8000-exec-3] com.zh.mapper.ProductMapper.selectList   : <==      Total: 11
23:10:46:584 DEBUG 43472 --- [warehouse] [http-nio-8000-exec-3] c.zh.mapper.InventoryMapper.selectList   : ==>  Preparing: SELECT id,product_id,quantity,reserved_quantity,version,updated_at FROM inventory WHERE (product_id IN (?,?,?,?,?,?,?,?,?,?))
23:10:46:586 DEBUG 43472 --- [warehouse] [http-nio-8000-exec-3] c.zh.mapper.InventoryMapper.selectList   : ==> Parameters: 2(Long), 3(Long), 4(Long), 5(Long), 6(Long), 7(Long), 8(Long), 9(Long), 10(Long), 11(Long)
23:10:46:589 DEBUG 43472 --- [warehouse] [http-nio-8000-exec-3] c.zh.mapper.InventoryMapper.selectList   : <==      Total: 9
23:10:49:043 DEBUG 43472 --- [warehouse] [http-nio-8000-exec-5] com.zh.mapper.OrdersMapper.selectList    : ==>  Preparing: SELECT id,order_no,type,status,total_quantity,operator_id,operator_name,remark,created_at,confirmed_at FROM orders ORDER BY created_at DESC
23:10:49:045 DEBUG 43472 --- [warehouse] [http-nio-8000-exec-5] com.zh.mapper.OrdersMapper.selectList    : ==> Parameters: 
23:10:49:051 DEBUG 43472 --- [warehouse] [http-nio-8000-exec-5] com.zh.mapper.OrdersMapper.selectList    : <==      Total: 13
23:10:49:055 DEBUG 43472 --- [warehouse] [http-nio-8000-exec-5] c.zh.mapper.OrderItemMapper.selectList   : ==>  Preparing: SELECT id,order_id,product_id,product_name,quantity FROM order_item WHERE (order_id IN (?,?,?,?,?,?,?,?,?,?,?,?,?))
23:10:49:057 DEBUG 43472 --- [warehouse] [http-nio-8000-exec-5] c.zh.mapper.OrderItemMapper.selectList   : ==> Parameters: 13(Long), 12(Long), 11(Long), 10(Long), 9(Long), 8(Long), 7(Long), 6(Long), 5(Long), 4(Long), 2(Long), 3(Long), 1(Long)
23:10:49:063 DEBUG 43472 --- [warehouse] [http-nio-8000-exec-5] c.zh.mapper.OrderItemMapper.selectList   : <==      Total: 16
23:10:50:153 DEBUG 43472 --- [warehouse] [http-nio-8000-exec-4] com.zh.mapper.ProductMapper.selectList   : ==>  Preparing: SELECT id,sku,name,category,unit,price,low_stock_threshold,created_at,updated_at FROM product
23:10:50:153 DEBUG 43472 --- [warehouse] [http-nio-8000-exec-4] com.zh.mapper.ProductMapper.selectList   : ==> Parameters: 
23:10:50:157 DEBUG 43472 --- [warehouse] [http-nio-8000-exec-4] com.zh.mapper.ProductMapper.selectList   : <==      Total: 11
23:10:50:178 DEBUG 43472 --- [warehouse] [http-nio-8000-exec-4] c.zh.mapper.InventoryMapper.selectList   : ==>  Preparing: SELECT id,product_id,quantity,reserved_quantity,version,updated_at FROM inventory WHERE (product_id IN (?))
23:10:50:179 DEBUG 43472 --- [warehouse] [http-nio-8000-exec-4] c.zh.mapper.InventoryMapper.selectList   : ==> Parameters: 11(Long)
23:10:50:181 DEBUG 43472 --- [warehouse] [http-nio-8000-exec-4] c.zh.mapper.InventoryMapper.selectList   : <==      Total: 0
23:10:51:964 DEBUG 43472 --- [warehouse] [http-nio-8000-exec-6] com.zh.mapper.OrdersMapper.selectList    : ==>  Preparing: SELECT id,order_no,type,status,total_quantity,operator_id,operator_name,remark,created_at,confirmed_at FROM orders ORDER BY created_at DESC
23:10:51:966 DEBUG 43472 --- [warehouse] [http-nio-8000-exec-6] com.zh.mapper.OrdersMapper.selectList    : ==> Parameters: 
23:10:51:969 DEBUG 43472 --- [warehouse] [http-nio-8000-exec-6] com.zh.mapper.OrdersMapper.selectList    : <==      Total: 13
23:10:51:973 DEBUG 43472 --- [warehouse] [http-nio-8000-exec-6] c.zh.mapper.OrderItemMapper.selectList   : ==>  Preparing: SELECT id,order_id,product_id,product_name,quantity FROM order_item WHERE (order_id IN (?,?,?,?,?,?,?,?,?,?,?,?,?))
23:10:51:974 DEBUG 43472 --- [warehouse] [http-nio-8000-exec-6] c.zh.mapper.OrderItemMapper.selectList   : ==> Parameters: 13(Long), 12(Long), 11(Long), 10(Long), 9(Long), 8(Long), 7(Long), 6(Long), 5(Long), 4(Long), 2(Long), 3(Long), 1(Long)
23:10:51:980 DEBUG 43472 --- [warehouse] [http-nio-8000-exec-6] c.zh.mapper.OrderItemMapper.selectList   : <==      Total: 16
23:10:55:712 DEBUG 43472 --- [warehouse] [http-nio-8000-exec-7] com.zh.mapper.ProductMapper.selectList   : ==>  Preparing: SELECT id,sku,name,category,unit,price,low_stock_threshold,created_at,updated_at FROM product
23:10:55:713 DEBUG 43472 --- [warehouse] [http-nio-8000-exec-7] com.zh.mapper.ProductMapper.selectList   : ==> Parameters: 
23:10:55:714 DEBUG 43472 --- [warehouse] [http-nio-8000-exec-7] com.zh.mapper.ProductMapper.selectList   : <==      Total: 11
23:10:55:734 DEBUG 43472 --- [warehouse] [http-nio-8000-exec-7] c.zh.mapper.InventoryMapper.selectList   : ==>  Preparing: SELECT id,product_id,quantity,reserved_quantity,version,updated_at FROM inventory WHERE (product_id IN (?))
23:10:55:736 DEBUG 43472 --- [warehouse] [http-nio-8000-exec-7] c.zh.mapper.InventoryMapper.selectList   : ==> Parameters: 11(Long)
23:10:55:737 DEBUG 43472 --- [warehouse] [http-nio-8000-exec-7] c.zh.mapper.InventoryMapper.selectList   : <==      Total: 0
23:11:01:786 DEBUG 43472 --- [warehouse] [http-nio-8000-exec-8] com.zh.mapper.ProductMapper.selectList   : ==>  Preparing: SELECT id,sku,name,category,unit,price,low_stock_threshold,created_at,updated_at FROM product
23:11:01:788 DEBUG 43472 --- [warehouse] [http-nio-8000-exec-8] com.zh.mapper.ProductMapper.selectList   : ==> Parameters: 
23:11:01:792 DEBUG 43472 --- [warehouse] [http-nio-8000-exec-8] com.zh.mapper.ProductMapper.selectList   : <==      Total: 11
23:11:01:825 DEBUG 43472 --- [warehouse] [http-nio-8000-exec-8] c.zh.mapper.InventoryMapper.selectList   : ==>  Preparing: SELECT id,product_id,quantity,reserved_quantity,version,updated_at FROM inventory WHERE (product_id IN (?))
23:11:01:826 DEBUG 43472 --- [warehouse] [http-nio-8000-exec-8] c.zh.mapper.InventoryMapper.selectList   : ==> Parameters: 11(Long)
23:11:01:827 DEBUG 43472 --- [warehouse] [http-nio-8000-exec-8] c.zh.mapper.InventoryMapper.selectList   : <==      Total: 0
23:11:04:017 DEBUG 43472 --- [warehouse] [http-nio-8000-exec-9] com.zh.mapper.OrdersMapper.selectList    : ==>  Preparing: SELECT id,order_no,type,status,total_quantity,operator_id,operator_name,remark,created_at,confirmed_at FROM orders ORDER BY created_at DESC
23:11:04:018 DEBUG 43472 --- [warehouse] [http-nio-8000-exec-9] com.zh.mapper.OrdersMapper.selectList    : ==> Parameters: 
23:11:04:022 DEBUG 43472 --- [warehouse] [http-nio-8000-exec-9] com.zh.mapper.OrdersMapper.selectList    : <==      Total: 13
23:11:04:025 DEBUG 43472 --- [warehouse] [http-nio-8000-exec-9] c.zh.mapper.OrderItemMapper.selectList   : ==>  Preparing: SELECT id,order_id,product_id,product_name,quantity FROM order_item WHERE (order_id IN (?,?,?,?,?,?,?,?,?,?,?,?,?))
23:11:04:026 DEBUG 43472 --- [warehouse] [http-nio-8000-exec-9] c.zh.mapper.OrderItemMapper.selectList   : ==> Parameters: 13(Long), 12(Long), 11(Long), 10(Long), 9(Long), 8(Long), 7(Long), 6(Long), 5(Long), 4(Long), 2(Long), 3(Long), 1(Long)
23:11:04:030 DEBUG 43472 --- [warehouse] [http-nio-8000-exec-9] c.zh.mapper.OrderItemMapper.selectList   : <==      Total: 16
23:11:05:046 DEBUG 43472 --- [warehouse] [http-nio-8000-exec-10] com.zh.mapper.OrdersMapper.selectById    : ==>  Preparing: SELECT id,order_no,type,status,total_quantity,operator_id,operator_name,remark,created_at,confirmed_at FROM orders WHERE id=?
23:11:05:047 DEBUG 43472 --- [warehouse] [http-nio-8000-exec-10] com.zh.mapper.OrdersMapper.selectById    : ==> Parameters: 13(Long)
23:11:05:050 DEBUG 43472 --- [warehouse] [http-nio-8000-exec-10] com.zh.mapper.OrdersMapper.selectById    : <==      Total: 1
23:11:05:051 DEBUG 43472 --- [warehouse] [http-nio-8000-exec-10] com.zh.mapper.OrdersMapper.updateById    : ==>  Preparing: UPDATE orders SET order_no=?, type=?, status=?, total_quantity=?, operator_id=?, operator_name=?, remark=?, created_at=? WHERE id=?
23:11:05:055 DEBUG 43472 --- [warehouse] [http-nio-8000-exec-10] com.zh.mapper.OrdersMapper.updateById    : ==> Parameters: OUT202608040003(String), OUTBOUND(String), CONFIRMING(String), 1000(Integer), 1(Long), 管理员(String), 1(String), 2026-08-04T23:10:46(LocalDateTime), 13(Long)
23:11:05:057 DEBUG 43472 --- [warehouse] [http-nio-8000-exec-10] com.zh.mapper.OrdersMapper.updateById    : <==    Updates: 1
23:11:05:074 DEBUG 43472 --- [warehouse] [org.springframework.amqp.rabbit.RabbitListenerEndpointContainer#2-1] com.zh.mapper.OrdersMapper.selectById    : ==>  Preparing: SELECT id,order_no,type,status,total_quantity,operator_id,operator_name,remark,created_at,confirmed_at FROM orders WHERE id=?
23:11:05:077 DEBUG 43472 --- [warehouse] [org.springframework.amqp.rabbit.RabbitListenerEndpointContainer#2-1] com.zh.mapper.OrdersMapper.selectById    : ==> Parameters: 13(Long)
23:11:05:079 DEBUG 43472 --- [warehouse] [org.springframework.amqp.rabbit.RabbitListenerEndpointContainer#2-1] com.zh.mapper.OrdersMapper.selectById    : <==      Total: 1
23:11:05:081 DEBUG 43472 --- [warehouse] [org.springframework.amqp.rabbit.RabbitListenerEndpointContainer#2-1] c.z.m.InventoryLogMapper.selectCount     : ==>  Preparing: SELECT COUNT( * ) AS total FROM inventory_log WHERE (order_id = ?)
23:11:05:082 DEBUG 43472 --- [warehouse] [org.springframework.amqp.rabbit.RabbitListenerEndpointContainer#2-1] c.z.m.InventoryLogMapper.selectCount     : ==> Parameters: 13(Long)
23:11:05:084 DEBUG 43472 --- [warehouse] [org.springframework.amqp.rabbit.RabbitListenerEndpointContainer#2-1] c.z.m.InventoryLogMapper.selectCount     : <==      Total: 1
23:11:05:087 DEBUG 43472 --- [warehouse] [org.springframework.amqp.rabbit.RabbitListenerEndpointContainer#2-1] c.zh.mapper.OrderItemMapper.selectList   : ==>  Preparing: SELECT id,order_id,product_id,product_name,quantity FROM order_item WHERE (order_id = ?)
23:11:05:088 DEBUG 43472 --- [warehouse] [org.springframework.amqp.rabbit.RabbitListenerEndpointContainer#2-1] c.zh.mapper.OrderItemMapper.selectList   : ==> Parameters: 13(Long)
23:11:05:092 DEBUG 43472 --- [warehouse] [org.springframework.amqp.rabbit.RabbitListenerEndpointContainer#2-1] c.zh.mapper.OrderItemMapper.selectList   : <==      Total: 1
23:11:05:096 DEBUG 43472 --- [warehouse] [org.springframework.amqp.rabbit.RabbitListenerEndpointContainer#2-1] c.z.m.InventoryMapper.selectWithCursor   : ==>  Preparing: SELECT id,product_id,quantity,reserved_quantity,version,updated_at FROM inventory WHERE (product_id = ?)
23:11:05:098 DEBUG 43472 --- [warehouse] [org.springframework.amqp.rabbit.RabbitListenerEndpointContainer#2-1] c.z.m.InventoryMapper.selectWithCursor   : ==> Parameters: 1(Long)
23:11:05:100 DEBUG 43472 --- [warehouse] [org.springframework.amqp.rabbit.RabbitListenerEndpointContainer#2-1] c.z.m.InventoryMapper.selectWithCursor   : <==      Total: 1
23:11:05:106 DEBUG 43472 --- [warehouse] [org.springframework.amqp.rabbit.RabbitListenerEndpointContainer#2-1] com.zh.mapper.InventoryMapper.update     : ==>  Preparing: UPDATE inventory SET quantity = quantity - ?,reserved_quantity = reserved_quantity - ?,updated_at=? WHERE (product_id = ? AND quantity >= ? AND reserved_quantity >= ?)
23:11:05:107 DEBUG 43472 --- [warehouse] [org.springframework.amqp.rabbit.RabbitListenerEndpointContainer#2-1] com.zh.mapper.InventoryMapper.update     : ==> Parameters: 1000(Integer), 1000(Integer), 2026-08-04T23:11:05.104387600(LocalDateTime), 1(Long), 1000(Integer), 1000(Integer)
23:11:05:111 DEBUG 43472 --- [warehouse] [org.springframework.amqp.rabbit.RabbitListenerEndpointContainer#2-1] com.zh.mapper.InventoryMapper.update     : <==    Updates: 1
23:11:05:115 DEBUG 43472 --- [warehouse] [org.springframework.amqp.rabbit.RabbitListenerEndpointContainer#2-1] c.z.m.InventoryMapper.selectWithCursor   : ==>  Preparing: SELECT id,product_id,quantity,reserved_quantity,version,updated_at FROM inventory WHERE (product_id = ?)
23:11:05:115 DEBUG 43472 --- [warehouse] [org.springframework.amqp.rabbit.RabbitListenerEndpointContainer#2-1] c.z.m.InventoryMapper.selectWithCursor   : ==> Parameters: 1(Long)
23:11:05:117 DEBUG 43472 --- [warehouse] [org.springframework.amqp.rabbit.RabbitListenerEndpointContainer#2-1] c.z.m.InventoryMapper.selectWithCursor   : <==      Total: 1
23:11:05:120 DEBUG 43472 --- [warehouse] [org.springframework.amqp.rabbit.RabbitListenerEndpointContainer#2-1] c.zh.mapper.InventoryLogMapper.insert    : ==>  Preparing: INSERT INTO inventory_log ( product_id, change_type, change_quantity, before_quantity, after_quantity, order_id, created_at ) VALUES ( ?, ?, ?, ?, ?, ?, ? )
23:11:05:121 DEBUG 43472 --- [warehouse] [org.springframework.amqp.rabbit.RabbitListenerEndpointContainer#2-1] c.zh.mapper.InventoryLogMapper.insert    : ==> Parameters: 1(Long), OUTBOUND(String), -1000(Integer), 1194(Integer), 194(Integer), 13(Long), 2026-08-04T23:11:05.118830700(LocalDateTime)
23:11:05:127 DEBUG 43472 --- [warehouse] [org.springframework.amqp.rabbit.RabbitListenerEndpointContainer#2-1] c.zh.mapper.InventoryLogMapper.insert    : <==    Updates: 1
23:11:05:131 DEBUG 43472 --- [warehouse] [org.springframework.amqp.rabbit.RabbitListenerEndpointContainer#2-1] com.zh.mapper.ProductMapper.selectById   : ==>  Preparing: SELECT id,sku,name,category,unit,price,low_stock_threshold,created_at,updated_at FROM product WHERE id=?
23:11:05:132 DEBUG 43472 --- [warehouse] [org.springframework.amqp.rabbit.RabbitListenerEndpointContainer#2-1] com.zh.mapper.ProductMapper.selectById   : ==> Parameters: 1(Long)
23:11:05:134 DEBUG 43472 --- [warehouse] [org.springframework.amqp.rabbit.RabbitListenerEndpointContainer#2-1] com.zh.mapper.ProductMapper.selectById   : <==      Total: 1
23:11:05:138 DEBUG 43472 --- [warehouse] [org.springframework.amqp.rabbit.RabbitListenerEndpointContainer#2-1] c.z.m.InventoryMapper.selectWithCursor   : ==>  Preparing: SELECT id,product_id,quantity,reserved_quantity,version,updated_at FROM inventory WHERE (product_id = ?)
23:11:05:139 DEBUG 43472 --- [warehouse] [org.springframework.amqp.rabbit.RabbitListenerEndpointContainer#2-1] c.z.m.InventoryMapper.selectWithCursor   : ==> Parameters: 1(Long)
23:11:05:142 DEBUG 43472 --- [warehouse] [org.springframework.amqp.rabbit.RabbitListenerEndpointContainer#2-1] c.z.m.InventoryMapper.selectWithCursor   : <==      Total: 1
23:11:05:144 DEBUG 43472 --- [warehouse] [org.springframework.amqp.rabbit.RabbitListenerEndpointContainer#2-1] com.zh.mapper.OrdersMapper.updateById    : ==>  Preparing: UPDATE orders SET order_no=?, type=?, status=?, total_quantity=?, operator_id=?, operator_name=?, remark=?, created_at=?, confirmed_at=? WHERE id=?
23:11:05:146 DEBUG 43472 --- [warehouse] [org.springframework.amqp.rabbit.RabbitListenerEndpointContainer#2-1] com.zh.mapper.OrdersMapper.updateById    : ==> Parameters: OUT202608040003(String), OUTBOUND(String), COMPLETED(String), 1000(Integer), 1(Long), 管理员(String), 1(String), 2026-08-04T23:10:46(LocalDateTime), 2026-08-04T23:11:05.143261800(LocalDateTime), 13(Long)
23:11:05:150 DEBUG 43472 --- [warehouse] [org.springframework.amqp.rabbit.RabbitListenerEndpointContainer#2-1] com.zh.mapper.OrdersMapper.updateById    : <==    Updates: 1
23:11:05:150  INFO 43472 --- [warehouse] [org.springframework.amqp.rabbit.RabbitListenerEndpointContainer#2-1] c.z.s.impl.OrderConfirmServiceImpl       : 出库确认处理完成, orderId=13
23:11:05:393 DEBUG 43472 --- [warehouse] [http-nio-8000-exec-1] com.zh.mapper.OrdersMapper.selectList    : ==>  Preparing: SELECT id,order_no,type,status,total_quantity,operator_id,operator_name,remark,created_at,confirmed_at FROM orders ORDER BY created_at DESC
23:11:05:394 DEBUG 43472 --- [warehouse] [http-nio-8000-exec-1] com.zh.mapper.OrdersMapper.selectList    : ==> Parameters: 
23:11:05:398 DEBUG 43472 --- [warehouse] [http-nio-8000-exec-1] com.zh.mapper.OrdersMapper.selectList    : <==      Total: 13
23:11:05:401 DEBUG 43472 --- [warehouse] [http-nio-8000-exec-1] c.zh.mapper.OrderItemMapper.selectList   : ==>  Preparing: SELECT id,order_id,product_id,product_name,quantity FROM order_item WHERE (order_id IN (?,?,?,?,?,?,?,?,?,?,?,?,?))
23:11:05:403 DEBUG 43472 --- [warehouse] [http-nio-8000-exec-1] c.zh.mapper.OrderItemMapper.selectList   : ==> Parameters: 13(Long), 12(Long), 11(Long), 10(Long), 9(Long), 8(Long), 7(Long), 6(Long), 5(Long), 4(Long), 2(Long), 3(Long), 1(Long)
23:11:05:407 DEBUG 43472 --- [warehouse] [http-nio-8000-exec-1] c.zh.mapper.OrderItemMapper.selectList   : <==      Total: 16
23:11:05:655 DEBUG 43472 --- [warehouse] [http-nio-8000-exec-2] com.zh.mapper.OrdersMapper.selectList    : ==>  Preparing: SELECT id,order_no,type,status,total_quantity,operator_id,operator_name,remark,created_at,confirmed_at FROM orders ORDER BY created_at DESC
23:11:05:656 DEBUG 43472 --- [warehouse] [http-nio-8000-exec-2] com.zh.mapper.OrdersMapper.selectList    : ==> Parameters: 
23:11:05:659 DEBUG 43472 --- [warehouse] [http-nio-8000-exec-2] com.zh.mapper.OrdersMapper.selectList    : <==      Total: 13
23:11:05:661 DEBUG 43472 --- [warehouse] [http-nio-8000-exec-2] c.zh.mapper.OrderItemMapper.selectList   : ==>  Preparing: SELECT id,order_id,product_id,product_name,quantity FROM order_item WHERE (order_id IN (?,?,?,?,?,?,?,?,?,?,?,?,?))
23:11:05:662 DEBUG 43472 --- [warehouse] [http-nio-8000-exec-2] c.zh.mapper.OrderItemMapper.selectList   : ==> Parameters: 13(Long), 12(Long), 11(Long), 10(Long), 9(Long), 8(Long), 7(Long), 6(Long), 5(Long), 4(Long), 2(Long), 3(Long), 1(Long)
23:11:05:665 DEBUG 43472 --- [warehouse] [http-nio-8000-exec-2] c.zh.mapper.OrderItemMapper.selectList   : <==      Total: 16
23:11:07:426 DEBUG 43472 --- [warehouse] [http-nio-8000-exec-3] com.zh.mapper.ProductMapper.selectList   : ==>  Preparing: SELECT id,sku,name,category,unit,price,low_stock_threshold,created_at,updated_at FROM product
23:11:07:427 DEBUG 43472 --- [warehouse] [http-nio-8000-exec-3] com.zh.mapper.ProductMapper.selectList   : ==> Parameters: 
23:11:07:430 DEBUG 43472 --- [warehouse] [http-nio-8000-exec-3] com.zh.mapper.ProductMapper.selectList   : <==      Total: 11
23:11:07:450 DEBUG 43472 --- [warehouse] [http-nio-8000-exec-3] c.zh.mapper.InventoryMapper.selectList   : ==>  Preparing: SELECT id,product_id,quantity,reserved_quantity,version,updated_at FROM inventory WHERE (product_id IN (?,?))
23:11:07:451 DEBUG 43472 --- [warehouse] [http-nio-8000-exec-3] c.zh.mapper.InventoryMapper.selectList   : ==> Parameters: 1(Long), 11(Long)
23:11:07:454 DEBUG 43472 --- [warehouse] [http-nio-8000-exec-3] c.zh.mapper.InventoryMapper.selectList   : <==      Total: 1
23:11:09:482 DEBUG 43472 --- [warehouse] [http-nio-8000-exec-5] com.zh.mapper.OrdersMapper.selectList    : ==>  Preparing: SELECT id,order_no,type,status,total_quantity,operator_id,operator_name,remark,created_at,confirmed_at FROM orders ORDER BY created_at DESC
23:11:09:483 DEBUG 43472 --- [warehouse] [http-nio-8000-exec-5] com.zh.mapper.OrdersMapper.selectList    : ==> Parameters: 
23:11:09:485 DEBUG 43472 --- [warehouse] [http-nio-8000-exec-5] com.zh.mapper.OrdersMapper.selectList    : <==      Total: 13
23:11:09:491 DEBUG 43472 --- [warehouse] [http-nio-8000-exec-5] c.zh.mapper.OrderItemMapper.selectList   : ==>  Preparing: SELECT id,order_id,product_id,product_name,quantity FROM order_item WHERE (order_id IN (?,?,?,?,?,?,?,?,?,?,?,?,?))
23:11:09:492 DEBUG 43472 --- [warehouse] [http-nio-8000-exec-5] c.zh.mapper.OrderItemMapper.selectList   : ==> Parameters: 13(Long), 12(Long), 11(Long), 10(Long), 9(Long), 8(Long), 7(Long), 6(Long), 5(Long), 4(Long), 2(Long), 3(Long), 1(Long)
23:11:09:496 DEBUG 43472 --- [warehouse] [http-nio-8000-exec-5] c.zh.mapper.OrderItemMapper.selectList   : <==      Total: 16
23:11:11:506 DEBUG 43472 --- [warehouse] [http-nio-8000-exec-4] c.z.m.ProductMapper.selectList_mpCount   : ==>  Preparing: SELECT COUNT(*) AS total FROM product
23:11:11:506 DEBUG 43472 --- [warehouse] [http-nio-8000-exec-4] c.z.m.ProductMapper.selectList_mpCount   : ==> Parameters: 
23:11:11:509 DEBUG 43472 --- [warehouse] [http-nio-8000-exec-4] c.z.m.ProductMapper.selectList_mpCount   : <==      Total: 1
23:11:11:510 DEBUG 43472 --- [warehouse] [http-nio-8000-exec-4] com.zh.mapper.ProductMapper.selectList   : ==>  Preparing: SELECT id,sku,name,category,unit,price,low_stock_threshold,created_at,updated_at FROM product ORDER BY id ASC LIMIT ?
23:11:11:512 DEBUG 43472 --- [warehouse] [http-nio-8000-exec-4] com.zh.mapper.ProductMapper.selectList   : ==> Parameters: 100(Long)
23:11:11:515 DEBUG 43472 --- [warehouse] [http-nio-8000-exec-4] com.zh.mapper.ProductMapper.selectList   : <==      Total: 11
23:11:17:638 DEBUG 43472 --- [warehouse] [http-nio-8000-exec-6] c.zh.mapper.ProductMapper.selectByIds    : ==>  Preparing: SELECT id,sku,name,category,unit,price,low_stock_threshold,created_at,updated_at FROM product WHERE id IN ( ? )
23:11:17:639 DEBUG 43472 --- [warehouse] [http-nio-8000-exec-6] c.zh.mapper.ProductMapper.selectByIds    : ==> Parameters: 2(Long)
23:11:17:642 DEBUG 43472 --- [warehouse] [http-nio-8000-exec-6] c.zh.mapper.ProductMapper.selectByIds    : <==      Total: 1
23:11:17:643 DEBUG 43472 --- [warehouse] [http-nio-8000-exec-6] com.zh.mapper.InventoryMapper.update     : ==>  Preparing: UPDATE inventory SET reserved_quantity = reserved_quantity + ?,updated_at=? WHERE (product_id = ? AND quantity - reserved_quantity >= ?)
23:11:17:646 DEBUG 43472 --- [warehouse] [http-nio-8000-exec-6] com.zh.mapper.InventoryMapper.update     : ==> Parameters: 100(Integer), 2026-08-04T23:11:17.642339600(LocalDateTime), 2(Long), 100(Integer)
23:11:17:650 DEBUG 43472 --- [warehouse] [http-nio-8000-exec-6] com.zh.mapper.InventoryMapper.update     : <==    Updates: 1
23:11:17:652 DEBUG 43472 --- [warehouse] [http-nio-8000-exec-6] com.zh.mapper.OrdersMapper.selectCount   : ==>  Preparing: SELECT COUNT( * ) AS total FROM orders WHERE (order_no LIKE ?)
23:11:17:653 DEBUG 43472 --- [warehouse] [http-nio-8000-exec-6] com.zh.mapper.OrdersMapper.selectCount   : ==> Parameters: OUT20260804%(String)
23:11:17:655 DEBUG 43472 --- [warehouse] [http-nio-8000-exec-6] com.zh.mapper.OrdersMapper.selectCount   : <==      Total: 1
23:11:17:657 DEBUG 43472 --- [warehouse] [http-nio-8000-exec-6] com.zh.mapper.OrdersMapper.insert        : ==>  Preparing: INSERT INTO orders ( order_no, type, status, total_quantity, operator_id, operator_name, remark, created_at ) VALUES ( ?, ?, ?, ?, ?, ?, ?, ? )
23:11:17:658 DEBUG 43472 --- [warehouse] [http-nio-8000-exec-6] com.zh.mapper.OrdersMapper.insert        : ==> Parameters: OUT202608040004(String), OUTBOUND(String), RESERVED(String), 100(Integer), 1(Long), 管理员(String), (String), 2026-08-04T23:11:17.657336(LocalDateTime)
23:11:17:663 DEBUG 43472 --- [warehouse] [http-nio-8000-exec-6] com.zh.mapper.OrdersMapper.insert        : <==    Updates: 1
23:11:17:664 DEBUG 43472 --- [warehouse] [http-nio-8000-exec-6] com.zh.mapper.OrderItemMapper.insert     : ==>  Preparing: INSERT INTO order_item ( order_id, product_id, product_name, quantity ) VALUES ( ?, ?, ?, ? )
23:11:17:665 DEBUG 43472 --- [warehouse] [http-nio-8000-exec-6] com.zh.mapper.OrderItemMapper.insert     : ==> Parameters: 14(Long), 2(Long), N95口罩(String), 100(Integer)
23:11:17:894 DEBUG 43472 --- [warehouse] [http-nio-8000-exec-7] com.zh.mapper.OrdersMapper.selectList    : ==>  Preparing: SELECT id,order_no,type,status,total_quantity,operator_id,operator_name,remark,created_at,confirmed_at FROM orders ORDER BY created_at DESC
23:11:17:895 DEBUG 43472 --- [warehouse] [http-nio-8000-exec-7] com.zh.mapper.OrdersMapper.selectList    : ==> Parameters: 
23:11:17:899 DEBUG 43472 --- [warehouse] [http-nio-8000-exec-7] com.zh.mapper.OrdersMapper.selectList    : <==      Total: 14
23:11:17:901 DEBUG 43472 --- [warehouse] [http-nio-8000-exec-7] c.zh.mapper.OrderItemMapper.selectList   : ==>  Preparing: SELECT id,order_id,product_id,product_name,quantity FROM order_item WHERE (order_id IN (?,?,?,?,?,?,?,?,?,?,?,?,?,?))
23:11:17:901 DEBUG 43472 --- [warehouse] [http-nio-8000-exec-7] c.zh.mapper.OrderItemMapper.selectList   : ==> Parameters: 14(Long), 13(Long), 12(Long), 11(Long), 10(Long), 9(Long), 8(Long), 7(Long), 6(Long), 5(Long), 4(Long), 2(Long), 3(Long), 1(Long)
23:11:17:906 DEBUG 43472 --- [warehouse] [http-nio-8000-exec-7] c.zh.mapper.OrderItemMapper.selectList   : <==      Total: 17
23:11:19:091 DEBUG 43472 --- [warehouse] [http-nio-8000-exec-8] com.zh.mapper.ProductMapper.selectList   : ==>  Preparing: SELECT id,sku,name,category,unit,price,low_stock_threshold,created_at,updated_at FROM product
23:11:19:092 DEBUG 43472 --- [warehouse] [http-nio-8000-exec-8] com.zh.mapper.ProductMapper.selectList   : ==> Parameters: 
23:11:19:096 DEBUG 43472 --- [warehouse] [http-nio-8000-exec-8] com.zh.mapper.ProductMapper.selectList   : <==      Total: 11
23:11:19:114 DEBUG 43472 --- [warehouse] [http-nio-8000-exec-8] c.zh.mapper.InventoryMapper.selectList   : ==>  Preparing: SELECT id,product_id,quantity,reserved_quantity,version,updated_at FROM inventory WHERE (product_id IN (?))
23:11:19:114 DEBUG 43472 --- [warehouse] [http-nio-8000-exec-8] c.zh.mapper.InventoryMapper.selectList   : ==> Parameters: 11(Long)
23:11:19:117 DEBUG 43472 --- [warehouse] [http-nio-8000-exec-8] c.zh.mapper.InventoryMapper.selectList   : <==      Total: 0
23:11:22:488 DEBUG 43472 --- [warehouse] [http-nio-8000-exec-9] com.zh.mapper.OrdersMapper.selectList    : ==>  Preparing: SELECT id,order_no,type,status,total_quantity,operator_id,operator_name,remark,created_at,confirmed_at FROM orders ORDER BY created_at DESC
23:11:22:488 DEBUG 43472 --- [warehouse] [http-nio-8000-exec-9] com.zh.mapper.OrdersMapper.selectList    : ==> Parameters: 
23:11:22:493 DEBUG 43472 --- [warehouse] [http-nio-8000-exec-9] com.zh.mapper.OrdersMapper.selectList    : <==      Total: 14
23:11:22:499 DEBUG 43472 --- [warehouse] [http-nio-8000-exec-9] c.zh.mapper.OrderItemMapper.selectList   : ==>  Preparing: SELECT id,order_id,product_id,product_name,quantity FROM order_item WHERE (order_id IN (?,?,?,?,?,?,?,?,?,?,?,?,?,?))
23:11:22:502 DEBUG 43472 --- [warehouse] [http-nio-8000-exec-9] c.zh.mapper.OrderItemMapper.selectList   : ==> Parameters: 14(Long), 13(Long), 12(Long), 11(Long), 10(Long), 9(Long), 8(Long), 7(Long), 6(Long), 5(Long), 4(Long), 2(Long), 3(Long), 1(Long)
23:11:22:505 DEBUG 43472 --- [warehouse] [http-nio-8000-exec-9] c.zh.mapper.OrderItemMapper.selectList   : <==      Total: 17
23:11:23:470 DEBUG 43472 --- [warehouse] [http-nio-8000-exec-10] com.zh.mapper.ProductMapper.selectList   : ==>  Preparing: SELECT id,sku,name,category,unit,price,low_stock_threshold,created_at,updated_at FROM product
23:11:23:470 DEBUG 43472 --- [warehouse] [http-nio-8000-exec-10] com.zh.mapper.ProductMapper.selectList   : ==> Parameters: 
23:11:23:473 DEBUG 43472 --- [warehouse] [http-nio-8000-exec-10] com.zh.mapper.ProductMapper.selectList   : <==      Total: 11
23:11:23:492 DEBUG 43472 --- [warehouse] [http-nio-8000-exec-10] c.zh.mapper.InventoryMapper.selectList   : ==>  Preparing: SELECT id,product_id,quantity,reserved_quantity,version,updated_at FROM inventory WHERE (product_id IN (?))
23:11:23:494 DEBUG 43472 --- [warehouse] [http-nio-8000-exec-10] c.zh.mapper.InventoryMapper.selectList   : ==> Parameters: 11(Long)
23:11:23:496 DEBUG 43472 --- [warehouse] [http-nio-8000-exec-10] c.zh.mapper.InventoryMapper.selectList   : <==      Total: 0
23:11:27:498 DEBUG 43472 --- [warehouse] [http-nio-8000-exec-1] com.zh.mapper.OrdersMapper.selectList    : ==>  Preparing: SELECT id,order_no,type,status,total_quantity,operator_id,operator_name,remark,created_at,confirmed_at FROM orders ORDER BY created_at DESC
23:11:27:498 DEBUG 43472 --- [warehouse] [http-nio-8000-exec-1] com.zh.mapper.OrdersMapper.selectList    : ==> Parameters: 
23:11:27:504 DEBUG 43472 --- [warehouse] [http-nio-8000-exec-1] com.zh.mapper.OrdersMapper.selectList    : <==      Total: 14
23:11:27:506 DEBUG 43472 --- [warehouse] [http-nio-8000-exec-1] c.zh.mapper.OrderItemMapper.selectList   : ==>  Preparing: SELECT id,order_id,product_id,product_name,quantity FROM order_item WHERE (order_id IN (?,?,?,?,?,?,?,?,?,?,?,?,?,?))
23:11:27:513 DEBUG 43472 --- [warehouse] [http-nio-8000-exec-1] c.zh.mapper.OrderItemMapper.selectList   : ==> Parameters: 14(Long), 13(Long), 12(Long), 11(Long), 10(Long), 9(Long), 8(Long), 7(Long), 6(Long), 5(Long), 4(Long), 2(Long), 3(Long), 1(Long)
23:11:27:523 DEBUG 43472 --- [warehouse] [http-nio-8000-exec-1] c.zh.mapper.OrderItemMapper.selectList   : <==      Total: 17
23:11:48:985 DEBUG 43472 --- [warehouse] [http-nio-8000-exec-2] com.zh.mapper.OrdersMapper.selectById    : ==>  Preparing: SELECT id,order_no,type,status,total_quantity,operator_id,operator_name,remark,created_at,confirmed_at FROM orders WHERE id=?
23:11:48:986 DEBUG 43472 --- [warehouse] [http-nio-8000-exec-2] com.zh.mapper.OrdersMapper.selectById    : ==> Parameters: 14(Long)
23:11:48:988 DEBUG 43472 --- [warehouse] [http-nio-8000-exec-2] com.zh.mapper.OrdersMapper.selectById    : <==      Total: 1
23:11:48:989 DEBUG 43472 --- [warehouse] [http-nio-8000-exec-2] com.zh.mapper.OrdersMapper.updateById    : ==>  Preparing: UPDATE orders SET order_no=?, type=?, status=?, total_quantity=?, operator_id=?, operator_name=?, remark=?, created_at=? WHERE id=?
23:11:48:990 DEBUG 43472 --- [warehouse] [http-nio-8000-exec-2] com.zh.mapper.OrdersMapper.updateById    : ==> Parameters: OUT202608040004(String), OUTBOUND(String), CONFIRMING(String), 100(Integer), 1(Long), 管理员(String), (String), 2026-08-04T23:11:18(LocalDateTime), 14(Long)
23:11:49:029 DEBUG 43472 --- [warehouse] [http-nio-8000-exec-2] com.zh.mapper.OrdersMapper.updateById    : <==    Updates: 1
23:11:49:038 DEBUG 43472 --- [warehouse] [org.springframework.amqp.rabbit.RabbitListenerEndpointContainer#2-1] com.zh.mapper.OrdersMapper.selectById    : ==>  Preparing: SELECT id,order_no,type,status,total_quantity,operator_id,operator_name,remark,created_at,confirmed_at FROM orders WHERE id=?
23:11:49:039 DEBUG 43472 --- [warehouse] [org.springframework.amqp.rabbit.RabbitListenerEndpointContainer#2-1] com.zh.mapper.OrdersMapper.selectById    : ==> Parameters: 14(Long)
23:11:49:041 DEBUG 43472 --- [warehouse] [org.springframework.amqp.rabbit.RabbitListenerEndpointContainer#2-1] com.zh.mapper.OrdersMapper.selectById    : <==      Total: 1
23:11:49:043 DEBUG 43472 --- [warehouse] [org.springframework.amqp.rabbit.RabbitListenerEndpointContainer#2-1] c.z.m.InventoryLogMapper.selectCount     : ==>  Preparing: SELECT COUNT( * ) AS total FROM inventory_log WHERE (order_id = ?)
23:11:49:044 DEBUG 43472 --- [warehouse] [org.springframework.amqp.rabbit.RabbitListenerEndpointContainer#2-1] c.z.m.InventoryLogMapper.selectCount     : ==> Parameters: 14(Long)
23:11:49:045 DEBUG 43472 --- [warehouse] [org.springframework.amqp.rabbit.RabbitListenerEndpointContainer#2-1] c.z.m.InventoryLogMapper.selectCount     : <==      Total: 1
23:11:49:048 DEBUG 43472 --- [warehouse] [org.springframework.amqp.rabbit.RabbitListenerEndpointContainer#2-1] c.zh.mapper.OrderItemMapper.selectList   : ==>  Preparing: SELECT id,order_id,product_id,product_name,quantity FROM order_item WHERE (order_id = ?)
23:11:49:048 DEBUG 43472 --- [warehouse] [org.springframework.amqp.rabbit.RabbitListenerEndpointContainer#2-1] c.zh.mapper.OrderItemMapper.selectList   : ==> Parameters: 14(Long)
23:11:49:050 DEBUG 43472 --- [warehouse] [org.springframework.amqp.rabbit.RabbitListenerEndpointContainer#2-1] c.zh.mapper.OrderItemMapper.selectList   : <==      Total: 1
23:11:49:051 DEBUG 43472 --- [warehouse] [org.springframework.amqp.rabbit.RabbitListenerEndpointContainer#2-1] c.z.m.InventoryMapper.selectWithCursor   : ==>  Preparing: SELECT id,product_id,quantity,reserved_quantity,version,updated_at FROM inventory WHERE (product_id = ?)
23:11:49:052 DEBUG 43472 --- [warehouse] [org.springframework.amqp.rabbit.RabbitListenerEndpointContainer#2-1] c.z.m.InventoryMapper.selectWithCursor   : ==> Parameters: 2(Long)
23:11:49:054 DEBUG 43472 --- [warehouse] [org.springframework.amqp.rabbit.RabbitListenerEndpointContainer#2-1] c.z.m.InventoryMapper.selectWithCursor   : <==      Total: 1
23:11:49:056 DEBUG 43472 --- [warehouse] [org.springframework.amqp.rabbit.RabbitListenerEndpointContainer#2-1] com.zh.mapper.InventoryMapper.update     : ==>  Preparing: UPDATE inventory SET quantity = quantity - ?,reserved_quantity = reserved_quantity - ?,updated_at=? WHERE (product_id = ? AND quantity >= ? AND reserved_quantity >= ?)
23:11:49:058 DEBUG 43472 --- [warehouse] [org.springframework.amqp.rabbit.RabbitListenerEndpointContainer#2-1] com.zh.mapper.InventoryMapper.update     : ==> Parameters: 100(Integer), 100(Integer), 2026-08-04T23:11:49.055195300(LocalDateTime), 2(Long), 100(Integer), 100(Integer)
23:11:49:061 DEBUG 43472 --- [warehouse] [org.springframework.amqp.rabbit.RabbitListenerEndpointContainer#2-1] com.zh.mapper.InventoryMapper.update     : <==    Updates: 1
23:11:49:063 DEBUG 43472 --- [warehouse] [org.springframework.amqp.rabbit.RabbitListenerEndpointContainer#2-1] c.z.m.InventoryMapper.selectWithCursor   : ==>  Preparing: SELECT id,product_id,quantity,reserved_quantity,version,updated_at FROM inventory WHERE (product_id = ?)
23:11:49:068 DEBUG 43472 --- [warehouse] [org.springframework.amqp.rabbit.RabbitListenerEndpointContainer#2-1] c.z.m.InventoryMapper.selectWithCursor   : ==> Parameters: 2(Long)
23:11:49:071 DEBUG 43472 --- [warehouse] [org.springframework.amqp.rabbit.RabbitListenerEndpointContainer#2-1] c.z.m.InventoryMapper.selectWithCursor   : <==      Total: 1
23:11:49:075 DEBUG 43472 --- [warehouse] [org.springframework.amqp.rabbit.RabbitListenerEndpointContainer#2-1] c.zh.mapper.InventoryLogMapper.insert    : ==>  Preparing: INSERT INTO inventory_log ( product_id, change_type, change_quantity, before_quantity, after_quantity, order_id, created_at ) VALUES ( ?, ?, ?, ?, ?, ?, ? )
23:11:49:076 DEBUG 43472 --- [warehouse] [org.springframework.amqp.rabbit.RabbitListenerEndpointContainer#2-1] c.zh.mapper.InventoryLogMapper.insert    : ==> Parameters: 2(Long), OUTBOUND(String), -100(Integer), 152(Integer), 52(Integer), 14(Long), 2026-08-04T23:11:49.072245900(LocalDateTime)
23:11:49:079 DEBUG 43472 --- [warehouse] [org.springframework.amqp.rabbit.RabbitListenerEndpointContainer#2-1] c.zh.mapper.InventoryLogMapper.insert    : <==    Updates: 1
23:11:49:081 DEBUG 43472 --- [warehouse] [org.springframework.amqp.rabbit.RabbitListenerEndpointContainer#2-1] com.zh.mapper.ProductMapper.selectById   : ==>  Preparing: SELECT id,sku,name,category,unit,price,low_stock_threshold,created_at,updated_at FROM product WHERE id=?
23:11:49:081 DEBUG 43472 --- [warehouse] [org.springframework.amqp.rabbit.RabbitListenerEndpointContainer#2-1] com.zh.mapper.ProductMapper.selectById   : ==> Parameters: 2(Long)
23:11:49:082 DEBUG 43472 --- [warehouse] [org.springframework.amqp.rabbit.RabbitListenerEndpointContainer#2-1] com.zh.mapper.ProductMapper.selectById   : <==      Total: 1
23:11:49:084 DEBUG 43472 --- [warehouse] [org.springframework.amqp.rabbit.RabbitListenerEndpointContainer#2-1] c.z.m.InventoryMapper.selectWithCursor   : ==>  Preparing: SELECT id,product_id,quantity,reserved_quantity,version,updated_at FROM inventory WHERE (product_id = ?)
23:11:49:085 DEBUG 43472 --- [warehouse] [org.springframework.amqp.rabbit.RabbitListenerEndpointContainer#2-1] c.z.m.InventoryMapper.selectWithCursor   : ==> Parameters: 2(Long)
23:11:49:088 DEBUG 43472 --- [warehouse] [org.springframework.amqp.rabbit.RabbitListenerEndpointContainer#2-1] c.z.m.InventoryMapper.selectWithCursor   : <==      Total: 1
23:11:49:091 DEBUG 43472 --- [warehouse] [org.springframework.amqp.rabbit.RabbitListenerEndpointContainer#2-1] com.zh.mapper.OrdersMapper.updateById    : ==>  Preparing: UPDATE orders SET order_no=?, type=?, status=?, total_quantity=?, operator_id=?, operator_name=?, remark=?, created_at=?, confirmed_at=? WHERE id=?
23:11:49:092 DEBUG 43472 --- [warehouse] [org.springframework.amqp.rabbit.RabbitListenerEndpointContainer#2-1] com.zh.mapper.OrdersMapper.updateById    : ==> Parameters: OUT202608040004(String), OUTBOUND(String), COMPLETED(String), 100(Integer), 1(Long), 管理员(String), (String), 2026-08-04T23:11:18(LocalDateTime), 2026-08-04T23:11:49.088779200(LocalDateTime), 14(Long)
23:11:49:096 DEBUG 43472 --- [warehouse] [org.springframework.amqp.rabbit.RabbitListenerEndpointContainer#2-1] com.zh.mapper.OrdersMapper.updateById    : <==    Updates: 1
23:11:49:096  INFO 43472 --- [warehouse] [org.springframework.amqp.rabbit.RabbitListenerEndpointContainer#2-1] c.z.s.impl.OrderConfirmServiceImpl       : 出库确认处理完成, orderId=14
23:11:49:383 DEBUG 43472 --- [warehouse] [http-nio-8000-exec-3] com.zh.mapper.OrdersMapper.selectList    : ==>  Preparing: SELECT id,order_no,type,status,total_quantity,operator_id,operator_name,remark,created_at,confirmed_at FROM orders ORDER BY created_at DESC
23:11:49:384 DEBUG 43472 --- [warehouse] [http-nio-8000-exec-3] com.zh.mapper.OrdersMapper.selectList    : ==> Parameters: 
23:11:49:387 DEBUG 43472 --- [warehouse] [http-nio-8000-exec-3] com.zh.mapper.OrdersMapper.selectList    : <==      Total: 14
23:11:49:390 DEBUG 43472 --- [warehouse] [http-nio-8000-exec-3] c.zh.mapper.OrderItemMapper.selectList   : ==>  Preparing: SELECT id,order_id,product_id,product_name,quantity FROM order_item WHERE (order_id IN (?,?,?,?,?,?,?,?,?,?,?,?,?,?))
23:11:49:391 DEBUG 43472 --- [warehouse] [http-nio-8000-exec-3] c.zh.mapper.OrderItemMapper.selectList   : ==> Parameters: 14(Long), 13(Long), 12(Long), 11(Long), 10(Long), 9(Long), 8(Long), 7(Long), 6(Long), 5(Long), 4(Long), 2(Long), 3(Long), 1(Long)
23:11:49:394 DEBUG 43472 --- [warehouse] [http-nio-8000-exec-3] c.zh.mapper.OrderItemMapper.selectList   : <==      Total: 17
23:11:49:623 DEBUG 43472 --- [warehouse] [http-nio-8000-exec-5] com.zh.mapper.OrdersMapper.selectList    : ==>  Preparing: SELECT id,order_no,type,status,total_quantity,operator_id,operator_name,remark,created_at,confirmed_at FROM orders ORDER BY created_at DESC
23:11:49:624 DEBUG 43472 --- [warehouse] [http-nio-8000-exec-5] com.zh.mapper.OrdersMapper.selectList    : ==> Parameters: 
23:11:49:628 DEBUG 43472 --- [warehouse] [http-nio-8000-exec-5] com.zh.mapper.OrdersMapper.selectList    : <==      Total: 14
23:11:49:631 DEBUG 43472 --- [warehouse] [http-nio-8000-exec-5] c.zh.mapper.OrderItemMapper.selectList   : ==>  Preparing: SELECT id,order_id,product_id,product_name,quantity FROM order_item WHERE (order_id IN (?,?,?,?,?,?,?,?,?,?,?,?,?,?))
23:11:49:632 DEBUG 43472 --- [warehouse] [http-nio-8000-exec-5] c.zh.mapper.OrderItemMapper.selectList   : ==> Parameters: 14(Long), 13(Long), 12(Long), 11(Long), 10(Long), 9(Long), 8(Long), 7(Long), 6(Long), 5(Long), 4(Long), 2(Long), 3(Long), 1(Long)
23:11:49:635 DEBUG 43472 --- [warehouse] [http-nio-8000-exec-5] c.zh.mapper.OrderItemMapper.selectList   : <==      Total: 17
23:11:51:459 DEBUG 43472 --- [warehouse] [http-nio-8000-exec-4] com.zh.mapper.ProductMapper.selectList   : ==>  Preparing: SELECT id,sku,name,category,unit,price,low_stock_threshold,created_at,updated_at FROM product
23:11:51:460 DEBUG 43472 --- [warehouse] [http-nio-8000-exec-4] com.zh.mapper.ProductMapper.selectList   : ==> Parameters: 
23:11:51:463 DEBUG 43472 --- [warehouse] [http-nio-8000-exec-4] com.zh.mapper.ProductMapper.selectList   : <==      Total: 11
23:11:51:478 DEBUG 43472 --- [warehouse] [http-nio-8000-exec-4] c.zh.mapper.InventoryMapper.selectList   : ==>  Preparing: SELECT id,product_id,quantity,reserved_quantity,version,updated_at FROM inventory WHERE (product_id IN (?,?,?,?,?,?,?,?,?,?))
23:11:51:480 DEBUG 43472 --- [warehouse] [http-nio-8000-exec-4] c.zh.mapper.InventoryMapper.selectList   : ==> Parameters: 2(Long), 3(Long), 4(Long), 5(Long), 6(Long), 7(Long), 8(Long), 9(Long), 10(Long), 11(Long)
23:11:51:484 DEBUG 43472 --- [warehouse] [http-nio-8000-exec-4] c.zh.mapper.InventoryMapper.selectList   : <==      Total: 9
23:11:54:274 DEBUG 43472 --- [warehouse] [http-nio-8000-exec-6] com.zh.mapper.OrdersMapper.selectList    : ==>  Preparing: SELECT id,order_no,type,status,total_quantity,operator_id,operator_name,remark,created_at,confirmed_at FROM orders ORDER BY created_at DESC
23:11:54:275 DEBUG 43472 --- [warehouse] [http-nio-8000-exec-6] com.zh.mapper.OrdersMapper.selectList    : ==> Parameters: 
23:11:54:279 DEBUG 43472 --- [warehouse] [http-nio-8000-exec-6] com.zh.mapper.OrdersMapper.selectList    : <==      Total: 14
23:11:54:282 DEBUG 43472 --- [warehouse] [http-nio-8000-exec-6] c.zh.mapper.OrderItemMapper.selectList   : ==>  Preparing: SELECT id,order_id,product_id,product_name,quantity FROM order_item WHERE (order_id IN (?,?,?,?,?,?,?,?,?,?,?,?,?,?))
23:11:54:282 DEBUG 43472 --- [warehouse] [http-nio-8000-exec-6] c.zh.mapper.OrderItemMapper.selectList   : ==> Parameters: 14(Long), 13(Long), 12(Long), 11(Long), 10(Long), 9(Long), 8(Long), 7(Long), 6(Long), 5(Long), 4(Long), 2(Long), 3(Long), 1(Long)
23:11:54:286 DEBUG 43472 --- [warehouse] [http-nio-8000-exec-6] c.zh.mapper.OrderItemMapper.selectList   : <==      Total: 17
23:11:56:503 DEBUG 43472 --- [warehouse] [http-nio-8000-exec-7] c.z.m.ProductMapper.selectList_mpCount   : ==>  Preparing: SELECT COUNT(*) AS total FROM product
23:11:56:504 DEBUG 43472 --- [warehouse] [http-nio-8000-exec-7] c.z.m.ProductMapper.selectList_mpCount   : ==> Parameters: 
23:11:56:506 DEBUG 43472 --- [warehouse] [http-nio-8000-exec-7] c.z.m.ProductMapper.selectList_mpCount   : <==      Total: 1
23:11:56:508 DEBUG 43472 --- [warehouse] [http-nio-8000-exec-7] com.zh.mapper.ProductMapper.selectList   : ==>  Preparing: SELECT id,sku,name,category,unit,price,low_stock_threshold,created_at,updated_at FROM product ORDER BY id ASC LIMIT ?
23:11:56:508 DEBUG 43472 --- [warehouse] [http-nio-8000-exec-7] com.zh.mapper.ProductMapper.selectList   : ==> Parameters: 100(Long)
23:11:56:511 DEBUG 43472 --- [warehouse] [http-nio-8000-exec-7] com.zh.mapper.ProductMapper.selectList   : <==      Total: 11
23:12:05:426 DEBUG 43472 --- [warehouse] [http-nio-8000-exec-8] c.zh.mapper.ProductMapper.selectByIds    : ==>  Preparing: SELECT id,sku,name,category,unit,price,low_stock_threshold,created_at,updated_at FROM product WHERE id IN ( ? )
23:12:05:426 DEBUG 43472 --- [warehouse] [http-nio-8000-exec-8] c.zh.mapper.ProductMapper.selectByIds    : ==> Parameters: 2(Long)
23:12:05:430 DEBUG 43472 --- [warehouse] [http-nio-8000-exec-8] c.zh.mapper.ProductMapper.selectByIds    : <==      Total: 1
23:12:05:433 DEBUG 43472 --- [warehouse] [http-nio-8000-exec-8] com.zh.mapper.OrdersMapper.selectCount   : ==>  Preparing: SELECT COUNT( * ) AS total FROM orders WHERE (order_no LIKE ?)
23:12:05:434 DEBUG 43472 --- [warehouse] [http-nio-8000-exec-8] com.zh.mapper.OrdersMapper.selectCount   : ==> Parameters: IN20260804%(String)
23:12:05:436 DEBUG 43472 --- [warehouse] [http-nio-8000-exec-8] com.zh.mapper.OrdersMapper.selectCount   : <==      Total: 1
23:12:05:437 DEBUG 43472 --- [warehouse] [http-nio-8000-exec-8] com.zh.mapper.OrdersMapper.insert        : ==>  Preparing: INSERT INTO orders ( order_no, type, status, total_quantity, operator_id, operator_name, remark, created_at ) VALUES ( ?, ?, ?, ?, ?, ?, ?, ? )
23:12:05:437 DEBUG 43472 --- [warehouse] [http-nio-8000-exec-8] com.zh.mapper.OrdersMapper.insert        : ==> Parameters: IN202608040005(String), INBOUND(String), CREATED(String), 1(Integer), 1(Long), 管理员(String), 100(String), 2026-08-04T23:12:05.436411600(LocalDateTime)
23:12:05:476 DEBUG 43472 --- [warehouse] [http-nio-8000-exec-8] com.zh.mapper.OrdersMapper.insert        : <==    Updates: 1
23:12:05:477 DEBUG 43472 --- [warehouse] [http-nio-8000-exec-8] com.zh.mapper.OrderItemMapper.insert     : ==>  Preparing: INSERT INTO order_item ( order_id, product_id, product_name, quantity ) VALUES ( ?, ?, ?, ? )
23:12:05:477 DEBUG 43472 --- [warehouse] [http-nio-8000-exec-8] com.zh.mapper.OrderItemMapper.insert     : ==> Parameters: 15(Long), 2(Long), N95口罩(String), 1(Integer)
23:12:05:696 DEBUG 43472 --- [warehouse] [http-nio-8000-exec-9] com.zh.mapper.OrdersMapper.selectList    : ==>  Preparing: SELECT id,order_no,type,status,total_quantity,operator_id,operator_name,remark,created_at,confirmed_at FROM orders ORDER BY created_at DESC
23:12:05:697 DEBUG 43472 --- [warehouse] [http-nio-8000-exec-9] com.zh.mapper.OrdersMapper.selectList    : ==> Parameters: 
23:12:05:699 DEBUG 43472 --- [warehouse] [http-nio-8000-exec-9] com.zh.mapper.OrdersMapper.selectList    : <==      Total: 15
23:12:05:701 DEBUG 43472 --- [warehouse] [http-nio-8000-exec-9] c.zh.mapper.OrderItemMapper.selectList   : ==>  Preparing: SELECT id,order_id,product_id,product_name,quantity FROM order_item WHERE (order_id IN (?,?,?,?,?,?,?,?,?,?,?,?,?,?,?))
23:12:05:701 DEBUG 43472 --- [warehouse] [http-nio-8000-exec-9] c.zh.mapper.OrderItemMapper.selectList   : ==> Parameters: 15(Long), 14(Long), 13(Long), 12(Long), 11(Long), 10(Long), 9(Long), 8(Long), 7(Long), 6(Long), 5(Long), 4(Long), 2(Long), 3(Long), 1(Long)
23:12:05:702 DEBUG 43472 --- [warehouse] [http-nio-8000-exec-9] c.zh.mapper.OrderItemMapper.selectList   : <==      Total: 18
23:12:06:842 DEBUG 43472 --- [warehouse] [http-nio-8000-exec-10] com.zh.mapper.OrdersMapper.selectById    : ==>  Preparing: SELECT id,order_no,type,status,total_quantity,operator_id,operator_name,remark,created_at,confirmed_at FROM orders WHERE id=?
23:12:06:842 DEBUG 43472 --- [warehouse] [http-nio-8000-exec-10] com.zh.mapper.OrdersMapper.selectById    : ==> Parameters: 15(Long)
23:12:06:843 DEBUG 43472 --- [warehouse] [http-nio-8000-exec-10] com.zh.mapper.OrdersMapper.selectById    : <==      Total: 1
23:12:06:844 DEBUG 43472 --- [warehouse] [http-nio-8000-exec-10] com.zh.mapper.OrdersMapper.updateById    : ==>  Preparing: UPDATE orders SET order_no=?, type=?, status=?, total_quantity=?, operator_id=?, operator_name=?, remark=?, created_at=? WHERE id=?
23:12:06:845 DEBUG 43472 --- [warehouse] [http-nio-8000-exec-10] com.zh.mapper.OrdersMapper.updateById    : ==> Parameters: IN202608040005(String), INBOUND(String), CONFIRMING(String), 1(Integer), 1(Long), 管理员(String), 100(String), 2026-08-04T23:12:05(LocalDateTime), 15(Long)
23:12:06:847 DEBUG 43472 --- [warehouse] [http-nio-8000-exec-10] com.zh.mapper.OrdersMapper.updateById    : <==    Updates: 1
23:12:06:857 DEBUG 43472 --- [warehouse] [org.springframework.amqp.rabbit.RabbitListenerEndpointContainer#1-1] com.zh.mapper.OrdersMapper.selectById    : ==>  Preparing: SELECT id,order_no,type,status,total_quantity,operator_id,operator_name,remark,created_at,confirmed_at FROM orders WHERE id=?
23:12:06:857 DEBUG 43472 --- [warehouse] [org.springframework.amqp.rabbit.RabbitListenerEndpointContainer#1-1] com.zh.mapper.OrdersMapper.selectById    : ==> Parameters: 15(Long)
23:12:06:859 DEBUG 43472 --- [warehouse] [org.springframework.amqp.rabbit.RabbitListenerEndpointContainer#1-1] com.zh.mapper.OrdersMapper.selectById    : <==      Total: 1
23:12:06:860 DEBUG 43472 --- [warehouse] [org.springframework.amqp.rabbit.RabbitListenerEndpointContainer#1-1] c.z.m.InventoryLogMapper.selectCount     : ==>  Preparing: SELECT COUNT( * ) AS total FROM inventory_log WHERE (order_id = ?)
23:12:06:861 DEBUG 43472 --- [warehouse] [org.springframework.amqp.rabbit.RabbitListenerEndpointContainer#1-1] c.z.m.InventoryLogMapper.selectCount     : ==> Parameters: 15(Long)
23:12:06:862 DEBUG 43472 --- [warehouse] [org.springframework.amqp.rabbit.RabbitListenerEndpointContainer#1-1] c.z.m.InventoryLogMapper.selectCount     : <==      Total: 1
23:12:06:863 DEBUG 43472 --- [warehouse] [org.springframework.amqp.rabbit.RabbitListenerEndpointContainer#1-1] c.zh.mapper.OrderItemMapper.selectList   : ==>  Preparing: SELECT id,order_id,product_id,product_name,quantity FROM order_item WHERE (order_id = ?)
23:12:06:864 DEBUG 43472 --- [warehouse] [org.springframework.amqp.rabbit.RabbitListenerEndpointContainer#1-1] c.zh.mapper.OrderItemMapper.selectList   : ==> Parameters: 15(Long)
23:12:06:865 DEBUG 43472 --- [warehouse] [org.springframework.amqp.rabbit.RabbitListenerEndpointContainer#1-1] c.zh.mapper.OrderItemMapper.selectList   : <==      Total: 1
23:12:06:867 DEBUG 43472 --- [warehouse] [org.springframework.amqp.rabbit.RabbitListenerEndpointContainer#1-1] c.z.m.InventoryMapper.selectWithCursor   : ==>  Preparing: SELECT id,product_id,quantity,reserved_quantity,version,updated_at FROM inventory WHERE (product_id = ?)
23:12:06:869 DEBUG 43472 --- [warehouse] [org.springframework.amqp.rabbit.RabbitListenerEndpointContainer#1-1] c.z.m.InventoryMapper.selectWithCursor   : ==> Parameters: 2(Long)
23:12:06:870 DEBUG 43472 --- [warehouse] [org.springframework.amqp.rabbit.RabbitListenerEndpointContainer#1-1] c.z.m.InventoryMapper.selectWithCursor   : <==      Total: 1
23:12:06:872 DEBUG 43472 --- [warehouse] [org.springframework.amqp.rabbit.RabbitListenerEndpointContainer#1-1] com.zh.mapper.InventoryMapper.update     : ==>  Preparing: UPDATE inventory SET quantity = quantity + ?,updated_at=? WHERE (id = ?)
23:12:06:873 DEBUG 43472 --- [warehouse] [org.springframework.amqp.rabbit.RabbitListenerEndpointContainer#1-1] com.zh.mapper.InventoryMapper.update     : ==> Parameters: 1(Integer), 2026-08-04T23:12:06.871455300(LocalDateTime), 2(Long)
23:12:06:876 DEBUG 43472 --- [warehouse] [org.springframework.amqp.rabbit.RabbitListenerEndpointContainer#1-1] com.zh.mapper.InventoryMapper.update     : <==    Updates: 1
23:12:06:879 DEBUG 43472 --- [warehouse] [org.springframework.amqp.rabbit.RabbitListenerEndpointContainer#1-1] c.z.m.InventoryMapper.selectWithCursor   : ==>  Preparing: SELECT id,product_id,quantity,reserved_quantity,version,updated_at FROM inventory WHERE (product_id = ?)
23:12:06:880 DEBUG 43472 --- [warehouse] [org.springframework.amqp.rabbit.RabbitListenerEndpointContainer#1-1] c.z.m.InventoryMapper.selectWithCursor   : ==> Parameters: 2(Long)
23:12:06:882 DEBUG 43472 --- [warehouse] [org.springframework.amqp.rabbit.RabbitListenerEndpointContainer#1-1] c.z.m.InventoryMapper.selectWithCursor   : <==      Total: 1
23:12:06:883 DEBUG 43472 --- [warehouse] [org.springframework.amqp.rabbit.RabbitListenerEndpointContainer#1-1] c.zh.mapper.InventoryLogMapper.insert    : ==>  Preparing: INSERT INTO inventory_log ( product_id, change_type, change_quantity, before_quantity, after_quantity, order_id, created_at ) VALUES ( ?, ?, ?, ?, ?, ?, ? )
23:12:06:884 DEBUG 43472 --- [warehouse] [org.springframework.amqp.rabbit.RabbitListenerEndpointContainer#1-1] c.zh.mapper.InventoryLogMapper.insert    : ==> Parameters: 2(Long), INBOUND(String), 1(Integer), 52(Integer), 53(Integer), 15(Long), 2026-08-04T23:12:06.882842300(LocalDateTime)
23:12:06:887 DEBUG 43472 --- [warehouse] [org.springframework.amqp.rabbit.RabbitListenerEndpointContainer#1-1] c.zh.mapper.InventoryLogMapper.insert    : <==    Updates: 1
23:12:06:889 DEBUG 43472 --- [warehouse] [org.springframework.amqp.rabbit.RabbitListenerEndpointContainer#1-1] com.zh.mapper.ProductMapper.selectById   : ==>  Preparing: SELECT id,sku,name,category,unit,price,low_stock_threshold,created_at,updated_at FROM product WHERE id=?
23:12:06:890 DEBUG 43472 --- [warehouse] [org.springframework.amqp.rabbit.RabbitListenerEndpointContainer#1-1] com.zh.mapper.ProductMapper.selectById   : ==> Parameters: 2(Long)
23:12:06:893 DEBUG 43472 --- [warehouse] [org.springframework.amqp.rabbit.RabbitListenerEndpointContainer#1-1] com.zh.mapper.ProductMapper.selectById   : <==      Total: 1
23:12:06:896 DEBUG 43472 --- [warehouse] [org.springframework.amqp.rabbit.RabbitListenerEndpointContainer#1-1] c.z.m.InventoryMapper.selectWithCursor   : ==>  Preparing: SELECT id,product_id,quantity,reserved_quantity,version,updated_at FROM inventory WHERE (product_id = ?)
23:12:06:898 DEBUG 43472 --- [warehouse] [org.springframework.amqp.rabbit.RabbitListenerEndpointContainer#1-1] c.z.m.InventoryMapper.selectWithCursor   : ==> Parameters: 2(Long)
23:12:06:901 DEBUG 43472 --- [warehouse] [org.springframework.amqp.rabbit.RabbitListenerEndpointContainer#1-1] c.z.m.InventoryMapper.selectWithCursor   : <==      Total: 1
23:12:06:902 DEBUG 43472 --- [warehouse] [org.springframework.amqp.rabbit.RabbitListenerEndpointContainer#1-1] com.zh.mapper.OrdersMapper.updateById    : ==>  Preparing: UPDATE orders SET order_no=?, type=?, status=?, total_quantity=?, operator_id=?, operator_name=?, remark=?, created_at=?, confirmed_at=? WHERE id=?
23:12:06:903 DEBUG 43472 --- [warehouse] [org.springframework.amqp.rabbit.RabbitListenerEndpointContainer#1-1] com.zh.mapper.OrdersMapper.updateById    : ==> Parameters: IN202608040005(String), INBOUND(String), COMPLETED(String), 1(Integer), 1(Long), 管理员(String), 100(String), 2026-08-04T23:12:05(LocalDateTime), 2026-08-04T23:12:06.901354800(LocalDateTime), 15(Long)
23:12:06:906 DEBUG 43472 --- [warehouse] [org.springframework.amqp.rabbit.RabbitListenerEndpointContainer#1-1] com.zh.mapper.OrdersMapper.updateById    : <==    Updates: 1
23:12:06:906  INFO 43472 --- [warehouse] [org.springframework.amqp.rabbit.RabbitListenerEndpointContainer#1-1] c.z.s.impl.OrderConfirmServiceImpl       : 入库确认处理完成, orderId=15
23:12:07:177 DEBUG 43472 --- [warehouse] [http-nio-8000-exec-1] com.zh.mapper.OrdersMapper.selectList    : ==>  Preparing: SELECT id,order_no,type,status,total_quantity,operator_id,operator_name,remark,created_at,confirmed_at FROM orders ORDER BY created_at DESC
23:12:07:179 DEBUG 43472 --- [warehouse] [http-nio-8000-exec-1] com.zh.mapper.OrdersMapper.selectList    : ==> Parameters: 
23:12:07:182 DEBUG 43472 --- [warehouse] [http-nio-8000-exec-1] com.zh.mapper.OrdersMapper.selectList    : <==      Total: 15
23:12:07:184 DEBUG 43472 --- [warehouse] [http-nio-8000-exec-1] c.zh.mapper.OrderItemMapper.selectList   : ==>  Preparing: SELECT id,order_id,product_id,product_name,quantity FROM order_item WHERE (order_id IN (?,?,?,?,?,?,?,?,?,?,?,?,?,?,?))
23:12:07:185 DEBUG 43472 --- [warehouse] [http-nio-8000-exec-1] c.zh.mapper.OrderItemMapper.selectList   : ==> Parameters: 15(Long), 14(Long), 13(Long), 12(Long), 11(Long), 10(Long), 9(Long), 8(Long), 7(Long), 6(Long), 5(Long), 4(Long), 2(Long), 3(Long), 1(Long)
23:12:07:187 DEBUG 43472 --- [warehouse] [http-nio-8000-exec-1] c.zh.mapper.OrderItemMapper.selectList   : <==      Total: 18
23:12:07:447 DEBUG 43472 --- [warehouse] [http-nio-8000-exec-2] com.zh.mapper.OrdersMapper.selectList    : ==>  Preparing: SELECT id,order_no,type,status,total_quantity,operator_id,operator_name,remark,created_at,confirmed_at FROM orders ORDER BY created_at DESC
23:12:07:448 DEBUG 43472 --- [warehouse] [http-nio-8000-exec-2] com.zh.mapper.OrdersMapper.selectList    : ==> Parameters: 
23:12:07:451 DEBUG 43472 --- [warehouse] [http-nio-8000-exec-2] com.zh.mapper.OrdersMapper.selectList    : <==      Total: 15
23:12:07:452 DEBUG 43472 --- [warehouse] [http-nio-8000-exec-2] c.zh.mapper.OrderItemMapper.selectList   : ==>  Preparing: SELECT id,order_id,product_id,product_name,quantity FROM order_item WHERE (order_id IN (?,?,?,?,?,?,?,?,?,?,?,?,?,?,?))
23:12:07:453 DEBUG 43472 --- [warehouse] [http-nio-8000-exec-2] c.zh.mapper.OrderItemMapper.selectList   : ==> Parameters: 15(Long), 14(Long), 13(Long), 12(Long), 11(Long), 10(Long), 9(Long), 8(Long), 7(Long), 6(Long), 5(Long), 4(Long), 2(Long), 3(Long), 1(Long)
23:12:07:454 DEBUG 43472 --- [warehouse] [http-nio-8000-exec-2] c.zh.mapper.OrderItemMapper.selectList   : <==      Total: 18
23:12:12:783 DEBUG 43472 --- [warehouse] [http-nio-8000-exec-3] com.zh.mapper.OrdersMapper.selectById    : ==>  Preparing: SELECT id,order_no,type,status,total_quantity,operator_id,operator_name,remark,created_at,confirmed_at FROM orders WHERE id=?
23:12:12:783 DEBUG 43472 --- [warehouse] [http-nio-8000-exec-3] com.zh.mapper.OrdersMapper.selectById    : ==> Parameters: 4(Long)
23:12:12:785 DEBUG 43472 --- [warehouse] [http-nio-8000-exec-3] com.zh.mapper.OrdersMapper.selectById    : <==      Total: 1
23:12:12:787 DEBUG 43472 --- [warehouse] [http-nio-8000-exec-3] c.zh.mapper.OrderItemMapper.selectList   : ==>  Preparing: SELECT id,order_id,product_id,product_name,quantity FROM order_item WHERE (order_id = ?)
23:12:12:788 DEBUG 43472 --- [warehouse] [http-nio-8000-exec-3] c.zh.mapper.OrderItemMapper.selectList   : ==> Parameters: 4(Long)
23:12:12:789 DEBUG 43472 --- [warehouse] [http-nio-8000-exec-3] c.zh.mapper.OrderItemMapper.selectList   : <==      Total: 1
23:12:12:791 DEBUG 43472 --- [warehouse] [http-nio-8000-exec-3] com.zh.mapper.InventoryMapper.update     : ==>  Preparing: UPDATE inventory SET reserved_quantity = reserved_quantity - ?,updated_at=? WHERE (product_id = ? AND reserved_quantity >= ?)
23:12:12:792 DEBUG 43472 --- [warehouse] [http-nio-8000-exec-3] com.zh.mapper.InventoryMapper.update     : ==> Parameters: 10(Integer), 2026-08-04T23:12:12.790921(LocalDateTime), 1(Long), 10(Integer)
23:12:12:795 DEBUG 43472 --- [warehouse] [http-nio-8000-exec-3] com.zh.mapper.InventoryMapper.update     : <==    Updates: 1
23:12:12:796 DEBUG 43472 --- [warehouse] [http-nio-8000-exec-3] com.zh.mapper.OrdersMapper.updateById    : ==>  Preparing: UPDATE orders SET order_no=?, type=?, status=?, total_quantity=?, operator_id=?, operator_name=?, remark=?, created_at=? WHERE id=?
23:12:12:797 DEBUG 43472 --- [warehouse] [http-nio-8000-exec-3] com.zh.mapper.OrdersMapper.updateById    : ==> Parameters: OUT202607310001(String), OUTBOUND(String), CANCELLED(String), 10(Integer), 2(Long), 张三(String), 门店领用-待确认(String), 2026-07-31T10:00(LocalDateTime), 4(Long)
23:12:12:799 DEBUG 43472 --- [warehouse] [http-nio-8000-exec-3] com.zh.mapper.OrdersMapper.updateById    : <==    Updates: 1
23:12:13:157 DEBUG 43472 --- [warehouse] [http-nio-8000-exec-5] com.zh.mapper.OrdersMapper.selectList    : ==>  Preparing: SELECT id,order_no,type,status,total_quantity,operator_id,operator_name,remark,created_at,confirmed_at FROM orders ORDER BY created_at DESC
23:12:13:158 DEBUG 43472 --- [warehouse] [http-nio-8000-exec-5] com.zh.mapper.OrdersMapper.selectList    : ==> Parameters: 
23:12:13:162 DEBUG 43472 --- [warehouse] [http-nio-8000-exec-5] com.zh.mapper.OrdersMapper.selectList    : <==      Total: 15
23:12:13:164 DEBUG 43472 --- [warehouse] [http-nio-8000-exec-5] c.zh.mapper.OrderItemMapper.selectList   : ==>  Preparing: SELECT id,order_id,product_id,product_name,quantity FROM order_item WHERE (order_id IN (?,?,?,?,?,?,?,?,?,?,?,?,?,?,?))
23:12:13:165 DEBUG 43472 --- [warehouse] [http-nio-8000-exec-5] c.zh.mapper.OrderItemMapper.selectList   : ==> Parameters: 15(Long), 14(Long), 13(Long), 12(Long), 11(Long), 10(Long), 9(Long), 8(Long), 7(Long), 6(Long), 5(Long), 4(Long), 2(Long), 3(Long), 1(Long)
23:12:13:168 DEBUG 43472 --- [warehouse] [http-nio-8000-exec-5] c.zh.mapper.OrderItemMapper.selectList   : <==      Total: 18
23:12:13:892 DEBUG 43472 --- [warehouse] [http-nio-8000-exec-4] com.zh.mapper.ProductMapper.selectList   : ==>  Preparing: SELECT id,sku,name,category,unit,price,low_stock_threshold,created_at,updated_at FROM product
23:12:13:893 DEBUG 43472 --- [warehouse] [http-nio-8000-exec-4] com.zh.mapper.ProductMapper.selectList   : ==> Parameters: 
23:12:13:895 DEBUG 43472 --- [warehouse] [http-nio-8000-exec-4] com.zh.mapper.ProductMapper.selectList   : <==      Total: 11
23:12:13:912 DEBUG 43472 --- [warehouse] [http-nio-8000-exec-4] c.zh.mapper.InventoryMapper.selectList   : ==>  Preparing: SELECT id,product_id,quantity,reserved_quantity,version,updated_at FROM inventory WHERE (product_id IN (?,?,?))
23:12:13:913 DEBUG 43472 --- [warehouse] [http-nio-8000-exec-4] c.zh.mapper.InventoryMapper.selectList   : ==> Parameters: 1(Long), 2(Long), 11(Long)
23:12:13:914 DEBUG 43472 --- [warehouse] [http-nio-8000-exec-4] c.zh.mapper.InventoryMapper.selectList   : <==      Total: 2
23:12:16:945 DEBUG 43472 --- [warehouse] [http-nio-8000-exec-6] com.zh.mapper.ProductMapper.selectList   : ==>  Preparing: SELECT id,sku,name,category,unit,price,low_stock_threshold,created_at,updated_at FROM product
23:12:16:945 DEBUG 43472 --- [warehouse] [http-nio-8000-exec-6] com.zh.mapper.ProductMapper.selectList   : ==> Parameters: 
23:12:16:948 DEBUG 43472 --- [warehouse] [http-nio-8000-exec-6] com.zh.mapper.ProductMapper.selectList   : <==      Total: 11
23:12:16:973 DEBUG 43472 --- [warehouse] [http-nio-8000-exec-6] c.zh.mapper.InventoryMapper.selectList   : ==>  Preparing: SELECT id,product_id,quantity,reserved_quantity,version,updated_at FROM inventory WHERE (product_id IN (?))
23:12:16:973 DEBUG 43472 --- [warehouse] [http-nio-8000-exec-6] c.zh.mapper.InventoryMapper.selectList   : ==> Parameters: 11(Long)
23:12:16:975 DEBUG 43472 --- [warehouse] [http-nio-8000-exec-6] c.zh.mapper.InventoryMapper.selectList   : <==      Total: 0
23:12:17:155 DEBUG 43472 --- [warehouse] [http-nio-8000-exec-7] com.zh.mapper.ProductMapper.selectList   : ==>  Preparing: SELECT id,sku,name,category,unit,price,low_stock_threshold,created_at,updated_at FROM product
23:12:17:156 DEBUG 43472 --- [warehouse] [http-nio-8000-exec-7] com.zh.mapper.ProductMapper.selectList   : ==> Parameters: 
23:12:17:158 DEBUG 43472 --- [warehouse] [http-nio-8000-exec-7] com.zh.mapper.ProductMapper.selectList   : <==      Total: 11
23:12:17:173 DEBUG 43472 --- [warehouse] [http-nio-8000-exec-7] c.zh.mapper.InventoryMapper.selectList   : ==>  Preparing: SELECT id,product_id,quantity,reserved_quantity,version,updated_at FROM inventory WHERE (product_id IN (?))
23:12:17:174 DEBUG 43472 --- [warehouse] [http-nio-8000-exec-7] c.zh.mapper.InventoryMapper.selectList   : ==> Parameters: 11(Long)
23:12:17:175 DEBUG 43472 --- [warehouse] [http-nio-8000-exec-7] c.zh.mapper.InventoryMapper.selectList   : <==      Total: 0
23:12:19:563 DEBUG 43472 --- [warehouse] [http-nio-8000-exec-8] com.zh.mapper.OrdersMapper.selectList    : ==>  Preparing: SELECT id,order_no,type,status,total_quantity,operator_id,operator_name,remark,created_at,confirmed_at FROM orders ORDER BY created_at DESC
23:12:19:563 DEBUG 43472 --- [warehouse] [http-nio-8000-exec-8] com.zh.mapper.OrdersMapper.selectList    : ==> Parameters: 
23:12:19:567 DEBUG 43472 --- [warehouse] [http-nio-8000-exec-8] com.zh.mapper.OrdersMapper.selectList    : <==      Total: 15
23:12:19:569 DEBUG 43472 --- [warehouse] [http-nio-8000-exec-8] c.zh.mapper.OrderItemMapper.selectList   : ==>  Preparing: SELECT id,order_id,product_id,product_name,quantity FROM order_item WHERE (order_id IN (?,?,?,?,?,?,?,?,?,?,?,?,?,?,?))
23:12:19:570 DEBUG 43472 --- [warehouse] [http-nio-8000-exec-8] c.zh.mapper.OrderItemMapper.selectList   : ==> Parameters: 15(Long), 14(Long), 13(Long), 12(Long), 11(Long), 10(Long), 9(Long), 8(Long), 7(Long), 6(Long), 5(Long), 4(Long), 2(Long), 3(Long), 1(Long)
23:12:19:572 DEBUG 43472 --- [warehouse] [http-nio-8000-exec-8] c.zh.mapper.OrderItemMapper.selectList   : <==      Total: 18
23:12:31:364 DEBUG 43472 --- [warehouse] [http-nio-8000-exec-9] com.zh.mapper.OrdersMapper.selectById    : ==>  Preparing: SELECT id,order_no,type,status,total_quantity,operator_id,operator_name,remark,created_at,confirmed_at FROM orders WHERE id=?
23:12:31:364 DEBUG 43472 --- [warehouse] [http-nio-8000-exec-9] com.zh.mapper.OrdersMapper.selectById    : ==> Parameters: 2(Long)
23:12:31:365 DEBUG 43472 --- [warehouse] [http-nio-8000-exec-9] com.zh.mapper.OrdersMapper.selectById    : <==      Total: 1
23:12:31:365 DEBUG 43472 --- [warehouse] [http-nio-8000-exec-9] com.zh.mapper.OrdersMapper.updateById    : ==>  Preparing: UPDATE orders SET order_no=?, type=?, status=?, total_quantity=?, operator_id=?, operator_name=?, remark=?, created_at=? WHERE id=?
23:12:31:365 DEBUG 43472 --- [warehouse] [http-nio-8000-exec-9] com.zh.mapper.OrdersMapper.updateById    : ==> Parameters: IN202607310001(String), INBOUND(String), CONFIRMING(String), 100(Integer), 1(Long), 管理员(String), 供应商B送货-待确认(String), 2026-07-31T08:30(LocalDateTime), 2(Long)
23:12:31:367 DEBUG 43472 --- [warehouse] [http-nio-8000-exec-9] com.zh.mapper.OrdersMapper.updateById    : <==    Updates: 1
23:12:31:380 DEBUG 43472 --- [warehouse] [org.springframework.amqp.rabbit.RabbitListenerEndpointContainer#1-1] com.zh.mapper.OrdersMapper.selectById    : ==>  Preparing: SELECT id,order_no,type,status,total_quantity,operator_id,operator_name,remark,created_at,confirmed_at FROM orders WHERE id=?
23:12:31:382 DEBUG 43472 --- [warehouse] [org.springframework.amqp.rabbit.RabbitListenerEndpointContainer#1-1] com.zh.mapper.OrdersMapper.selectById    : ==> Parameters: 2(Long)
23:12:31:383 DEBUG 43472 --- [warehouse] [org.springframework.amqp.rabbit.RabbitListenerEndpointContainer#1-1] com.zh.mapper.OrdersMapper.selectById    : <==      Total: 1
23:12:31:385 DEBUG 43472 --- [warehouse] [org.springframework.amqp.rabbit.RabbitListenerEndpointContainer#1-1] c.z.m.InventoryLogMapper.selectCount     : ==>  Preparing: SELECT COUNT( * ) AS total FROM inventory_log WHERE (order_id = ?)
23:12:31:385 DEBUG 43472 --- [warehouse] [org.springframework.amqp.rabbit.RabbitListenerEndpointContainer#1-1] c.z.m.InventoryLogMapper.selectCount     : ==> Parameters: 2(Long)
23:12:31:389 DEBUG 43472 --- [warehouse] [org.springframework.amqp.rabbit.RabbitListenerEndpointContainer#1-1] c.z.m.InventoryLogMapper.selectCount     : <==      Total: 1
23:12:31:392 DEBUG 43472 --- [warehouse] [org.springframework.amqp.rabbit.RabbitListenerEndpointContainer#1-1] c.zh.mapper.OrderItemMapper.selectList   : ==>  Preparing: SELECT id,order_id,product_id,product_name,quantity FROM order_item WHERE (order_id = ?)
23:12:31:392 DEBUG 43472 --- [warehouse] [org.springframework.amqp.rabbit.RabbitListenerEndpointContainer#1-1] c.zh.mapper.OrderItemMapper.selectList   : ==> Parameters: 2(Long)
23:12:31:395 DEBUG 43472 --- [warehouse] [org.springframework.amqp.rabbit.RabbitListenerEndpointContainer#1-1] c.zh.mapper.OrderItemMapper.selectList   : <==      Total: 1
23:12:31:396 DEBUG 43472 --- [warehouse] [org.springframework.amqp.rabbit.RabbitListenerEndpointContainer#1-1] c.z.m.InventoryMapper.selectWithCursor   : ==>  Preparing: SELECT id,product_id,quantity,reserved_quantity,version,updated_at FROM inventory WHERE (product_id = ?)
23:12:31:397 DEBUG 43472 --- [warehouse] [org.springframework.amqp.rabbit.RabbitListenerEndpointContainer#1-1] c.z.m.InventoryMapper.selectWithCursor   : ==> Parameters: 1(Long)
23:12:31:399 DEBUG 43472 --- [warehouse] [org.springframework.amqp.rabbit.RabbitListenerEndpointContainer#1-1] c.z.m.InventoryMapper.selectWithCursor   : <==      Total: 1
23:12:31:399 DEBUG 43472 --- [warehouse] [org.springframework.amqp.rabbit.RabbitListenerEndpointContainer#1-1] com.zh.mapper.InventoryMapper.update     : ==>  Preparing: UPDATE inventory SET quantity = quantity + ?,updated_at=? WHERE (id = ?)
23:12:31:400 DEBUG 43472 --- [warehouse] [org.springframework.amqp.rabbit.RabbitListenerEndpointContainer#1-1] com.zh.mapper.InventoryMapper.update     : ==> Parameters: 100(Integer), 2026-08-04T23:12:31.399637400(LocalDateTime), 1(Long)
23:12:31:401 DEBUG 43472 --- [warehouse] [org.springframework.amqp.rabbit.RabbitListenerEndpointContainer#1-1] com.zh.mapper.InventoryMapper.update     : <==    Updates: 1
23:12:31:405 DEBUG 43472 --- [warehouse] [org.springframework.amqp.rabbit.RabbitListenerEndpointContainer#1-1] c.z.m.InventoryMapper.selectWithCursor   : ==>  Preparing: SELECT id,product_id,quantity,reserved_quantity,version,updated_at FROM inventory WHERE (product_id = ?)
23:12:31:405 DEBUG 43472 --- [warehouse] [org.springframework.amqp.rabbit.RabbitListenerEndpointContainer#1-1] c.z.m.InventoryMapper.selectWithCursor   : ==> Parameters: 1(Long)
23:12:31:409 DEBUG 43472 --- [warehouse] [org.springframework.amqp.rabbit.RabbitListenerEndpointContainer#1-1] c.z.m.InventoryMapper.selectWithCursor   : <==      Total: 1
23:12:31:415 DEBUG 43472 --- [warehouse] [org.springframework.amqp.rabbit.RabbitListenerEndpointContainer#1-1] c.zh.mapper.InventoryLogMapper.insert    : ==>  Preparing: INSERT INTO inventory_log ( product_id, change_type, change_quantity, before_quantity, after_quantity, order_id, created_at ) VALUES ( ?, ?, ?, ?, ?, ?, ? )
23:12:31:416 DEBUG 43472 --- [warehouse] [org.springframework.amqp.rabbit.RabbitListenerEndpointContainer#1-1] c.zh.mapper.InventoryLogMapper.insert    : ==> Parameters: 1(Long), INBOUND(String), 100(Integer), 194(Integer), 294(Integer), 2(Long), 2026-08-04T23:12:31.410506(LocalDateTime)
23:12:31:418 DEBUG 43472 --- [warehouse] [org.springframework.amqp.rabbit.RabbitListenerEndpointContainer#1-1] c.zh.mapper.InventoryLogMapper.insert    : <==    Updates: 1
23:12:31:420 DEBUG 43472 --- [warehouse] [org.springframework.amqp.rabbit.RabbitListenerEndpointContainer#1-1] com.zh.mapper.ProductMapper.selectById   : ==>  Preparing: SELECT id,sku,name,category,unit,price,low_stock_threshold,created_at,updated_at FROM product WHERE id=?
23:12:31:421 DEBUG 43472 --- [warehouse] [org.springframework.amqp.rabbit.RabbitListenerEndpointContainer#1-1] com.zh.mapper.ProductMapper.selectById   : ==> Parameters: 1(Long)
23:12:31:424 DEBUG 43472 --- [warehouse] [org.springframework.amqp.rabbit.RabbitListenerEndpointContainer#1-1] com.zh.mapper.ProductMapper.selectById   : <==      Total: 1
23:12:31:428 DEBUG 43472 --- [warehouse] [org.springframework.amqp.rabbit.RabbitListenerEndpointContainer#1-1] c.z.m.InventoryMapper.selectWithCursor   : ==>  Preparing: SELECT id,product_id,quantity,reserved_quantity,version,updated_at FROM inventory WHERE (product_id = ?)
23:12:31:429 DEBUG 43472 --- [warehouse] [org.springframework.amqp.rabbit.RabbitListenerEndpointContainer#1-1] c.z.m.InventoryMapper.selectWithCursor   : ==> Parameters: 1(Long)
23:12:31:431 DEBUG 43472 --- [warehouse] [org.springframework.amqp.rabbit.RabbitListenerEndpointContainer#1-1] c.z.m.InventoryMapper.selectWithCursor   : <==      Total: 1
23:12:31:433 DEBUG 43472 --- [warehouse] [org.springframework.amqp.rabbit.RabbitListenerEndpointContainer#1-1] com.zh.mapper.OrdersMapper.updateById    : ==>  Preparing: UPDATE orders SET order_no=?, type=?, status=?, total_quantity=?, operator_id=?, operator_name=?, remark=?, created_at=?, confirmed_at=? WHERE id=?
23:12:31:433 DEBUG 43472 --- [warehouse] [org.springframework.amqp.rabbit.RabbitListenerEndpointContainer#1-1] com.zh.mapper.OrdersMapper.updateById    : ==> Parameters: IN202607310001(String), INBOUND(String), COMPLETED(String), 100(Integer), 1(Long), 管理员(String), 供应商B送货-待确认(String), 2026-07-31T08:30(LocalDateTime), 2026-08-04T23:12:31.432757(LocalDateTime), 2(Long)
23:12:31:438 DEBUG 43472 --- [warehouse] [org.springframework.amqp.rabbit.RabbitListenerEndpointContainer#1-1] com.zh.mapper.OrdersMapper.updateById    : <==    Updates: 1
23:12:31:438  INFO 43472 --- [warehouse] [org.springframework.amqp.rabbit.RabbitListenerEndpointContainer#1-1] c.z.s.impl.OrderConfirmServiceImpl       : 入库确认处理完成, orderId=2
23:12:31:637 DEBUG 43472 --- [warehouse] [http-nio-8000-exec-10] com.zh.mapper.OrdersMapper.selectList    : ==>  Preparing: SELECT id,order_no,type,status,total_quantity,operator_id,operator_name,remark,created_at,confirmed_at FROM orders ORDER BY created_at DESC
23:12:31:638 DEBUG 43472 --- [warehouse] [http-nio-8000-exec-10] com.zh.mapper.OrdersMapper.selectList    : ==> Parameters: 
23:12:31:641 DEBUG 43472 --- [warehouse] [http-nio-8000-exec-10] com.zh.mapper.OrdersMapper.selectList    : <==      Total: 15
23:12:31:644 DEBUG 43472 --- [warehouse] [http-nio-8000-exec-10] c.zh.mapper.OrderItemMapper.selectList   : ==>  Preparing: SELECT id,order_id,product_id,product_name,quantity FROM order_item WHERE (order_id IN (?,?,?,?,?,?,?,?,?,?,?,?,?,?,?))
23:12:31:644 DEBUG 43472 --- [warehouse] [http-nio-8000-exec-10] c.zh.mapper.OrderItemMapper.selectList   : ==> Parameters: 15(Long), 14(Long), 13(Long), 12(Long), 11(Long), 10(Long), 9(Long), 8(Long), 7(Long), 6(Long), 5(Long), 4(Long), 2(Long), 3(Long), 1(Long)
23:12:31:646 DEBUG 43472 --- [warehouse] [http-nio-8000-exec-10] c.zh.mapper.OrderItemMapper.selectList   : <==      Total: 18
23:12:31:894 DEBUG 43472 --- [warehouse] [http-nio-8000-exec-1] com.zh.mapper.OrdersMapper.selectList    : ==>  Preparing: SELECT id,order_no,type,status,total_quantity,operator_id,operator_name,remark,created_at,confirmed_at FROM orders ORDER BY created_at DESC
23:12:31:895 DEBUG 43472 --- [warehouse] [http-nio-8000-exec-1] com.zh.mapper.OrdersMapper.selectList    : ==> Parameters: 
23:12:31:901 DEBUG 43472 --- [warehouse] [http-nio-8000-exec-1] com.zh.mapper.OrdersMapper.selectList    : <==      Total: 15
23:12:31:903 DEBUG 43472 --- [warehouse] [http-nio-8000-exec-1] c.zh.mapper.OrderItemMapper.selectList   : ==>  Preparing: SELECT id,order_id,product_id,product_name,quantity FROM order_item WHERE (order_id IN (?,?,?,?,?,?,?,?,?,?,?,?,?,?,?))
23:12:31:905 DEBUG 43472 --- [warehouse] [http-nio-8000-exec-1] c.zh.mapper.OrderItemMapper.selectList   : ==> Parameters: 15(Long), 14(Long), 13(Long), 12(Long), 11(Long), 10(Long), 9(Long), 8(Long), 7(Long), 6(Long), 5(Long), 4(Long), 2(Long), 3(Long), 1(Long)
23:12:31:911 DEBUG 43472 --- [warehouse] [http-nio-8000-exec-1] c.zh.mapper.OrderItemMapper.selectList   : <==      Total: 18
23:12:32:928 DEBUG 43472 --- [warehouse] [http-nio-8000-exec-2] com.zh.mapper.ProductMapper.selectList   : ==>  Preparing: SELECT id,sku,name,category,unit,price,low_stock_threshold,created_at,updated_at FROM product
23:12:32:928 DEBUG 43472 --- [warehouse] [http-nio-8000-exec-2] com.zh.mapper.ProductMapper.selectList   : ==> Parameters: 
23:12:32:931 DEBUG 43472 --- [warehouse] [http-nio-8000-exec-2] com.zh.mapper.ProductMapper.selectList   : <==      Total: 11
23:12:32:954 DEBUG 43472 --- [warehouse] [http-nio-8000-exec-2] c.zh.mapper.InventoryMapper.selectList   : ==>  Preparing: SELECT id,product_id,quantity,reserved_quantity,version,updated_at FROM inventory WHERE (product_id IN (?,?))
23:12:32:955 DEBUG 43472 --- [warehouse] [http-nio-8000-exec-2] c.zh.mapper.InventoryMapper.selectList   : ==> Parameters: 1(Long), 11(Long)
23:12:32:959 DEBUG 43472 --- [warehouse] [http-nio-8000-exec-2] c.zh.mapper.InventoryMapper.selectList   : <==      Total: 1
23:12:33:723 DEBUG 43472 --- [warehouse] [http-nio-8000-exec-3] com.zh.mapper.OrdersMapper.selectList    : ==>  Preparing: SELECT id,order_no,type,status,total_quantity,operator_id,operator_name,remark,created_at,confirmed_at FROM orders ORDER BY created_at DESC
23:12:33:724 DEBUG 43472 --- [warehouse] [http-nio-8000-exec-3] com.zh.mapper.OrdersMapper.selectList    : ==> Parameters: 
23:12:33:727 DEBUG 43472 --- [warehouse] [http-nio-8000-exec-3] com.zh.mapper.OrdersMapper.selectList    : <==      Total: 15
23:12:33:730 DEBUG 43472 --- [warehouse] [http-nio-8000-exec-3] c.zh.mapper.OrderItemMapper.selectList   : ==>  Preparing: SELECT id,order_id,product_id,product_name,quantity FROM order_item WHERE (order_id IN (?,?,?,?,?,?,?,?,?,?,?,?,?,?,?))
23:12:33:731 DEBUG 43472 --- [warehouse] [http-nio-8000-exec-3] c.zh.mapper.OrderItemMapper.selectList   : ==> Parameters: 15(Long), 14(Long), 13(Long), 12(Long), 11(Long), 10(Long), 9(Long), 8(Long), 7(Long), 6(Long), 5(Long), 4(Long), 2(Long), 3(Long), 1(Long)
23:12:33:734 DEBUG 43472 --- [warehouse] [http-nio-8000-exec-3] c.zh.mapper.OrderItemMapper.selectList   : <==      Total: 18
23:12:52:560 DEBUG 43472 --- [warehouse] [http-nio-8000-exec-5] com.zh.mapper.ProductMapper.selectList   : ==>  Preparing: SELECT id,sku,name,category,unit,price,low_stock_threshold,created_at,updated_at FROM product
23:12:52:562 DEBUG 43472 --- [warehouse] [http-nio-8000-exec-5] com.zh.mapper.ProductMapper.selectList   : ==> Parameters: 
23:12:52:564 DEBUG 43472 --- [warehouse] [http-nio-8000-exec-5] com.zh.mapper.ProductMapper.selectList   : <==      Total: 11
23:12:52:581 DEBUG 43472 --- [warehouse] [http-nio-8000-exec-5] c.zh.mapper.InventoryMapper.selectList   : ==>  Preparing: SELECT id,product_id,quantity,reserved_quantity,version,updated_at FROM inventory WHERE (product_id IN (?,?,?,?,?,?,?,?,?))
23:12:52:582 DEBUG 43472 --- [warehouse] [http-nio-8000-exec-5] c.zh.mapper.InventoryMapper.selectList   : ==> Parameters: 3(Long), 4(Long), 5(Long), 6(Long), 7(Long), 8(Long), 9(Long), 10(Long), 11(Long)
23:12:52:584 DEBUG 43472 --- [warehouse] [http-nio-8000-exec-5] c.zh.mapper.InventoryMapper.selectList   : <==      Total: 8
23:12:57:513 DEBUG 43472 --- [warehouse] [http-nio-8000-exec-4] com.zh.mapper.OrdersMapper.selectList    : ==>  Preparing: SELECT id,order_no,type,status,total_quantity,operator_id,operator_name,remark,created_at,confirmed_at FROM orders ORDER BY created_at DESC
23:12:57:513 DEBUG 43472 --- [warehouse] [http-nio-8000-exec-4] com.zh.mapper.OrdersMapper.selectList    : ==> Parameters: 
23:12:57:516 DEBUG 43472 --- [warehouse] [http-nio-8000-exec-4] com.zh.mapper.OrdersMapper.selectList    : <==      Total: 15
23:12:57:518 DEBUG 43472 --- [warehouse] [http-nio-8000-exec-4] c.zh.mapper.OrderItemMapper.selectList   : ==>  Preparing: SELECT id,order_id,product_id,product_name,quantity FROM order_item WHERE (order_id IN (?,?,?,?,?,?,?,?,?,?,?,?,?,?,?))
23:12:57:519 DEBUG 43472 --- [warehouse] [http-nio-8000-exec-4] c.zh.mapper.OrderItemMapper.selectList   : ==> Parameters: 15(Long), 14(Long), 13(Long), 12(Long), 11(Long), 10(Long), 9(Long), 8(Long), 7(Long), 6(Long), 5(Long), 4(Long), 2(Long), 3(Long), 1(Long)
23:12:57:521 DEBUG 43472 --- [warehouse] [http-nio-8000-exec-4] c.zh.mapper.OrderItemMapper.selectList   : <==      Total: 18
23:12:58:711 DEBUG 43472 --- [warehouse] [http-nio-8000-exec-6] c.z.m.ProductMapper.selectList_mpCount   : ==>  Preparing: SELECT COUNT(*) AS total FROM product
23:12:58:711 DEBUG 43472 --- [warehouse] [http-nio-8000-exec-6] c.z.m.ProductMapper.selectList_mpCount   : ==> Parameters: 
23:12:58:713 DEBUG 43472 --- [warehouse] [http-nio-8000-exec-6] c.z.m.ProductMapper.selectList_mpCount   : <==      Total: 1
23:12:58:713 DEBUG 43472 --- [warehouse] [http-nio-8000-exec-6] com.zh.mapper.ProductMapper.selectList   : ==>  Preparing: SELECT id,sku,name,category,unit,price,low_stock_threshold,created_at,updated_at FROM product ORDER BY id ASC LIMIT ?
23:12:58:715 DEBUG 43472 --- [warehouse] [http-nio-8000-exec-6] com.zh.mapper.ProductMapper.selectList   : ==> Parameters: 100(Long)
23:12:58:719 DEBUG 43472 --- [warehouse] [http-nio-8000-exec-6] com.zh.mapper.ProductMapper.selectList   : <==      Total: 11
23:13:04:587 DEBUG 43472 --- [warehouse] [http-nio-8000-exec-7] c.zh.mapper.ProductMapper.selectByIds    : ==>  Preparing: SELECT id,sku,name,category,unit,price,low_stock_threshold,created_at,updated_at FROM product WHERE id IN ( ? )
23:13:04:588 DEBUG 43472 --- [warehouse] [http-nio-8000-exec-7] c.zh.mapper.ProductMapper.selectByIds    : ==> Parameters: 2(Long)
23:13:04:590 DEBUG 43472 --- [warehouse] [http-nio-8000-exec-7] c.zh.mapper.ProductMapper.selectByIds    : <==      Total: 1
23:13:04:592 DEBUG 43472 --- [warehouse] [http-nio-8000-exec-7] com.zh.mapper.InventoryMapper.update     : ==>  Preparing: UPDATE inventory SET reserved_quantity = reserved_quantity + ?,updated_at=? WHERE (product_id = ? AND quantity - reserved_quantity >= ?)
23:13:04:593 DEBUG 43472 --- [warehouse] [http-nio-8000-exec-7] com.zh.mapper.InventoryMapper.update     : ==> Parameters: 50(Integer), 2026-08-04T23:13:04.591411400(LocalDateTime), 2(Long), 50(Integer)
23:13:04:595 DEBUG 43472 --- [warehouse] [http-nio-8000-exec-7] com.zh.mapper.InventoryMapper.update     : <==    Updates: 1
23:13:04:596 DEBUG 43472 --- [warehouse] [http-nio-8000-exec-7] com.zh.mapper.OrdersMapper.selectCount   : ==>  Preparing: SELECT COUNT( * ) AS total FROM orders WHERE (order_no LIKE ?)
23:13:04:596 DEBUG 43472 --- [warehouse] [http-nio-8000-exec-7] com.zh.mapper.OrdersMapper.selectCount   : ==> Parameters: OUT20260804%(String)
23:13:04:598 DEBUG 43472 --- [warehouse] [http-nio-8000-exec-7] com.zh.mapper.OrdersMapper.selectCount   : <==      Total: 1
23:13:04:599 DEBUG 43472 --- [warehouse] [http-nio-8000-exec-7] com.zh.mapper.OrdersMapper.insert        : ==>  Preparing: INSERT INTO orders ( order_no, type, status, total_quantity, operator_id, operator_name, remark, created_at ) VALUES ( ?, ?, ?, ?, ?, ?, ?, ? )
23:13:04:600 DEBUG 43472 --- [warehouse] [http-nio-8000-exec-7] com.zh.mapper.OrdersMapper.insert        : ==> Parameters: OUT202608040005(String), OUTBOUND(String), RESERVED(String), 50(Integer), 1(Long), 管理员(String), (String), 2026-08-04T23:13:04.598957700(LocalDateTime)
23:13:04:601 DEBUG 43472 --- [warehouse] [http-nio-8000-exec-7] com.zh.mapper.OrdersMapper.insert        : <==    Updates: 1
23:13:04:603 DEBUG 43472 --- [warehouse] [http-nio-8000-exec-7] com.zh.mapper.OrderItemMapper.insert     : ==>  Preparing: INSERT INTO order_item ( order_id, product_id, product_name, quantity ) VALUES ( ?, ?, ?, ? )
23:13:04:605 DEBUG 43472 --- [warehouse] [http-nio-8000-exec-7] com.zh.mapper.OrderItemMapper.insert     : ==> Parameters: 16(Long), 2(Long), N95口罩(String), 50(Integer)
23:13:04:952 DEBUG 43472 --- [warehouse] [http-nio-8000-exec-8] com.zh.mapper.OrdersMapper.selectList    : ==>  Preparing: SELECT id,order_no,type,status,total_quantity,operator_id,operator_name,remark,created_at,confirmed_at FROM orders ORDER BY created_at DESC
23:13:04:953 DEBUG 43472 --- [warehouse] [http-nio-8000-exec-8] com.zh.mapper.OrdersMapper.selectList    : ==> Parameters: 
23:13:04:959 DEBUG 43472 --- [warehouse] [http-nio-8000-exec-8] com.zh.mapper.OrdersMapper.selectList    : <==      Total: 16
23:13:04:962 DEBUG 43472 --- [warehouse] [http-nio-8000-exec-8] c.zh.mapper.OrderItemMapper.selectList   : ==>  Preparing: SELECT id,order_id,product_id,product_name,quantity FROM order_item WHERE (order_id IN (?,?,?,?,?,?,?,?,?,?,?,?,?,?,?,?))
23:13:04:964 DEBUG 43472 --- [warehouse] [http-nio-8000-exec-8] c.zh.mapper.OrderItemMapper.selectList   : ==> Parameters: 16(Long), 15(Long), 14(Long), 13(Long), 12(Long), 11(Long), 10(Long), 9(Long), 8(Long), 7(Long), 6(Long), 5(Long), 4(Long), 2(Long), 3(Long), 1(Long)
23:13:04:968 DEBUG 43472 --- [warehouse] [http-nio-8000-exec-8] c.zh.mapper.OrderItemMapper.selectList   : <==      Total: 19
23:13:07:919 DEBUG 43472 --- [warehouse] [http-nio-8000-exec-9] com.zh.mapper.ProductMapper.selectList   : ==>  Preparing: SELECT id,sku,name,category,unit,price,low_stock_threshold,created_at,updated_at FROM product
23:13:07:920 DEBUG 43472 --- [warehouse] [http-nio-8000-exec-9] com.zh.mapper.ProductMapper.selectList   : ==> Parameters: 
23:13:07:922 DEBUG 43472 --- [warehouse] [http-nio-8000-exec-9] com.zh.mapper.ProductMapper.selectList   : <==      Total: 11
23:13:07:938 DEBUG 43472 --- [warehouse] [http-nio-8000-exec-9] c.zh.mapper.InventoryMapper.selectList   : ==>  Preparing: SELECT id,product_id,quantity,reserved_quantity,version,updated_at FROM inventory WHERE (product_id IN (?))
23:13:07:939 DEBUG 43472 --- [warehouse] [http-nio-8000-exec-9] c.zh.mapper.InventoryMapper.selectList   : ==> Parameters: 11(Long)
23:13:07:940 DEBUG 43472 --- [warehouse] [http-nio-8000-exec-9] c.zh.mapper.InventoryMapper.selectList   : <==      Total: 0
23:13:10:521 DEBUG 43472 --- [warehouse] [http-nio-8000-exec-10] com.zh.mapper.ProductMapper.selectList   : ==>  Preparing: SELECT id,sku,name,category,unit,price,low_stock_threshold,created_at,updated_at FROM product
23:13:10:522 DEBUG 43472 --- [warehouse] [http-nio-8000-exec-10] com.zh.mapper.ProductMapper.selectList   : ==> Parameters: 
23:13:10:525 DEBUG 43472 --- [warehouse] [http-nio-8000-exec-10] com.zh.mapper.ProductMapper.selectList   : <==      Total: 11
23:13:10:545 DEBUG 43472 --- [warehouse] [http-nio-8000-exec-10] c.zh.mapper.InventoryMapper.selectList   : ==>  Preparing: SELECT id,product_id,quantity,reserved_quantity,version,updated_at FROM inventory WHERE (product_id IN (?))
23:13:10:547 DEBUG 43472 --- [warehouse] [http-nio-8000-exec-10] c.zh.mapper.InventoryMapper.selectList   : ==> Parameters: 11(Long)
23:13:10:548 DEBUG 43472 --- [warehouse] [http-nio-8000-exec-10] c.zh.mapper.InventoryMapper.selectList   : <==      Total: 0
23:13:11:163 DEBUG 43472 --- [warehouse] [http-nio-8000-exec-1] com.zh.mapper.ProductMapper.selectList   : ==>  Preparing: SELECT id,sku,name,category,unit,price,low_stock_threshold,created_at,updated_at FROM product
23:13:11:164 DEBUG 43472 --- [warehouse] [http-nio-8000-exec-1] com.zh.mapper.ProductMapper.selectList   : ==> Parameters: 
23:13:11:166 DEBUG 43472 --- [warehouse] [http-nio-8000-exec-1] com.zh.mapper.ProductMapper.selectList   : <==      Total: 11
23:13:11:182 DEBUG 43472 --- [warehouse] [http-nio-8000-exec-1] c.zh.mapper.InventoryMapper.selectList   : ==>  Preparing: SELECT id,product_id,quantity,reserved_quantity,version,updated_at FROM inventory WHERE (product_id IN (?))
23:13:11:183 DEBUG 43472 --- [warehouse] [http-nio-8000-exec-1] c.zh.mapper.InventoryMapper.selectList   : ==> Parameters: 11(Long)
23:13:11:185 DEBUG 43472 --- [warehouse] [http-nio-8000-exec-1] c.zh.mapper.InventoryMapper.selectList   : <==      Total: 0
23:13:12:416 DEBUG 43472 --- [warehouse] [http-nio-8000-exec-2] com.zh.mapper.OrdersMapper.selectList    : ==>  Preparing: SELECT id,order_no,type,status,total_quantity,operator_id,operator_name,remark,created_at,confirmed_at FROM orders ORDER BY created_at DESC
23:13:12:418 DEBUG 43472 --- [warehouse] [http-nio-8000-exec-2] com.zh.mapper.OrdersMapper.selectList    : ==> Parameters: 
23:13:12:420 DEBUG 43472 --- [warehouse] [http-nio-8000-exec-2] com.zh.mapper.OrdersMapper.selectList    : <==      Total: 16
23:13:12:422 DEBUG 43472 --- [warehouse] [http-nio-8000-exec-2] c.zh.mapper.OrderItemMapper.selectList   : ==>  Preparing: SELECT id,order_id,product_id,product_name,quantity FROM order_item WHERE (order_id IN (?,?,?,?,?,?,?,?,?,?,?,?,?,?,?,?))
23:13:12:422 DEBUG 43472 --- [warehouse] [http-nio-8000-exec-2] c.zh.mapper.OrderItemMapper.selectList   : ==> Parameters: 16(Long), 15(Long), 14(Long), 13(Long), 12(Long), 11(Long), 10(Long), 9(Long), 8(Long), 7(Long), 6(Long), 5(Long), 4(Long), 2(Long), 3(Long), 1(Long)
23:13:12:424 DEBUG 43472 --- [warehouse] [http-nio-8000-exec-2] c.zh.mapper.OrderItemMapper.selectList   : <==      Total: 19
23:13:14:546 DEBUG 43472 --- [warehouse] [http-nio-8000-exec-3] com.zh.mapper.ProductMapper.selectList   : ==>  Preparing: SELECT id,sku,name,category,unit,price,low_stock_threshold,created_at,updated_at FROM product
23:13:14:546 DEBUG 43472 --- [warehouse] [http-nio-8000-exec-3] com.zh.mapper.ProductMapper.selectList   : ==> Parameters: 
23:13:14:548 DEBUG 43472 --- [warehouse] [http-nio-8000-exec-3] com.zh.mapper.ProductMapper.selectList   : <==      Total: 11
23:13:14:564 DEBUG 43472 --- [warehouse] [http-nio-8000-exec-3] c.zh.mapper.InventoryMapper.selectList   : ==>  Preparing: SELECT id,product_id,quantity,reserved_quantity,version,updated_at FROM inventory WHERE (product_id IN (?,?))
23:13:14:565 DEBUG 43472 --- [warehouse] [http-nio-8000-exec-3] c.zh.mapper.InventoryMapper.selectList   : ==> Parameters: 2(Long), 11(Long)
23:13:14:567 DEBUG 43472 --- [warehouse] [http-nio-8000-exec-3] c.zh.mapper.InventoryMapper.selectList   : <==      Total: 1
23:13:19:021 DEBUG 43472 --- [warehouse] [http-nio-8000-exec-5] com.zh.mapper.OrdersMapper.selectList    : ==>  Preparing: SELECT id,order_no,type,status,total_quantity,operator_id,operator_name,remark,created_at,confirmed_at FROM orders ORDER BY created_at DESC
23:13:19:021 DEBUG 43472 --- [warehouse] [http-nio-8000-exec-5] com.zh.mapper.OrdersMapper.selectList    : ==> Parameters: 
23:13:19:024 DEBUG 43472 --- [warehouse] [http-nio-8000-exec-5] com.zh.mapper.OrdersMapper.selectList    : <==      Total: 16
23:13:19:026 DEBUG 43472 --- [warehouse] [http-nio-8000-exec-5] c.zh.mapper.OrderItemMapper.selectList   : ==>  Preparing: SELECT id,order_id,product_id,product_name,quantity FROM order_item WHERE (order_id IN (?,?,?,?,?,?,?,?,?,?,?,?,?,?,?,?))
23:13:19:027 DEBUG 43472 --- [warehouse] [http-nio-8000-exec-5] c.zh.mapper.OrderItemMapper.selectList   : ==> Parameters: 16(Long), 15(Long), 14(Long), 13(Long), 12(Long), 11(Long), 10(Long), 9(Long), 8(Long), 7(Long), 6(Long), 5(Long), 4(Long), 2(Long), 3(Long), 1(Long)
23:13:19:030 DEBUG 43472 --- [warehouse] [http-nio-8000-exec-5] c.zh.mapper.OrderItemMapper.selectList   : <==      Total: 19
23:14:20:702 DEBUG 43472 --- [warehouse] [http-nio-8000-exec-4] com.zh.mapper.ProductMapper.selectList   : ==>  Preparing: SELECT id,sku,name,category,unit,price,low_stock_threshold,created_at,updated_at FROM product
23:14:20:702 DEBUG 43472 --- [warehouse] [http-nio-8000-exec-4] com.zh.mapper.ProductMapper.selectList   : ==> Parameters: 
23:14:20:704 DEBUG 43472 --- [warehouse] [http-nio-8000-exec-4] com.zh.mapper.ProductMapper.selectList   : <==      Total: 11
23:14:20:724 DEBUG 43472 --- [warehouse] [http-nio-8000-exec-4] c.zh.mapper.InventoryMapper.selectList   : ==>  Preparing: SELECT id,product_id,quantity,reserved_quantity,version,updated_at FROM inventory WHERE (product_id IN (?,?,?,?,?,?,?,?,?,?,?))
23:14:20:727 DEBUG 43472 --- [warehouse] [http-nio-8000-exec-4] c.zh.mapper.InventoryMapper.selectList   : ==> Parameters: 1(Long), 2(Long), 3(Long), 4(Long), 5(Long), 6(Long), 7(Long), 8(Long), 9(Long), 10(Long), 11(Long)
23:14:20:729 DEBUG 43472 --- [warehouse] [http-nio-8000-exec-4] c.zh.mapper.InventoryMapper.selectList   : <==      Total: 10
23:14:25:519 DEBUG 43472 --- [warehouse] [http-nio-8000-exec-6] com.zh.mapper.OrdersMapper.selectList    : ==>  Preparing: SELECT id,order_no,type,status,total_quantity,operator_id,operator_name,remark,created_at,confirmed_at FROM orders ORDER BY created_at DESC
23:14:25:520 DEBUG 43472 --- [warehouse] [http-nio-8000-exec-6] com.zh.mapper.OrdersMapper.selectList    : ==> Parameters: 
23:14:25:523 DEBUG 43472 --- [warehouse] [http-nio-8000-exec-6] com.zh.mapper.OrdersMapper.selectList    : <==      Total: 16
23:14:25:526 DEBUG 43472 --- [warehouse] [http-nio-8000-exec-6] c.zh.mapper.OrderItemMapper.selectList   : ==>  Preparing: SELECT id,order_id,product_id,product_name,quantity FROM order_item WHERE (order_id IN (?,?,?,?,?,?,?,?,?,?,?,?,?,?,?,?))
23:14:25:527 DEBUG 43472 --- [warehouse] [http-nio-8000-exec-6] c.zh.mapper.OrderItemMapper.selectList   : ==> Parameters: 16(Long), 15(Long), 14(Long), 13(Long), 12(Long), 11(Long), 10(Long), 9(Long), 8(Long), 7(Long), 6(Long), 5(Long), 4(Long), 2(Long), 3(Long), 1(Long)
23:14:25:528 DEBUG 43472 --- [warehouse] [http-nio-8000-exec-6] c.zh.mapper.OrderItemMapper.selectList   : <==      Total: 19
23:14:27:003 DEBUG 43472 --- [warehouse] [http-nio-8000-exec-7] com.zh.mapper.ProductMapper.selectList   : ==>  Preparing: SELECT id,sku,name,category,unit,price,low_stock_threshold,created_at,updated_at FROM product
23:14:27:004 DEBUG 43472 --- [warehouse] [http-nio-8000-exec-7] com.zh.mapper.ProductMapper.selectList   : ==> Parameters: 
23:14:27:011 DEBUG 43472 --- [warehouse] [http-nio-8000-exec-7] com.zh.mapper.ProductMapper.selectList   : <==      Total: 11
23:14:27:036 DEBUG 43472 --- [warehouse] [http-nio-8000-exec-7] c.zh.mapper.InventoryMapper.selectList   : ==>  Preparing: SELECT id,product_id,quantity,reserved_quantity,version,updated_at FROM inventory WHERE (product_id IN (?))
23:14:27:037 DEBUG 43472 --- [warehouse] [http-nio-8000-exec-7] c.zh.mapper.InventoryMapper.selectList   : ==> Parameters: 11(Long)
23:14:27:040 DEBUG 43472 --- [warehouse] [http-nio-8000-exec-7] c.zh.mapper.InventoryMapper.selectList   : <==      Total: 0
23:14:29:370 DEBUG 43472 --- [warehouse] [http-nio-8000-exec-8] com.zh.mapper.OrdersMapper.selectList    : ==>  Preparing: SELECT id,order_no,type,status,total_quantity,operator_id,operator_name,remark,created_at,confirmed_at FROM orders ORDER BY created_at DESC
23:14:29:370 DEBUG 43472 --- [warehouse] [http-nio-8000-exec-8] com.zh.mapper.OrdersMapper.selectList    : ==> Parameters: 
23:14:29:374 DEBUG 43472 --- [warehouse] [http-nio-8000-exec-8] com.zh.mapper.OrdersMapper.selectList    : <==      Total: 16
23:14:29:375 DEBUG 43472 --- [warehouse] [http-nio-8000-exec-8] c.zh.mapper.OrderItemMapper.selectList   : ==>  Preparing: SELECT id,order_id,product_id,product_name,quantity FROM order_item WHERE (order_id IN (?,?,?,?,?,?,?,?,?,?,?,?,?,?,?,?))
23:14:29:377 DEBUG 43472 --- [warehouse] [http-nio-8000-exec-8] c.zh.mapper.OrderItemMapper.selectList   : ==> Parameters: 16(Long), 15(Long), 14(Long), 13(Long), 12(Long), 11(Long), 10(Long), 9(Long), 8(Long), 7(Long), 6(Long), 5(Long), 4(Long), 2(Long), 3(Long), 1(Long)
23:14:29:379 DEBUG 43472 --- [warehouse] [http-nio-8000-exec-8] c.zh.mapper.OrderItemMapper.selectList   : <==      Total: 19
23:14:30:531 DEBUG 43472 --- [warehouse] [http-nio-8000-exec-9] com.zh.mapper.ProductMapper.selectList   : ==>  Preparing: SELECT id,sku,name,category,unit,price,low_stock_threshold,created_at,updated_at FROM product
23:14:30:531 DEBUG 43472 --- [warehouse] [http-nio-8000-exec-9] com.zh.mapper.ProductMapper.selectList   : ==> Parameters: 
23:14:30:534 DEBUG 43472 --- [warehouse] [http-nio-8000-exec-9] com.zh.mapper.ProductMapper.selectList   : <==      Total: 11
23:14:30:552 DEBUG 43472 --- [warehouse] [http-nio-8000-exec-9] c.zh.mapper.InventoryMapper.selectList   : ==>  Preparing: SELECT id,product_id,quantity,reserved_quantity,version,updated_at FROM inventory WHERE (product_id IN (?))
23:14:30:553 DEBUG 43472 --- [warehouse] [http-nio-8000-exec-9] c.zh.mapper.InventoryMapper.selectList   : ==> Parameters: 11(Long)
23:14:30:554 DEBUG 43472 --- [warehouse] [http-nio-8000-exec-9] c.zh.mapper.InventoryMapper.selectList   : <==      Total: 0
23:14:30:995 DEBUG 43472 --- [warehouse] [http-nio-8000-exec-10] com.zh.mapper.OrdersMapper.selectList    : ==>  Preparing: SELECT id,order_no,type,status,total_quantity,operator_id,operator_name,remark,created_at,confirmed_at FROM orders ORDER BY created_at DESC
23:14:30:996 DEBUG 43472 --- [warehouse] [http-nio-8000-exec-10] com.zh.mapper.OrdersMapper.selectList    : ==> Parameters: 
23:14:30:998 DEBUG 43472 --- [warehouse] [http-nio-8000-exec-10] com.zh.mapper.OrdersMapper.selectList    : <==      Total: 16
23:14:30:999 DEBUG 43472 --- [warehouse] [http-nio-8000-exec-10] c.zh.mapper.OrderItemMapper.selectList   : ==>  Preparing: SELECT id,order_id,product_id,product_name,quantity FROM order_item WHERE (order_id IN (?,?,?,?,?,?,?,?,?,?,?,?,?,?,?,?))
23:14:31:001 DEBUG 43472 --- [warehouse] [http-nio-8000-exec-10] c.zh.mapper.OrderItemMapper.selectList   : ==> Parameters: 16(Long), 15(Long), 14(Long), 13(Long), 12(Long), 11(Long), 10(Long), 9(Long), 8(Long), 7(Long), 6(Long), 5(Long), 4(Long), 2(Long), 3(Long), 1(Long)
23:14:31:004 DEBUG 43472 --- [warehouse] [http-nio-8000-exec-10] c.zh.mapper.OrderItemMapper.selectList   : <==      Total: 19
23:14:31:788 DEBUG 43472 --- [warehouse] [http-nio-8000-exec-1] com.zh.mapper.ProductMapper.selectList   : ==>  Preparing: SELECT id,sku,name,category,unit,price,low_stock_threshold,created_at,updated_at FROM product
23:14:31:788 DEBUG 43472 --- [warehouse] [http-nio-8000-exec-1] com.zh.mapper.ProductMapper.selectList   : ==> Parameters: 
23:14:31:790 DEBUG 43472 --- [warehouse] [http-nio-8000-exec-1] com.zh.mapper.ProductMapper.selectList   : <==      Total: 11
23:14:31:807 DEBUG 43472 --- [warehouse] [http-nio-8000-exec-1] c.zh.mapper.InventoryMapper.selectList   : ==>  Preparing: SELECT id,product_id,quantity,reserved_quantity,version,updated_at FROM inventory WHERE (product_id IN (?))
23:14:31:807 DEBUG 43472 --- [warehouse] [http-nio-8000-exec-1] c.zh.mapper.InventoryMapper.selectList   : ==> Parameters: 11(Long)
23:14:31:809 DEBUG 43472 --- [warehouse] [http-nio-8000-exec-1] c.zh.mapper.InventoryMapper.selectList   : <==      Total: 0
23:14:32:222 DEBUG 43472 --- [warehouse] [http-nio-8000-exec-2] com.zh.mapper.OrdersMapper.selectList    : ==>  Preparing: SELECT id,order_no,type,status,total_quantity,operator_id,operator_name,remark,created_at,confirmed_at FROM orders ORDER BY created_at DESC
23:14:32:222 DEBUG 43472 --- [warehouse] [http-nio-8000-exec-2] com.zh.mapper.OrdersMapper.selectList    : ==> Parameters: 
23:14:32:225 DEBUG 43472 --- [warehouse] [http-nio-8000-exec-2] com.zh.mapper.OrdersMapper.selectList    : <==      Total: 16
23:14:32:227 DEBUG 43472 --- [warehouse] [http-nio-8000-exec-2] c.zh.mapper.OrderItemMapper.selectList   : ==>  Preparing: SELECT id,order_id,product_id,product_name,quantity FROM order_item WHERE (order_id IN (?,?,?,?,?,?,?,?,?,?,?,?,?,?,?,?))
23:14:32:228 DEBUG 43472 --- [warehouse] [http-nio-8000-exec-2] c.zh.mapper.OrderItemMapper.selectList   : ==> Parameters: 16(Long), 15(Long), 14(Long), 13(Long), 12(Long), 11(Long), 10(Long), 9(Long), 8(Long), 7(Long), 6(Long), 5(Long), 4(Long), 2(Long), 3(Long), 1(Long)
23:14:32:230 DEBUG 43472 --- [warehouse] [http-nio-8000-exec-2] c.zh.mapper.OrderItemMapper.selectList   : <==      Total: 19
23:14:33:516 DEBUG 43472 --- [warehouse] [http-nio-8000-exec-3] com.zh.mapper.ProductMapper.selectList   : ==>  Preparing: SELECT id,sku,name,category,unit,price,low_stock_threshold,created_at,updated_at FROM product
23:14:33:517 DEBUG 43472 --- [warehouse] [http-nio-8000-exec-3] com.zh.mapper.ProductMapper.selectList   : ==> Parameters: 
23:14:33:519 DEBUG 43472 --- [warehouse] [http-nio-8000-exec-3] com.zh.mapper.ProductMapper.selectList   : <==      Total: 11
23:14:33:545 DEBUG 43472 --- [warehouse] [http-nio-8000-exec-3] c.zh.mapper.InventoryMapper.selectList   : ==>  Preparing: SELECT id,product_id,quantity,reserved_quantity,version,updated_at FROM inventory WHERE (product_id IN (?))
23:14:33:546 DEBUG 43472 --- [warehouse] [http-nio-8000-exec-3] c.zh.mapper.InventoryMapper.selectList   : ==> Parameters: 11(Long)
23:14:33:550 DEBUG 43472 --- [warehouse] [http-nio-8000-exec-3] c.zh.mapper.InventoryMapper.selectList   : <==      Total: 0
23:14:34:107 DEBUG 43472 --- [warehouse] [http-nio-8000-exec-5] com.zh.mapper.OrdersMapper.selectList    : ==>  Preparing: SELECT id,order_no,type,status,total_quantity,operator_id,operator_name,remark,created_at,confirmed_at FROM orders ORDER BY created_at DESC
23:14:34:108 DEBUG 43472 --- [warehouse] [http-nio-8000-exec-5] com.zh.mapper.OrdersMapper.selectList    : ==> Parameters: 
23:14:34:110 DEBUG 43472 --- [warehouse] [http-nio-8000-exec-5] com.zh.mapper.OrdersMapper.selectList    : <==      Total: 16
23:14:34:111 DEBUG 43472 --- [warehouse] [http-nio-8000-exec-5] c.zh.mapper.OrderItemMapper.selectList   : ==>  Preparing: SELECT id,order_id,product_id,product_name,quantity FROM order_item WHERE (order_id IN (?,?,?,?,?,?,?,?,?,?,?,?,?,?,?,?))
23:14:34:112 DEBUG 43472 --- [warehouse] [http-nio-8000-exec-5] c.zh.mapper.OrderItemMapper.selectList   : ==> Parameters: 16(Long), 15(Long), 14(Long), 13(Long), 12(Long), 11(Long), 10(Long), 9(Long), 8(Long), 7(Long), 6(Long), 5(Long), 4(Long), 2(Long), 3(Long), 1(Long)
23:14:34:115 DEBUG 43472 --- [warehouse] [http-nio-8000-exec-5] c.zh.mapper.OrderItemMapper.selectList   : <==      Total: 19
23:14:35:042 DEBUG 43472 --- [warehouse] [http-nio-8000-exec-4] c.z.m.ProductMapper.selectList_mpCount   : ==>  Preparing: SELECT COUNT(*) AS total FROM product
23:14:35:043 DEBUG 43472 --- [warehouse] [http-nio-8000-exec-4] c.z.m.ProductMapper.selectList_mpCount   : ==> Parameters: 
23:14:35:046 DEBUG 43472 --- [warehouse] [http-nio-8000-exec-4] c.z.m.ProductMapper.selectList_mpCount   : <==      Total: 1
23:14:35:046 DEBUG 43472 --- [warehouse] [http-nio-8000-exec-4] com.zh.mapper.ProductMapper.selectList   : ==>  Preparing: SELECT id,sku,name,category,unit,price,low_stock_threshold,created_at,updated_at FROM product ORDER BY id ASC LIMIT ?
23:14:35:046 DEBUG 43472 --- [warehouse] [http-nio-8000-exec-4] com.zh.mapper.ProductMapper.selectList   : ==> Parameters: 10(Long)
23:14:35:048 DEBUG 43472 --- [warehouse] [http-nio-8000-exec-4] com.zh.mapper.ProductMapper.selectList   : <==      Total: 10
23:14:36:091 DEBUG 43472 --- [warehouse] [http-nio-8000-exec-7] com.zh.mapper.OrdersMapper.selectList    : ==>  Preparing: SELECT id,order_no,type,status,total_quantity,operator_id,operator_name,remark,created_at,confirmed_at FROM orders ORDER BY created_at DESC
23:14:36:091 DEBUG 43472 --- [warehouse] [http-nio-8000-exec-7] com.zh.mapper.OrdersMapper.selectList    : ==> Parameters: 
23:14:36:095 DEBUG 43472 --- [warehouse] [http-nio-8000-exec-7] com.zh.mapper.OrdersMapper.selectList    : <==      Total: 16
23:14:36:097 DEBUG 43472 --- [warehouse] [http-nio-8000-exec-7] c.zh.mapper.OrderItemMapper.selectList   : ==>  Preparing: SELECT id,order_id,product_id,product_name,quantity FROM order_item WHERE (order_id IN (?,?,?,?,?,?,?,?,?,?,?,?,?,?,?,?))
23:14:36:097 DEBUG 43472 --- [warehouse] [http-nio-8000-exec-7] c.zh.mapper.OrderItemMapper.selectList   : ==> Parameters: 16(Long), 15(Long), 14(Long), 13(Long), 12(Long), 11(Long), 10(Long), 9(Long), 8(Long), 7(Long), 6(Long), 5(Long), 4(Long), 2(Long), 3(Long), 1(Long)
23:14:36:100 DEBUG 43472 --- [warehouse] [http-nio-8000-exec-7] c.zh.mapper.OrderItemMapper.selectList   : <==      Total: 19
23:14:47:875 DEBUG 43472 --- [warehouse] [http-nio-8000-exec-8] com.zh.mapper.ProductMapper.selectList   : ==>  Preparing: SELECT id,sku,name,category,unit,price,low_stock_threshold,created_at,updated_at FROM product
23:14:47:875 DEBUG 43472 --- [warehouse] [http-nio-8000-exec-8] com.zh.mapper.ProductMapper.selectList   : ==> Parameters: 
23:14:47:879 DEBUG 43472 --- [warehouse] [http-nio-8000-exec-8] com.zh.mapper.ProductMapper.selectList   : <==      Total: 11
23:14:47:895 DEBUG 43472 --- [warehouse] [http-nio-8000-exec-8] c.zh.mapper.InventoryMapper.selectList   : ==>  Preparing: SELECT id,product_id,quantity,reserved_quantity,version,updated_at FROM inventory WHERE (product_id IN (?))
23:14:47:896 DEBUG 43472 --- [warehouse] [http-nio-8000-exec-8] c.zh.mapper.InventoryMapper.selectList   : ==> Parameters: 11(Long)
23:14:47:898 DEBUG 43472 --- [warehouse] [http-nio-8000-exec-8] c.zh.mapper.InventoryMapper.selectList   : <==      Total: 0
23:14:57:209 DEBUG 43472 --- [warehouse] [http-nio-8000-exec-9] com.zh.mapper.OrdersMapper.selectList    : ==>  Preparing: SELECT id,order_no,type,status,total_quantity,operator_id,operator_name,remark,created_at,confirmed_at FROM orders ORDER BY created_at DESC
23:14:57:209 DEBUG 43472 --- [warehouse] [http-nio-8000-exec-9] com.zh.mapper.OrdersMapper.selectList    : ==> Parameters: 
23:14:57:212 DEBUG 43472 --- [warehouse] [http-nio-8000-exec-9] com.zh.mapper.OrdersMapper.selectList    : <==      Total: 16
23:14:57:214 DEBUG 43472 --- [warehouse] [http-nio-8000-exec-9] c.zh.mapper.OrderItemMapper.selectList   : ==>  Preparing: SELECT id,order_id,product_id,product_name,quantity FROM order_item WHERE (order_id IN (?,?,?,?,?,?,?,?,?,?,?,?,?,?,?,?))
23:14:57:214 DEBUG 43472 --- [warehouse] [http-nio-8000-exec-9] c.zh.mapper.OrderItemMapper.selectList   : ==> Parameters: 16(Long), 15(Long), 14(Long), 13(Long), 12(Long), 11(Long), 10(Long), 9(Long), 8(Long), 7(Long), 6(Long), 5(Long), 4(Long), 2(Long), 3(Long), 1(Long)
23:14:57:216 DEBUG 43472 --- [warehouse] [http-nio-8000-exec-9] c.zh.mapper.OrderItemMapper.selectList   : <==      Total: 19
23:14:59:168 DEBUG 43472 --- [warehouse] [http-nio-8000-exec-10] c.z.m.ProductMapper.selectList_mpCount   : ==>  Preparing: SELECT COUNT(*) AS total FROM product
23:14:59:169 DEBUG 43472 --- [warehouse] [http-nio-8000-exec-10] c.z.m.ProductMapper.selectList_mpCount   : ==> Parameters: 
23:14:59:170 DEBUG 43472 --- [warehouse] [http-nio-8000-exec-10] c.z.m.ProductMapper.selectList_mpCount   : <==      Total: 1
23:14:59:171 DEBUG 43472 --- [warehouse] [http-nio-8000-exec-10] com.zh.mapper.ProductMapper.selectList   : ==>  Preparing: SELECT id,sku,name,category,unit,price,low_stock_threshold,created_at,updated_at FROM product ORDER BY id ASC LIMIT ?
23:14:59:172 DEBUG 43472 --- [warehouse] [http-nio-8000-exec-10] com.zh.mapper.ProductMapper.selectList   : ==> Parameters: 100(Long)
23:14:59:174 DEBUG 43472 --- [warehouse] [http-nio-8000-exec-10] com.zh.mapper.ProductMapper.selectList   : <==      Total: 11
23:15:07:217 DEBUG 43472 --- [warehouse] [http-nio-8000-exec-1] c.zh.mapper.ProductMapper.selectByIds    : ==>  Preparing: SELECT id,sku,name,category,unit,price,low_stock_threshold,created_at,updated_at FROM product WHERE id IN ( ? )
23:15:07:218 DEBUG 43472 --- [warehouse] [http-nio-8000-exec-1] c.zh.mapper.ProductMapper.selectByIds    : ==> Parameters: 1(Long)
23:15:07:220 DEBUG 43472 --- [warehouse] [http-nio-8000-exec-1] c.zh.mapper.ProductMapper.selectByIds    : <==      Total: 1
23:15:07:222 DEBUG 43472 --- [warehouse] [http-nio-8000-exec-1] com.zh.mapper.InventoryMapper.update     : ==>  Preparing: UPDATE inventory SET reserved_quantity = reserved_quantity + ?,updated_at=? WHERE (product_id = ? AND quantity - reserved_quantity >= ?)
23:15:07:222 DEBUG 43472 --- [warehouse] [http-nio-8000-exec-1] com.zh.mapper.InventoryMapper.update     : ==> Parameters: 100(Integer), 2026-08-04T23:15:07.221804(LocalDateTime), 1(Long), 100(Integer)
23:15:07:226 DEBUG 43472 --- [warehouse] [http-nio-8000-exec-1] com.zh.mapper.InventoryMapper.update     : <==    Updates: 1
23:15:07:227 DEBUG 43472 --- [warehouse] [http-nio-8000-exec-1] com.zh.mapper.OrdersMapper.selectCount   : ==>  Preparing: SELECT COUNT( * ) AS total FROM orders WHERE (order_no LIKE ?)
23:15:07:227 DEBUG 43472 --- [warehouse] [http-nio-8000-exec-1] com.zh.mapper.OrdersMapper.selectCount   : ==> Parameters: OUT20260804%(String)
23:15:07:229 DEBUG 43472 --- [warehouse] [http-nio-8000-exec-1] com.zh.mapper.OrdersMapper.selectCount   : <==      Total: 1
23:15:07:232 DEBUG 43472 --- [warehouse] [http-nio-8000-exec-1] com.zh.mapper.OrdersMapper.insert        : ==>  Preparing: INSERT INTO orders ( order_no, type, status, total_quantity, operator_id, operator_name, remark, created_at ) VALUES ( ?, ?, ?, ?, ?, ?, ?, ? )
23:15:07:234 DEBUG 43472 --- [warehouse] [http-nio-8000-exec-1] com.zh.mapper.OrdersMapper.insert        : ==> Parameters: OUT202608040006(String), OUTBOUND(String), RESERVED(String), 100(Integer), 1(Long), 管理员(String), 2(String), 2026-08-04T23:15:07.230345100(LocalDateTime)
23:15:07:238 DEBUG 43472 --- [warehouse] [http-nio-8000-exec-1] com.zh.mapper.OrdersMapper.insert        : <==    Updates: 1
23:15:07:242 DEBUG 43472 --- [warehouse] [http-nio-8000-exec-1] com.zh.mapper.OrderItemMapper.insert     : ==>  Preparing: INSERT INTO order_item ( order_id, product_id, product_name, quantity ) VALUES ( ?, ?, ?, ? )
23:15:07:243 DEBUG 43472 --- [warehouse] [http-nio-8000-exec-1] com.zh.mapper.OrderItemMapper.insert     : ==> Parameters: 17(Long), 1(Long), 一次性口罩(String), 100(Integer)
23:15:07:573 DEBUG 43472 --- [warehouse] [http-nio-8000-exec-2] com.zh.mapper.OrdersMapper.selectList    : ==>  Preparing: SELECT id,order_no,type,status,total_quantity,operator_id,operator_name,remark,created_at,confirmed_at FROM orders ORDER BY created_at DESC
23:15:07:574 DEBUG 43472 --- [warehouse] [http-nio-8000-exec-2] com.zh.mapper.OrdersMapper.selectList    : ==> Parameters: 
23:15:07:579 DEBUG 43472 --- [warehouse] [http-nio-8000-exec-2] com.zh.mapper.OrdersMapper.selectList    : <==      Total: 17
23:15:07:583 DEBUG 43472 --- [warehouse] [http-nio-8000-exec-2] c.zh.mapper.OrderItemMapper.selectList   : ==>  Preparing: SELECT id,order_id,product_id,product_name,quantity FROM order_item WHERE (order_id IN (?,?,?,?,?,?,?,?,?,?,?,?,?,?,?,?,?))
23:15:07:586 DEBUG 43472 --- [warehouse] [http-nio-8000-exec-2] c.zh.mapper.OrderItemMapper.selectList   : ==> Parameters: 17(Long), 16(Long), 15(Long), 14(Long), 13(Long), 12(Long), 11(Long), 10(Long), 9(Long), 8(Long), 7(Long), 6(Long), 5(Long), 4(Long), 2(Long), 3(Long), 1(Long)
23:15:07:589 DEBUG 43472 --- [warehouse] [http-nio-8000-exec-2] c.zh.mapper.OrderItemMapper.selectList   : <==      Total: 20
23:15:08:440 DEBUG 43472 --- [warehouse] [http-nio-8000-exec-3] com.zh.mapper.ProductMapper.selectList   : ==>  Preparing: SELECT id,sku,name,category,unit,price,low_stock_threshold,created_at,updated_at FROM product
23:15:08:441 DEBUG 43472 --- [warehouse] [http-nio-8000-exec-3] com.zh.mapper.ProductMapper.selectList   : ==> Parameters: 
23:15:08:444 DEBUG 43472 --- [warehouse] [http-nio-8000-exec-3] com.zh.mapper.ProductMapper.selectList   : <==      Total: 11
23:15:08:459 DEBUG 43472 --- [warehouse] [http-nio-8000-exec-3] c.zh.mapper.InventoryMapper.selectList   : ==>  Preparing: SELECT id,product_id,quantity,reserved_quantity,version,updated_at FROM inventory WHERE (product_id IN (?))
23:15:08:461 DEBUG 43472 --- [warehouse] [http-nio-8000-exec-3] c.zh.mapper.InventoryMapper.selectList   : ==> Parameters: 11(Long)
23:15:08:463 DEBUG 43472 --- [warehouse] [http-nio-8000-exec-3] c.zh.mapper.InventoryMapper.selectList   : <==      Total: 0
23:15:12:773 DEBUG 43472 --- [warehouse] [http-nio-8000-exec-5] com.zh.mapper.OrdersMapper.selectList    : ==>  Preparing: SELECT id,order_no,type,status,total_quantity,operator_id,operator_name,remark,created_at,confirmed_at FROM orders ORDER BY created_at DESC
23:15:12:773 DEBUG 43472 --- [warehouse] [http-nio-8000-exec-5] com.zh.mapper.OrdersMapper.selectList    : ==> Parameters: 
23:15:12:779 DEBUG 43472 --- [warehouse] [http-nio-8000-exec-5] com.zh.mapper.OrdersMapper.selectList    : <==      Total: 17
23:15:12:783 DEBUG 43472 --- [warehouse] [http-nio-8000-exec-5] c.zh.mapper.OrderItemMapper.selectList   : ==>  Preparing: SELECT id,order_id,product_id,product_name,quantity FROM order_item WHERE (order_id IN (?,?,?,?,?,?,?,?,?,?,?,?,?,?,?,?,?))
23:15:12:783 DEBUG 43472 --- [warehouse] [http-nio-8000-exec-5] c.zh.mapper.OrderItemMapper.selectList   : ==> Parameters: 17(Long), 16(Long), 15(Long), 14(Long), 13(Long), 12(Long), 11(Long), 10(Long), 9(Long), 8(Long), 7(Long), 6(Long), 5(Long), 4(Long), 2(Long), 3(Long), 1(Long)
23:15:12:787 DEBUG 43472 --- [warehouse] [http-nio-8000-exec-5] c.zh.mapper.OrderItemMapper.selectList   : <==      Total: 20
23:15:13:032 DEBUG 43472 --- [warehouse] [http-nio-8000-exec-4] com.zh.mapper.ProductMapper.selectList   : ==>  Preparing: SELECT id,sku,name,category,unit,price,low_stock_threshold,created_at,updated_at FROM product
23:15:13:033 DEBUG 43472 --- [warehouse] [http-nio-8000-exec-4] com.zh.mapper.ProductMapper.selectList   : ==> Parameters: 
23:15:13:036 DEBUG 43472 --- [warehouse] [http-nio-8000-exec-4] com.zh.mapper.ProductMapper.selectList   : <==      Total: 11
23:15:13:052 DEBUG 43472 --- [warehouse] [http-nio-8000-exec-4] c.zh.mapper.InventoryMapper.selectList   : ==>  Preparing: SELECT id,product_id,quantity,reserved_quantity,version,updated_at FROM inventory WHERE (product_id IN (?))
23:15:13:054 DEBUG 43472 --- [warehouse] [http-nio-8000-exec-4] c.zh.mapper.InventoryMapper.selectList   : ==> Parameters: 11(Long)
23:15:13:055 DEBUG 43472 --- [warehouse] [http-nio-8000-exec-4] c.zh.mapper.InventoryMapper.selectList   : <==      Total: 0
23:15:13:669 DEBUG 43472 --- [warehouse] [http-nio-8000-exec-6] com.zh.mapper.OrdersMapper.selectList    : ==>  Preparing: SELECT id,order_no,type,status,total_quantity,operator_id,operator_name,remark,created_at,confirmed_at FROM orders ORDER BY created_at DESC
23:15:13:670 DEBUG 43472 --- [warehouse] [http-nio-8000-exec-6] com.zh.mapper.OrdersMapper.selectList    : ==> Parameters: 
23:15:13:674 DEBUG 43472 --- [warehouse] [http-nio-8000-exec-6] com.zh.mapper.OrdersMapper.selectList    : <==      Total: 17
23:15:13:676 DEBUG 43472 --- [warehouse] [http-nio-8000-exec-6] c.zh.mapper.OrderItemMapper.selectList   : ==>  Preparing: SELECT id,order_id,product_id,product_name,quantity FROM order_item WHERE (order_id IN (?,?,?,?,?,?,?,?,?,?,?,?,?,?,?,?,?))
23:15:13:677 DEBUG 43472 --- [warehouse] [http-nio-8000-exec-6] c.zh.mapper.OrderItemMapper.selectList   : ==> Parameters: 17(Long), 16(Long), 15(Long), 14(Long), 13(Long), 12(Long), 11(Long), 10(Long), 9(Long), 8(Long), 7(Long), 6(Long), 5(Long), 4(Long), 2(Long), 3(Long), 1(Long)
23:15:13:679 DEBUG 43472 --- [warehouse] [http-nio-8000-exec-6] c.zh.mapper.OrderItemMapper.selectList   : <==      Total: 20
23:15:14:560 DEBUG 43472 --- [warehouse] [http-nio-8000-exec-7] com.zh.mapper.ProductMapper.selectList   : ==>  Preparing: SELECT id,sku,name,category,unit,price,low_stock_threshold,created_at,updated_at FROM product
23:15:14:561 DEBUG 43472 --- [warehouse] [http-nio-8000-exec-7] com.zh.mapper.ProductMapper.selectList   : ==> Parameters: 
23:15:14:563 DEBUG 43472 --- [warehouse] [http-nio-8000-exec-7] com.zh.mapper.ProductMapper.selectList   : <==      Total: 11
23:15:14:581 DEBUG 43472 --- [warehouse] [http-nio-8000-exec-7] c.zh.mapper.InventoryMapper.selectList   : ==>  Preparing: SELECT id,product_id,quantity,reserved_quantity,version,updated_at FROM inventory WHERE (product_id IN (?))
23:15:14:581 DEBUG 43472 --- [warehouse] [http-nio-8000-exec-7] c.zh.mapper.InventoryMapper.selectList   : ==> Parameters: 11(Long)
23:15:14:582 DEBUG 43472 --- [warehouse] [http-nio-8000-exec-7] c.zh.mapper.InventoryMapper.selectList   : <==      Total: 0
23:15:15:059 DEBUG 43472 --- [warehouse] [http-nio-8000-exec-8] com.zh.mapper.OrdersMapper.selectList    : ==>  Preparing: SELECT id,order_no,type,status,total_quantity,operator_id,operator_name,remark,created_at,confirmed_at FROM orders ORDER BY created_at DESC
23:15:15:060 DEBUG 43472 --- [warehouse] [http-nio-8000-exec-8] com.zh.mapper.OrdersMapper.selectList    : ==> Parameters: 
23:15:15:063 DEBUG 43472 --- [warehouse] [http-nio-8000-exec-8] com.zh.mapper.OrdersMapper.selectList    : <==      Total: 17
23:15:15:064 DEBUG 43472 --- [warehouse] [http-nio-8000-exec-8] c.zh.mapper.OrderItemMapper.selectList   : ==>  Preparing: SELECT id,order_id,product_id,product_name,quantity FROM order_item WHERE (order_id IN (?,?,?,?,?,?,?,?,?,?,?,?,?,?,?,?,?))
23:15:15:065 DEBUG 43472 --- [warehouse] [http-nio-8000-exec-8] c.zh.mapper.OrderItemMapper.selectList   : ==> Parameters: 17(Long), 16(Long), 15(Long), 14(Long), 13(Long), 12(Long), 11(Long), 10(Long), 9(Long), 8(Long), 7(Long), 6(Long), 5(Long), 4(Long), 2(Long), 3(Long), 1(Long)
23:15:15:067 DEBUG 43472 --- [warehouse] [http-nio-8000-exec-8] c.zh.mapper.OrderItemMapper.selectList   : <==      Total: 20
23:15:15:832 DEBUG 43472 --- [warehouse] [http-nio-8000-exec-9] com.zh.mapper.ProductMapper.selectList   : ==>  Preparing: SELECT id,sku,name,category,unit,price,low_stock_threshold,created_at,updated_at FROM product
23:15:15:833 DEBUG 43472 --- [warehouse] [http-nio-8000-exec-9] com.zh.mapper.ProductMapper.selectList   : ==> Parameters: 
23:15:15:835 DEBUG 43472 --- [warehouse] [http-nio-8000-exec-9] com.zh.mapper.ProductMapper.selectList   : <==      Total: 11
23:15:15:885 DEBUG 43472 --- [warehouse] [http-nio-8000-exec-9] c.zh.mapper.InventoryMapper.selectList   : ==>  Preparing: SELECT id,product_id,quantity,reserved_quantity,version,updated_at FROM inventory WHERE (product_id IN (?))
23:15:15:885 DEBUG 43472 --- [warehouse] [http-nio-8000-exec-9] c.zh.mapper.InventoryMapper.selectList   : ==> Parameters: 11(Long)
23:15:15:894 DEBUG 43472 --- [warehouse] [http-nio-8000-exec-9] c.zh.mapper.InventoryMapper.selectList   : <==      Total: 0
23:15:16:777 DEBUG 43472 --- [warehouse] [http-nio-8000-exec-10] com.zh.mapper.ProductMapper.selectList   : ==>  Preparing: SELECT id,sku,name,category,unit,price,low_stock_threshold,created_at,updated_at FROM product
23:15:16:779 DEBUG 43472 --- [warehouse] [http-nio-8000-exec-10] com.zh.mapper.ProductMapper.selectList   : ==> Parameters: 
23:15:16:782 DEBUG 43472 --- [warehouse] [http-nio-8000-exec-10] com.zh.mapper.ProductMapper.selectList   : <==      Total: 11
23:15:16:794 DEBUG 43472 --- [warehouse] [http-nio-8000-exec-10] c.zh.mapper.InventoryMapper.selectList   : ==>  Preparing: SELECT id,product_id,quantity,reserved_quantity,version,updated_at FROM inventory WHERE (product_id IN (?))
23:15:16:795 DEBUG 43472 --- [warehouse] [http-nio-8000-exec-10] c.zh.mapper.InventoryMapper.selectList   : ==> Parameters: 11(Long)
23:15:16:796 DEBUG 43472 --- [warehouse] [http-nio-8000-exec-10] c.zh.mapper.InventoryMapper.selectList   : <==      Total: 0
23:15:17:867 DEBUG 43472 --- [warehouse] [http-nio-8000-exec-1] com.zh.mapper.OrdersMapper.selectList    : ==>  Preparing: SELECT id,order_no,type,status,total_quantity,operator_id,operator_name,remark,created_at,confirmed_at FROM orders ORDER BY created_at DESC
23:15:17:867 DEBUG 43472 --- [warehouse] [http-nio-8000-exec-1] com.zh.mapper.OrdersMapper.selectList    : ==> Parameters: 
23:15:17:871 DEBUG 43472 --- [warehouse] [http-nio-8000-exec-1] com.zh.mapper.OrdersMapper.selectList    : <==      Total: 17
23:15:17:873 DEBUG 43472 --- [warehouse] [http-nio-8000-exec-1] c.zh.mapper.OrderItemMapper.selectList   : ==>  Preparing: SELECT id,order_id,product_id,product_name,quantity FROM order_item WHERE (order_id IN (?,?,?,?,?,?,?,?,?,?,?,?,?,?,?,?,?))
23:15:17:873 DEBUG 43472 --- [warehouse] [http-nio-8000-exec-1] c.zh.mapper.OrderItemMapper.selectList   : ==> Parameters: 17(Long), 16(Long), 15(Long), 14(Long), 13(Long), 12(Long), 11(Long), 10(Long), 9(Long), 8(Long), 7(Long), 6(Long), 5(Long), 4(Long), 2(Long), 3(Long), 1(Long)
23:15:17:876 DEBUG 43472 --- [warehouse] [http-nio-8000-exec-1] c.zh.mapper.OrderItemMapper.selectList   : <==      Total: 20
23:15:18:142 DEBUG 43472 --- [warehouse] [http-nio-8000-exec-2] c.z.m.ProductMapper.selectList_mpCount   : ==>  Preparing: SELECT COUNT(*) AS total FROM product
23:15:18:143 DEBUG 43472 --- [warehouse] [http-nio-8000-exec-2] c.z.m.ProductMapper.selectList_mpCount   : ==> Parameters: 
23:15:18:145 DEBUG 43472 --- [warehouse] [http-nio-8000-exec-2] c.z.m.ProductMapper.selectList_mpCount   : <==      Total: 1
23:15:18:148 DEBUG 43472 --- [warehouse] [http-nio-8000-exec-2] com.zh.mapper.ProductMapper.selectList   : ==>  Preparing: SELECT id,sku,name,category,unit,price,low_stock_threshold,created_at,updated_at FROM product ORDER BY id ASC LIMIT ?
23:15:18:150 DEBUG 43472 --- [warehouse] [http-nio-8000-exec-2] com.zh.mapper.ProductMapper.selectList   : ==> Parameters: 10(Long)
23:15:18:154 DEBUG 43472 --- [warehouse] [http-nio-8000-exec-2] com.zh.mapper.ProductMapper.selectList   : <==      Total: 10
23:15:19:593 DEBUG 43472 --- [warehouse] [http-nio-8000-exec-3] com.zh.mapper.ProductMapper.selectList   : ==>  Preparing: SELECT id,sku,name,category,unit,price,low_stock_threshold,created_at,updated_at FROM product
23:15:19:594 DEBUG 43472 --- [warehouse] [http-nio-8000-exec-3] com.zh.mapper.ProductMapper.selectList   : ==> Parameters: 
23:15:19:596 DEBUG 43472 --- [warehouse] [http-nio-8000-exec-3] com.zh.mapper.ProductMapper.selectList   : <==      Total: 11
23:15:19:608 DEBUG 43472 --- [warehouse] [http-nio-8000-exec-3] c.zh.mapper.InventoryMapper.selectList   : ==>  Preparing: SELECT id,product_id,quantity,reserved_quantity,version,updated_at FROM inventory WHERE (product_id IN (?))
23:15:19:609 DEBUG 43472 --- [warehouse] [http-nio-8000-exec-3] c.zh.mapper.InventoryMapper.selectList   : ==> Parameters: 11(Long)
23:15:19:610 DEBUG 43472 --- [warehouse] [http-nio-8000-exec-3] c.zh.mapper.InventoryMapper.selectList   : <==      Total: 0
23:15:20:858 DEBUG 43472 --- [warehouse] [http-nio-8000-exec-5] c.z.m.ProductMapper.selectList_mpCount   : ==>  Preparing: SELECT COUNT(*) AS total FROM product
23:15:20:859 DEBUG 43472 --- [warehouse] [http-nio-8000-exec-5] c.z.m.ProductMapper.selectList_mpCount   : ==> Parameters: 
23:15:20:860 DEBUG 43472 --- [warehouse] [http-nio-8000-exec-5] c.z.m.ProductMapper.selectList_mpCount   : <==      Total: 1
23:15:20:861 DEBUG 43472 --- [warehouse] [http-nio-8000-exec-5] com.zh.mapper.ProductMapper.selectList   : ==>  Preparing: SELECT id,sku,name,category,unit,price,low_stock_threshold,created_at,updated_at FROM product ORDER BY id ASC LIMIT ?
23:15:20:861 DEBUG 43472 --- [warehouse] [http-nio-8000-exec-5] com.zh.mapper.ProductMapper.selectList   : ==> Parameters: 10(Long)
23:15:20:864 DEBUG 43472 --- [warehouse] [http-nio-8000-exec-5] com.zh.mapper.ProductMapper.selectList   : <==      Total: 10
23:15:21:234 DEBUG 43472 --- [warehouse] [http-nio-8000-exec-4] com.zh.mapper.ProductMapper.selectList   : ==>  Preparing: SELECT id,sku,name,category,unit,price,low_stock_threshold,created_at,updated_at FROM product
23:15:21:235 DEBUG 43472 --- [warehouse] [http-nio-8000-exec-4] com.zh.mapper.ProductMapper.selectList   : ==> Parameters: 
23:15:21:238 DEBUG 43472 --- [warehouse] [http-nio-8000-exec-4] com.zh.mapper.ProductMapper.selectList   : <==      Total: 11
23:15:21:249 DEBUG 43472 --- [warehouse] [http-nio-8000-exec-4] c.zh.mapper.InventoryMapper.selectList   : ==>  Preparing: SELECT id,product_id,quantity,reserved_quantity,version,updated_at FROM inventory WHERE (product_id IN (?,?,?,?,?,?,?,?,?,?,?))
23:15:21:250 DEBUG 43472 --- [warehouse] [http-nio-8000-exec-4] c.zh.mapper.InventoryMapper.selectList   : ==> Parameters: 1(Long), 2(Long), 3(Long), 4(Long), 5(Long), 6(Long), 7(Long), 8(Long), 9(Long), 10(Long), 11(Long)
23:15:21:252 DEBUG 43472 --- [warehouse] [http-nio-8000-exec-4] c.zh.mapper.InventoryMapper.selectList   : <==      Total: 10
23:16:10:203 DEBUG 43472 --- [warehouse] [http-nio-8000-exec-6] com.zh.mapper.OrdersMapper.selectList    : ==>  Preparing: SELECT id,order_no,type,status,total_quantity,operator_id,operator_name,remark,created_at,confirmed_at FROM orders ORDER BY created_at DESC
23:16:10:203 DEBUG 43472 --- [warehouse] [http-nio-8000-exec-6] com.zh.mapper.OrdersMapper.selectList    : ==> Parameters: 
23:16:10:208 DEBUG 43472 --- [warehouse] [http-nio-8000-exec-6] com.zh.mapper.OrdersMapper.selectList    : <==      Total: 17
23:16:10:210 DEBUG 43472 --- [warehouse] [http-nio-8000-exec-6] c.zh.mapper.OrderItemMapper.selectList   : ==>  Preparing: SELECT id,order_id,product_id,product_name,quantity FROM order_item WHERE (order_id IN (?,?,?,?,?,?,?,?,?,?,?,?,?,?,?,?,?))
23:16:10:211 DEBUG 43472 --- [warehouse] [http-nio-8000-exec-6] c.zh.mapper.OrderItemMapper.selectList   : ==> Parameters: 17(Long), 16(Long), 15(Long), 14(Long), 13(Long), 12(Long), 11(Long), 10(Long), 9(Long), 8(Long), 7(Long), 6(Long), 5(Long), 4(Long), 2(Long), 3(Long), 1(Long)
23:16:10:213 DEBUG 43472 --- [warehouse] [http-nio-8000-exec-6] c.zh.mapper.OrderItemMapper.selectList   : <==      Total: 20
23:16:11:693 DEBUG 43472 --- [warehouse] [http-nio-8000-exec-7] c.z.m.ProductMapper.selectList_mpCount   : ==>  Preparing: SELECT COUNT(*) AS total FROM product
23:16:11:693 DEBUG 43472 --- [warehouse] [http-nio-8000-exec-7] c.z.m.ProductMapper.selectList_mpCount   : ==> Parameters: 
23:16:11:694 DEBUG 43472 --- [warehouse] [http-nio-8000-exec-7] c.z.m.ProductMapper.selectList_mpCount   : <==      Total: 1
23:16:11:695 DEBUG 43472 --- [warehouse] [http-nio-8000-exec-7] com.zh.mapper.ProductMapper.selectList   : ==>  Preparing: SELECT id,sku,name,category,unit,price,low_stock_threshold,created_at,updated_at FROM product ORDER BY id ASC LIMIT ?
23:16:11:695 DEBUG 43472 --- [warehouse] [http-nio-8000-exec-7] com.zh.mapper.ProductMapper.selectList   : ==> Parameters: 100(Long)
23:16:11:698 DEBUG 43472 --- [warehouse] [http-nio-8000-exec-7] com.zh.mapper.ProductMapper.selectList   : <==      Total: 11
23:16:21:767 DEBUG 43472 --- [warehouse] [http-nio-8000-exec-8] c.zh.mapper.ProductMapper.selectByIds    : ==>  Preparing: SELECT id,sku,name,category,unit,price,low_stock_threshold,created_at,updated_at FROM product WHERE id IN ( ? )
23:16:21:767 DEBUG 43472 --- [warehouse] [http-nio-8000-exec-8] c.zh.mapper.ProductMapper.selectByIds    : ==> Parameters: 1(Long)
23:16:21:768 DEBUG 43472 --- [warehouse] [http-nio-8000-exec-8] c.zh.mapper.ProductMapper.selectByIds    : <==      Total: 1
23:16:21:771 DEBUG 43472 --- [warehouse] [http-nio-8000-exec-8] com.zh.mapper.InventoryMapper.update     : ==>  Preparing: UPDATE inventory SET reserved_quantity = reserved_quantity + ?,updated_at=? WHERE (product_id = ? AND quantity - reserved_quantity >= ?)
23:16:21:771 DEBUG 43472 --- [warehouse] [http-nio-8000-exec-8] com.zh.mapper.InventoryMapper.update     : ==> Parameters: 140(Integer), 2026-08-04T23:16:21.770532900(LocalDateTime), 1(Long), 140(Integer)
23:16:21:774 DEBUG 43472 --- [warehouse] [http-nio-8000-exec-8] com.zh.mapper.InventoryMapper.update     : <==    Updates: 1
23:16:21:777 DEBUG 43472 --- [warehouse] [http-nio-8000-exec-8] com.zh.mapper.OrdersMapper.selectCount   : ==>  Preparing: SELECT COUNT( * ) AS total FROM orders WHERE (order_no LIKE ?)
23:16:21:777 DEBUG 43472 --- [warehouse] [http-nio-8000-exec-8] com.zh.mapper.OrdersMapper.selectCount   : ==> Parameters: OUT20260804%(String)
23:16:21:779 DEBUG 43472 --- [warehouse] [http-nio-8000-exec-8] com.zh.mapper.OrdersMapper.selectCount   : <==      Total: 1
23:16:21:781 DEBUG 43472 --- [warehouse] [http-nio-8000-exec-8] com.zh.mapper.OrdersMapper.insert        : ==>  Preparing: INSERT INTO orders ( order_no, type, status, total_quantity, operator_id, operator_name, remark, created_at ) VALUES ( ?, ?, ?, ?, ?, ?, ?, ? )
23:16:21:781 DEBUG 43472 --- [warehouse] [http-nio-8000-exec-8] com.zh.mapper.OrdersMapper.insert        : ==> Parameters: OUT202608040007(String), OUTBOUND(String), RESERVED(String), 140(Integer), 1(Long), 管理员(String), (String), 2026-08-04T23:16:21.780924100(LocalDateTime)
23:16:21:784 DEBUG 43472 --- [warehouse] [http-nio-8000-exec-8] com.zh.mapper.OrdersMapper.insert        : <==    Updates: 1
23:16:21:785 DEBUG 43472 --- [warehouse] [http-nio-8000-exec-8] com.zh.mapper.OrderItemMapper.insert     : ==>  Preparing: INSERT INTO order_item ( order_id, product_id, product_name, quantity ) VALUES ( ?, ?, ?, ? )
23:16:21:786 DEBUG 43472 --- [warehouse] [http-nio-8000-exec-8] com.zh.mapper.OrderItemMapper.insert     : ==> Parameters: 18(Long), 1(Long), 一次性口罩(String), 140(Integer)
23:16:22:025 DEBUG 43472 --- [warehouse] [http-nio-8000-exec-9] com.zh.mapper.OrdersMapper.selectList    : ==>  Preparing: SELECT id,order_no,type,status,total_quantity,operator_id,operator_name,remark,created_at,confirmed_at FROM orders ORDER BY created_at DESC
23:16:22:026 DEBUG 43472 --- [warehouse] [http-nio-8000-exec-9] com.zh.mapper.OrdersMapper.selectList    : ==> Parameters: 
23:16:22:029 DEBUG 43472 --- [warehouse] [http-nio-8000-exec-9] com.zh.mapper.OrdersMapper.selectList    : <==      Total: 18
23:16:22:031 DEBUG 43472 --- [warehouse] [http-nio-8000-exec-9] c.zh.mapper.OrderItemMapper.selectList   : ==>  Preparing: SELECT id,order_id,product_id,product_name,quantity FROM order_item WHERE (order_id IN (?,?,?,?,?,?,?,?,?,?,?,?,?,?,?,?,?,?))
23:16:22:033 DEBUG 43472 --- [warehouse] [http-nio-8000-exec-9] c.zh.mapper.OrderItemMapper.selectList   : ==> Parameters: 18(Long), 17(Long), 16(Long), 15(Long), 14(Long), 13(Long), 12(Long), 11(Long), 10(Long), 9(Long), 8(Long), 7(Long), 6(Long), 5(Long), 4(Long), 2(Long), 3(Long), 1(Long)
23:16:22:036 DEBUG 43472 --- [warehouse] [http-nio-8000-exec-9] c.zh.mapper.OrderItemMapper.selectList   : <==      Total: 21
23:16:22:696 DEBUG 43472 --- [warehouse] [http-nio-8000-exec-10] c.z.m.ProductMapper.selectList_mpCount   : ==>  Preparing: SELECT COUNT(*) AS total FROM product
23:16:22:696 DEBUG 43472 --- [warehouse] [http-nio-8000-exec-10] c.z.m.ProductMapper.selectList_mpCount   : ==> Parameters: 
23:16:22:698 DEBUG 43472 --- [warehouse] [http-nio-8000-exec-10] c.z.m.ProductMapper.selectList_mpCount   : <==      Total: 1
23:16:22:699 DEBUG 43472 --- [warehouse] [http-nio-8000-exec-10] com.zh.mapper.ProductMapper.selectList   : ==>  Preparing: SELECT id,sku,name,category,unit,price,low_stock_threshold,created_at,updated_at FROM product ORDER BY id ASC LIMIT ?
23:16:22:700 DEBUG 43472 --- [warehouse] [http-nio-8000-exec-10] com.zh.mapper.ProductMapper.selectList   : ==> Parameters: 100(Long)
23:16:22:701 DEBUG 43472 --- [warehouse] [http-nio-8000-exec-10] com.zh.mapper.ProductMapper.selectList   : <==      Total: 11
23:16:27:475 DEBUG 43472 --- [warehouse] [http-nio-8000-exec-1] c.zh.mapper.ProductMapper.selectByIds    : ==>  Preparing: SELECT id,sku,name,category,unit,price,low_stock_threshold,created_at,updated_at FROM product WHERE id IN ( ? )
23:16:27:477 DEBUG 43472 --- [warehouse] [http-nio-8000-exec-1] c.zh.mapper.ProductMapper.selectByIds    : ==> Parameters: 1(Long)
23:16:27:480 DEBUG 43472 --- [warehouse] [http-nio-8000-exec-1] c.zh.mapper.ProductMapper.selectByIds    : <==      Total: 1
23:16:27:484 DEBUG 43472 --- [warehouse] [http-nio-8000-exec-1] com.zh.mapper.InventoryMapper.update     : ==>  Preparing: UPDATE inventory SET reserved_quantity = reserved_quantity + ?,updated_at=? WHERE (product_id = ? AND quantity - reserved_quantity >= ?)
23:16:27:484 DEBUG 43472 --- [warehouse] [http-nio-8000-exec-1] com.zh.mapper.InventoryMapper.update     : ==> Parameters: 100(Integer), 2026-08-04T23:16:27.481281500(LocalDateTime), 1(Long), 100(Integer)
23:16:27:487 DEBUG 43472 --- [warehouse] [http-nio-8000-exec-1] com.zh.mapper.InventoryMapper.update     : <==    Updates: 0
23:16:31:868 DEBUG 43472 --- [warehouse] [http-nio-8000-exec-2] com.zh.mapper.ProductMapper.selectList   : ==>  Preparing: SELECT id,sku,name,category,unit,price,low_stock_threshold,created_at,updated_at FROM product
23:16:31:869 DEBUG 43472 --- [warehouse] [http-nio-8000-exec-2] com.zh.mapper.ProductMapper.selectList   : ==> Parameters: 
23:16:31:872 DEBUG 43472 --- [warehouse] [http-nio-8000-exec-2] com.zh.mapper.ProductMapper.selectList   : <==      Total: 11
23:16:31:882 DEBUG 43472 --- [warehouse] [http-nio-8000-exec-2] c.zh.mapper.InventoryMapper.selectList   : ==>  Preparing: SELECT id,product_id,quantity,reserved_quantity,version,updated_at FROM inventory WHERE (product_id IN (?,?,?,?,?,?,?,?,?,?,?))
23:16:31:883 DEBUG 43472 --- [warehouse] [http-nio-8000-exec-2] c.zh.mapper.InventoryMapper.selectList   : ==> Parameters: 1(Long), 2(Long), 3(Long), 4(Long), 5(Long), 6(Long), 7(Long), 8(Long), 9(Long), 10(Long), 11(Long)
23:16:31:885 DEBUG 43472 --- [warehouse] [http-nio-8000-exec-2] c.zh.mapper.InventoryMapper.selectList   : <==      Total: 10
23:16:33:942 DEBUG 43472 --- [warehouse] [http-nio-8000-exec-3] com.zh.mapper.OrdersMapper.selectList    : ==>  Preparing: SELECT id,order_no,type,status,total_quantity,operator_id,operator_name,remark,created_at,confirmed_at FROM orders ORDER BY created_at DESC
23:16:33:942 DEBUG 43472 --- [warehouse] [http-nio-8000-exec-3] com.zh.mapper.OrdersMapper.selectList    : ==> Parameters: 
23:16:33:945 DEBUG 43472 --- [warehouse] [http-nio-8000-exec-3] com.zh.mapper.OrdersMapper.selectList    : <==      Total: 18
23:16:33:947 DEBUG 43472 --- [warehouse] [http-nio-8000-exec-3] c.zh.mapper.OrderItemMapper.selectList   : ==>  Preparing: SELECT id,order_id,product_id,product_name,quantity FROM order_item WHERE (order_id IN (?,?,?,?,?,?,?,?,?,?,?,?,?,?,?,?,?,?))
23:16:33:948 DEBUG 43472 --- [warehouse] [http-nio-8000-exec-3] c.zh.mapper.OrderItemMapper.selectList   : ==> Parameters: 18(Long), 17(Long), 16(Long), 15(Long), 14(Long), 13(Long), 12(Long), 11(Long), 10(Long), 9(Long), 8(Long), 7(Long), 6(Long), 5(Long), 4(Long), 2(Long), 3(Long), 1(Long)
23:16:33:951 DEBUG 43472 --- [warehouse] [http-nio-8000-exec-3] c.zh.mapper.OrderItemMapper.selectList   : <==      Total: 21
23:16:36:270 DEBUG 43472 --- [warehouse] [http-nio-8000-exec-5] c.z.m.ProductMapper.selectList_mpCount   : ==>  Preparing: SELECT COUNT(*) AS total FROM product
23:16:36:271 DEBUG 43472 --- [warehouse] [http-nio-8000-exec-5] c.z.m.ProductMapper.selectList_mpCount   : ==> Parameters: 
23:16:36:272 DEBUG 43472 --- [warehouse] [http-nio-8000-exec-5] c.z.m.ProductMapper.selectList_mpCount   : <==      Total: 1
23:16:36:272 DEBUG 43472 --- [warehouse] [http-nio-8000-exec-5] com.zh.mapper.ProductMapper.selectList   : ==>  Preparing: SELECT id,sku,name,category,unit,price,low_stock_threshold,created_at,updated_at FROM product ORDER BY id ASC LIMIT ?
23:16:36:273 DEBUG 43472 --- [warehouse] [http-nio-8000-exec-5] com.zh.mapper.ProductMapper.selectList   : ==> Parameters: 100(Long)
23:16:36:275 DEBUG 43472 --- [warehouse] [http-nio-8000-exec-5] com.zh.mapper.ProductMapper.selectList   : <==      Total: 11
23:16:40:496 DEBUG 43472 --- [warehouse] [http-nio-8000-exec-4] com.zh.mapper.OrdersMapper.selectById    : ==>  Preparing: SELECT id,order_no,type,status,total_quantity,operator_id,operator_name,remark,created_at,confirmed_at FROM orders WHERE id=?
23:16:40:498 DEBUG 43472 --- [warehouse] [http-nio-8000-exec-4] com.zh.mapper.OrdersMapper.selectById    : ==> Parameters: 18(Long)
23:16:40:500 DEBUG 43472 --- [warehouse] [http-nio-8000-exec-4] com.zh.mapper.OrdersMapper.selectById    : <==      Total: 1
23:16:40:502 DEBUG 43472 --- [warehouse] [http-nio-8000-exec-4] c.zh.mapper.OrderItemMapper.selectList   : ==>  Preparing: SELECT id,order_id,product_id,product_name,quantity FROM order_item WHERE (order_id = ?)
23:16:40:502 DEBUG 43472 --- [warehouse] [http-nio-8000-exec-4] c.zh.mapper.OrderItemMapper.selectList   : ==> Parameters: 18(Long)
23:16:40:505 DEBUG 43472 --- [warehouse] [http-nio-8000-exec-4] c.zh.mapper.OrderItemMapper.selectList   : <==      Total: 1
23:16:40:507 DEBUG 43472 --- [warehouse] [http-nio-8000-exec-4] com.zh.mapper.InventoryMapper.update     : ==>  Preparing: UPDATE inventory SET reserved_quantity = reserved_quantity - ?,updated_at=? WHERE (product_id = ? AND reserved_quantity >= ?)
23:16:40:508 DEBUG 43472 --- [warehouse] [http-nio-8000-exec-4] com.zh.mapper.InventoryMapper.update     : ==> Parameters: 140(Integer), 2026-08-04T23:16:40.506243900(LocalDateTime), 1(Long), 140(Integer)
23:16:40:548 DEBUG 43472 --- [warehouse] [http-nio-8000-exec-4] com.zh.mapper.InventoryMapper.update     : <==    Updates: 1
23:16:40:549 DEBUG 43472 --- [warehouse] [http-nio-8000-exec-4] com.zh.mapper.OrdersMapper.updateById    : ==>  Preparing: UPDATE orders SET order_no=?, type=?, status=?, total_quantity=?, operator_id=?, operator_name=?, remark=?, created_at=? WHERE id=?
23:16:40:550 DEBUG 43472 --- [warehouse] [http-nio-8000-exec-4] com.zh.mapper.OrdersMapper.updateById    : ==> Parameters: OUT202608040007(String), OUTBOUND(String), CANCELLED(String), 140(Integer), 1(Long), 管理员(String), (String), 2026-08-04T23:16:22(LocalDateTime), 18(Long)
23:16:40:553 DEBUG 43472 --- [warehouse] [http-nio-8000-exec-4] com.zh.mapper.OrdersMapper.updateById    : <==    Updates: 1
23:16:40:765 DEBUG 43472 --- [warehouse] [http-nio-8000-exec-6] com.zh.mapper.OrdersMapper.selectList    : ==>  Preparing: SELECT id,order_no,type,status,total_quantity,operator_id,operator_name,remark,created_at,confirmed_at FROM orders ORDER BY created_at DESC
23:16:40:765 DEBUG 43472 --- [warehouse] [http-nio-8000-exec-6] com.zh.mapper.OrdersMapper.selectList    : ==> Parameters: 
23:16:40:767 DEBUG 43472 --- [warehouse] [http-nio-8000-exec-6] com.zh.mapper.OrdersMapper.selectList    : <==      Total: 18
23:16:40:768 DEBUG 43472 --- [warehouse] [http-nio-8000-exec-6] c.zh.mapper.OrderItemMapper.selectList   : ==>  Preparing: SELECT id,order_id,product_id,product_name,quantity FROM order_item WHERE (order_id IN (?,?,?,?,?,?,?,?,?,?,?,?,?,?,?,?,?,?))
23:16:40:770 DEBUG 43472 --- [warehouse] [http-nio-8000-exec-6] c.zh.mapper.OrderItemMapper.selectList   : ==> Parameters: 18(Long), 17(Long), 16(Long), 15(Long), 14(Long), 13(Long), 12(Long), 11(Long), 10(Long), 9(Long), 8(Long), 7(Long), 6(Long), 5(Long), 4(Long), 2(Long), 3(Long), 1(Long)
23:16:40:772 DEBUG 43472 --- [warehouse] [http-nio-8000-exec-6] c.zh.mapper.OrderItemMapper.selectList   : <==      Total: 21
23:16:41:947 DEBUG 43472 --- [warehouse] [http-nio-8000-exec-7] c.z.m.ProductMapper.selectList_mpCount   : ==>  Preparing: SELECT COUNT(*) AS total FROM product
23:16:41:947 DEBUG 43472 --- [warehouse] [http-nio-8000-exec-7] c.z.m.ProductMapper.selectList_mpCount   : ==> Parameters: 
23:16:41:948 DEBUG 43472 --- [warehouse] [http-nio-8000-exec-7] c.z.m.ProductMapper.selectList_mpCount   : <==      Total: 1
23:16:41:949 DEBUG 43472 --- [warehouse] [http-nio-8000-exec-7] com.zh.mapper.ProductMapper.selectList   : ==>  Preparing: SELECT id,sku,name,category,unit,price,low_stock_threshold,created_at,updated_at FROM product ORDER BY id ASC LIMIT ?
23:16:41:949 DEBUG 43472 --- [warehouse] [http-nio-8000-exec-7] com.zh.mapper.ProductMapper.selectList   : ==> Parameters: 100(Long)
23:16:41:951 DEBUG 43472 --- [warehouse] [http-nio-8000-exec-7] com.zh.mapper.ProductMapper.selectList   : <==      Total: 11
23:16:47:948 DEBUG 43472 --- [warehouse] [http-nio-8000-exec-8] c.zh.mapper.ProductMapper.selectByIds    : ==>  Preparing: SELECT id,sku,name,category,unit,price,low_stock_threshold,created_at,updated_at FROM product WHERE id IN ( ? )
23:16:47:948 DEBUG 43472 --- [warehouse] [http-nio-8000-exec-8] c.zh.mapper.ProductMapper.selectByIds    : ==> Parameters: 1(Long)
23:16:47:950 DEBUG 43472 --- [warehouse] [http-nio-8000-exec-8] c.zh.mapper.ProductMapper.selectByIds    : <==      Total: 1
23:16:47:953 DEBUG 43472 --- [warehouse] [http-nio-8000-exec-8] com.zh.mapper.InventoryMapper.update     : ==>  Preparing: UPDATE inventory SET reserved_quantity = reserved_quantity + ?,updated_at=? WHERE (product_id = ? AND quantity - reserved_quantity >= ?)
23:16:47:954 DEBUG 43472 --- [warehouse] [http-nio-8000-exec-8] com.zh.mapper.InventoryMapper.update     : ==> Parameters: 100(Integer), 2026-08-04T23:16:47.951058400(LocalDateTime), 1(Long), 100(Integer)
23:16:47:957 DEBUG 43472 --- [warehouse] [http-nio-8000-exec-8] com.zh.mapper.InventoryMapper.update     : <==    Updates: 1
23:16:47:957 DEBUG 43472 --- [warehouse] [http-nio-8000-exec-8] com.zh.mapper.OrdersMapper.selectCount   : ==>  Preparing: SELECT COUNT( * ) AS total FROM orders WHERE (order_no LIKE ?)
23:16:47:959 DEBUG 43472 --- [warehouse] [http-nio-8000-exec-8] com.zh.mapper.OrdersMapper.selectCount   : ==> Parameters: OUT20260804%(String)
23:16:47:960 DEBUG 43472 --- [warehouse] [http-nio-8000-exec-8] com.zh.mapper.OrdersMapper.selectCount   : <==      Total: 1
23:16:47:962 DEBUG 43472 --- [warehouse] [http-nio-8000-exec-8] com.zh.mapper.OrdersMapper.insert        : ==>  Preparing: INSERT INTO orders ( order_no, type, status, total_quantity, operator_id, operator_name, remark, created_at ) VALUES ( ?, ?, ?, ?, ?, ?, ?, ? )
23:16:47:963 DEBUG 43472 --- [warehouse] [http-nio-8000-exec-8] com.zh.mapper.OrdersMapper.insert        : ==> Parameters: OUT202608040008(String), OUTBOUND(String), RESERVED(String), 100(Integer), 1(Long), 管理员(String), (String), 2026-08-04T23:16:47.961686500(LocalDateTime)
23:16:47:966 DEBUG 43472 --- [warehouse] [http-nio-8000-exec-8] com.zh.mapper.OrdersMapper.insert        : <==    Updates: 1
23:16:47:969 DEBUG 43472 --- [warehouse] [http-nio-8000-exec-8] com.zh.mapper.OrderItemMapper.insert     : ==>  Preparing: INSERT INTO order_item ( order_id, product_id, product_name, quantity ) VALUES ( ?, ?, ?, ? )
23:16:47:969 DEBUG 43472 --- [warehouse] [http-nio-8000-exec-8] com.zh.mapper.OrderItemMapper.insert     : ==> Parameters: 19(Long), 1(Long), 一次性口罩(String), 100(Integer)
23:16:48:208 DEBUG 43472 --- [warehouse] [http-nio-8000-exec-9] com.zh.mapper.OrdersMapper.selectList    : ==>  Preparing: SELECT id,order_no,type,status,total_quantity,operator_id,operator_name,remark,created_at,confirmed_at FROM orders ORDER BY created_at DESC
23:16:48:209 DEBUG 43472 --- [warehouse] [http-nio-8000-exec-9] com.zh.mapper.OrdersMapper.selectList    : ==> Parameters: 
23:16:48:214 DEBUG 43472 --- [warehouse] [http-nio-8000-exec-9] com.zh.mapper.OrdersMapper.selectList    : <==      Total: 19
23:16:48:216 DEBUG 43472 --- [warehouse] [http-nio-8000-exec-9] c.zh.mapper.OrderItemMapper.selectList   : ==>  Preparing: SELECT id,order_id,product_id,product_name,quantity FROM order_item WHERE (order_id IN (?,?,?,?,?,?,?,?,?,?,?,?,?,?,?,?,?,?,?))
23:16:48:217 DEBUG 43472 --- [warehouse] [http-nio-8000-exec-9] c.zh.mapper.OrderItemMapper.selectList   : ==> Parameters: 19(Long), 18(Long), 17(Long), 16(Long), 15(Long), 14(Long), 13(Long), 12(Long), 11(Long), 10(Long), 9(Long), 8(Long), 7(Long), 6(Long), 5(Long), 4(Long), 2(Long), 3(Long), 1(Long)
23:16:48:220 DEBUG 43472 --- [warehouse] [http-nio-8000-exec-9] c.zh.mapper.OrderItemMapper.selectList   : <==      Total: 22
23:16:53:777 DEBUG 43472 --- [warehouse] [http-nio-8000-exec-10] com.zh.mapper.OrdersMapper.selectById    : ==>  Preparing: SELECT id,order_no,type,status,total_quantity,operator_id,operator_name,remark,created_at,confirmed_at FROM orders WHERE id=?
23:16:53:777 DEBUG 43472 --- [warehouse] [http-nio-8000-exec-10] com.zh.mapper.OrdersMapper.selectById    : ==> Parameters: 19(Long)
23:16:53:779 DEBUG 43472 --- [warehouse] [http-nio-8000-exec-10] com.zh.mapper.OrdersMapper.selectById    : <==      Total: 1
23:16:53:780 DEBUG 43472 --- [warehouse] [http-nio-8000-exec-10] c.zh.mapper.OrderItemMapper.selectList   : ==>  Preparing: SELECT id,order_id,product_id,product_name,quantity FROM order_item WHERE (order_id = ?)
23:16:53:780 DEBUG 43472 --- [warehouse] [http-nio-8000-exec-10] c.zh.mapper.OrderItemMapper.selectList   : ==> Parameters: 19(Long)
23:16:53:781 DEBUG 43472 --- [warehouse] [http-nio-8000-exec-10] c.zh.mapper.OrderItemMapper.selectList   : <==      Total: 1
23:16:53:783 DEBUG 43472 --- [warehouse] [http-nio-8000-exec-10] com.zh.mapper.InventoryMapper.update     : ==>  Preparing: UPDATE inventory SET reserved_quantity = reserved_quantity - ?,updated_at=? WHERE (product_id = ? AND reserved_quantity >= ?)
23:16:53:783 DEBUG 43472 --- [warehouse] [http-nio-8000-exec-10] com.zh.mapper.InventoryMapper.update     : ==> Parameters: 100(Integer), 2026-08-04T23:16:53.781153300(LocalDateTime), 1(Long), 100(Integer)
23:16:53:785 DEBUG 43472 --- [warehouse] [http-nio-8000-exec-10] com.zh.mapper.InventoryMapper.update     : <==    Updates: 1
23:16:53:786 DEBUG 43472 --- [warehouse] [http-nio-8000-exec-10] com.zh.mapper.OrdersMapper.updateById    : ==>  Preparing: UPDATE orders SET order_no=?, type=?, status=?, total_quantity=?, operator_id=?, operator_name=?, remark=?, created_at=? WHERE id=?
23:16:53:787 DEBUG 43472 --- [warehouse] [http-nio-8000-exec-10] com.zh.mapper.OrdersMapper.updateById    : ==> Parameters: OUT202608040008(String), OUTBOUND(String), CANCELLED(String), 100(Integer), 1(Long), 管理员(String), (String), 2026-08-04T23:16:48(LocalDateTime), 19(Long)
23:16:53:788 DEBUG 43472 --- [warehouse] [http-nio-8000-exec-10] com.zh.mapper.OrdersMapper.updateById    : <==    Updates: 1
23:16:54:130 DEBUG 43472 --- [warehouse] [http-nio-8000-exec-1] com.zh.mapper.OrdersMapper.selectList    : ==>  Preparing: SELECT id,order_no,type,status,total_quantity,operator_id,operator_name,remark,created_at,confirmed_at FROM orders ORDER BY created_at DESC
23:16:54:132 DEBUG 43472 --- [warehouse] [http-nio-8000-exec-1] com.zh.mapper.OrdersMapper.selectList    : ==> Parameters: 
23:16:54:137 DEBUG 43472 --- [warehouse] [http-nio-8000-exec-1] com.zh.mapper.OrdersMapper.selectList    : <==      Total: 19
23:16:54:140 DEBUG 43472 --- [warehouse] [http-nio-8000-exec-1] c.zh.mapper.OrderItemMapper.selectList   : ==>  Preparing: SELECT id,order_id,product_id,product_name,quantity FROM order_item WHERE (order_id IN (?,?,?,?,?,?,?,?,?,?,?,?,?,?,?,?,?,?,?))
23:16:54:142 DEBUG 43472 --- [warehouse] [http-nio-8000-exec-1] c.zh.mapper.OrderItemMapper.selectList   : ==> Parameters: 19(Long), 18(Long), 17(Long), 16(Long), 15(Long), 14(Long), 13(Long), 12(Long), 11(Long), 10(Long), 9(Long), 8(Long), 7(Long), 6(Long), 5(Long), 4(Long), 2(Long), 3(Long), 1(Long)
23:16:54:146 DEBUG 43472 --- [warehouse] [http-nio-8000-exec-1] c.zh.mapper.OrderItemMapper.selectList   : <==      Total: 22
23:16:56:098 DEBUG 43472 --- [warehouse] [http-nio-8000-exec-2] com.zh.mapper.OrdersMapper.selectById    : ==>  Preparing: SELECT id,order_no,type,status,total_quantity,operator_id,operator_name,remark,created_at,confirmed_at FROM orders WHERE id=?
23:16:56:098 DEBUG 43472 --- [warehouse] [http-nio-8000-exec-2] com.zh.mapper.OrdersMapper.selectById    : ==> Parameters: 17(Long)
23:16:56:100 DEBUG 43472 --- [warehouse] [http-nio-8000-exec-2] com.zh.mapper.OrdersMapper.selectById    : <==      Total: 1
23:16:56:101 DEBUG 43472 --- [warehouse] [http-nio-8000-exec-2] com.zh.mapper.OrdersMapper.updateById    : ==>  Preparing: UPDATE orders SET order_no=?, type=?, status=?, total_quantity=?, operator_id=?, operator_name=?, remark=?, created_at=? WHERE id=?
23:16:56:101 DEBUG 43472 --- [warehouse] [http-nio-8000-exec-2] com.zh.mapper.OrdersMapper.updateById    : ==> Parameters: OUT202608040006(String), OUTBOUND(String), CONFIRMING(String), 100(Integer), 1(Long), 管理员(String), 2(String), 2026-08-04T23:15:07(LocalDateTime), 17(Long)
23:16:56:103 DEBUG 43472 --- [warehouse] [http-nio-8000-exec-2] com.zh.mapper.OrdersMapper.updateById    : <==    Updates: 1
23:16:56:111 DEBUG 43472 --- [warehouse] [org.springframework.amqp.rabbit.RabbitListenerEndpointContainer#2-1] com.zh.mapper.OrdersMapper.selectById    : ==>  Preparing: SELECT id,order_no,type,status,total_quantity,operator_id,operator_name,remark,created_at,confirmed_at FROM orders WHERE id=?
23:16:56:111 DEBUG 43472 --- [warehouse] [org.springframework.amqp.rabbit.RabbitListenerEndpointContainer#2-1] com.zh.mapper.OrdersMapper.selectById    : ==> Parameters: 17(Long)
23:16:56:114 DEBUG 43472 --- [warehouse] [org.springframework.amqp.rabbit.RabbitListenerEndpointContainer#2-1] com.zh.mapper.OrdersMapper.selectById    : <==      Total: 1
23:16:56:114 DEBUG 43472 --- [warehouse] [org.springframework.amqp.rabbit.RabbitListenerEndpointContainer#2-1] c.z.m.InventoryLogMapper.selectCount     : ==>  Preparing: SELECT COUNT( * ) AS total FROM inventory_log WHERE (order_id = ?)
23:16:56:115 DEBUG 43472 --- [warehouse] [org.springframework.amqp.rabbit.RabbitListenerEndpointContainer#2-1] c.z.m.InventoryLogMapper.selectCount     : ==> Parameters: 17(Long)
23:16:56:115 DEBUG 43472 --- [warehouse] [org.springframework.amqp.rabbit.RabbitListenerEndpointContainer#2-1] c.z.m.InventoryLogMapper.selectCount     : <==      Total: 1
23:16:56:117 DEBUG 43472 --- [warehouse] [org.springframework.amqp.rabbit.RabbitListenerEndpointContainer#2-1] c.zh.mapper.OrderItemMapper.selectList   : ==>  Preparing: SELECT id,order_id,product_id,product_name,quantity FROM order_item WHERE (order_id = ?)
23:16:56:118 DEBUG 43472 --- [warehouse] [org.springframework.amqp.rabbit.RabbitListenerEndpointContainer#2-1] c.zh.mapper.OrderItemMapper.selectList   : ==> Parameters: 17(Long)
23:16:56:119 DEBUG 43472 --- [warehouse] [org.springframework.amqp.rabbit.RabbitListenerEndpointContainer#2-1] c.zh.mapper.OrderItemMapper.selectList   : <==      Total: 1
23:16:56:121 DEBUG 43472 --- [warehouse] [org.springframework.amqp.rabbit.RabbitListenerEndpointContainer#2-1] c.z.m.InventoryMapper.selectWithCursor   : ==>  Preparing: SELECT id,product_id,quantity,reserved_quantity,version,updated_at FROM inventory WHERE (product_id = ?)
23:16:56:121 DEBUG 43472 --- [warehouse] [org.springframework.amqp.rabbit.RabbitListenerEndpointContainer#2-1] c.z.m.InventoryMapper.selectWithCursor   : ==> Parameters: 1(Long)
23:16:56:123 DEBUG 43472 --- [warehouse] [org.springframework.amqp.rabbit.RabbitListenerEndpointContainer#2-1] c.z.m.InventoryMapper.selectWithCursor   : <==      Total: 1
23:16:56:125 DEBUG 43472 --- [warehouse] [org.springframework.amqp.rabbit.RabbitListenerEndpointContainer#2-1] com.zh.mapper.InventoryMapper.update     : ==>  Preparing: UPDATE inventory SET quantity = quantity - ?,reserved_quantity = reserved_quantity - ?,updated_at=? WHERE (product_id = ? AND quantity >= ? AND reserved_quantity >= ?)
23:16:56:125 DEBUG 43472 --- [warehouse] [org.springframework.amqp.rabbit.RabbitListenerEndpointContainer#2-1] com.zh.mapper.InventoryMapper.update     : ==> Parameters: 100(Integer), 100(Integer), 2026-08-04T23:16:56.124525900(LocalDateTime), 1(Long), 100(Integer), 100(Integer)
23:16:56:128 DEBUG 43472 --- [warehouse] [org.springframework.amqp.rabbit.RabbitListenerEndpointContainer#2-1] com.zh.mapper.InventoryMapper.update     : <==    Updates: 1
23:16:56:130 DEBUG 43472 --- [warehouse] [org.springframework.amqp.rabbit.RabbitListenerEndpointContainer#2-1] c.z.m.InventoryMapper.selectWithCursor   : ==>  Preparing: SELECT id,product_id,quantity,reserved_quantity,version,updated_at FROM inventory WHERE (product_id = ?)
23:16:56:130 DEBUG 43472 --- [warehouse] [org.springframework.amqp.rabbit.RabbitListenerEndpointContainer#2-1] c.z.m.InventoryMapper.selectWithCursor   : ==> Parameters: 1(Long)
23:16:56:132 DEBUG 43472 --- [warehouse] [org.springframework.amqp.rabbit.RabbitListenerEndpointContainer#2-1] c.z.m.InventoryMapper.selectWithCursor   : <==      Total: 1
23:16:56:132 DEBUG 43472 --- [warehouse] [org.springframework.amqp.rabbit.RabbitListenerEndpointContainer#2-1] c.zh.mapper.InventoryLogMapper.insert    : ==>  Preparing: INSERT INTO inventory_log ( product_id, change_type, change_quantity, before_quantity, after_quantity, order_id, created_at ) VALUES ( ?, ?, ?, ?, ?, ?, ? )
23:16:56:133 DEBUG 43472 --- [warehouse] [org.springframework.amqp.rabbit.RabbitListenerEndpointContainer#2-1] c.zh.mapper.InventoryLogMapper.insert    : ==> Parameters: 1(Long), OUTBOUND(String), -100(Integer), 294(Integer), 194(Integer), 17(Long), 2026-08-04T23:16:56.132049900(LocalDateTime)
23:16:56:134 DEBUG 43472 --- [warehouse] [org.springframework.amqp.rabbit.RabbitListenerEndpointContainer#2-1] c.zh.mapper.InventoryLogMapper.insert    : <==    Updates: 1
23:16:56:137 DEBUG 43472 --- [warehouse] [org.springframework.amqp.rabbit.RabbitListenerEndpointContainer#2-1] com.zh.mapper.ProductMapper.selectById   : ==>  Preparing: SELECT id,sku,name,category,unit,price,low_stock_threshold,created_at,updated_at FROM product WHERE id=?
23:16:56:137 DEBUG 43472 --- [warehouse] [org.springframework.amqp.rabbit.RabbitListenerEndpointContainer#2-1] com.zh.mapper.ProductMapper.selectById   : ==> Parameters: 1(Long)
23:16:56:138 DEBUG 43472 --- [warehouse] [org.springframework.amqp.rabbit.RabbitListenerEndpointContainer#2-1] com.zh.mapper.ProductMapper.selectById   : <==      Total: 1
23:16:56:141 DEBUG 43472 --- [warehouse] [org.springframework.amqp.rabbit.RabbitListenerEndpointContainer#2-1] c.z.m.InventoryMapper.selectWithCursor   : ==>  Preparing: SELECT id,product_id,quantity,reserved_quantity,version,updated_at FROM inventory WHERE (product_id = ?)
23:16:56:141 DEBUG 43472 --- [warehouse] [org.springframework.amqp.rabbit.RabbitListenerEndpointContainer#2-1] c.z.m.InventoryMapper.selectWithCursor   : ==> Parameters: 1(Long)
23:16:56:142 DEBUG 43472 --- [warehouse] [org.springframework.amqp.rabbit.RabbitListenerEndpointContainer#2-1] c.z.m.InventoryMapper.selectWithCursor   : <==      Total: 1
23:16:56:144 DEBUG 43472 --- [warehouse] [org.springframework.amqp.rabbit.RabbitListenerEndpointContainer#2-1] com.zh.mapper.OrdersMapper.updateById    : ==>  Preparing: UPDATE orders SET order_no=?, type=?, status=?, total_quantity=?, operator_id=?, operator_name=?, remark=?, created_at=?, confirmed_at=? WHERE id=?
23:16:56:144 DEBUG 43472 --- [warehouse] [org.springframework.amqp.rabbit.RabbitListenerEndpointContainer#2-1] com.zh.mapper.OrdersMapper.updateById    : ==> Parameters: OUT202608040006(String), OUTBOUND(String), COMPLETED(String), 100(Integer), 1(Long), 管理员(String), 2(String), 2026-08-04T23:15:07(LocalDateTime), 2026-08-04T23:16:56.143614500(LocalDateTime), 17(Long)
23:16:56:146 DEBUG 43472 --- [warehouse] [org.springframework.amqp.rabbit.RabbitListenerEndpointContainer#2-1] com.zh.mapper.OrdersMapper.updateById    : <==    Updates: 1
23:16:56:146  INFO 43472 --- [warehouse] [org.springframework.amqp.rabbit.RabbitListenerEndpointContainer#2-1] c.z.s.impl.OrderConfirmServiceImpl       : 出库确认处理完成, orderId=17
23:16:56:430 DEBUG 43472 --- [warehouse] [http-nio-8000-exec-3] com.zh.mapper.OrdersMapper.selectList    : ==>  Preparing: SELECT id,order_no,type,status,total_quantity,operator_id,operator_name,remark,created_at,confirmed_at FROM orders ORDER BY created_at DESC
23:16:56:431 DEBUG 43472 --- [warehouse] [http-nio-8000-exec-3] com.zh.mapper.OrdersMapper.selectList    : ==> Parameters: 
23:16:56:434 DEBUG 43472 --- [warehouse] [http-nio-8000-exec-3] com.zh.mapper.OrdersMapper.selectList    : <==      Total: 19
23:16:56:436 DEBUG 43472 --- [warehouse] [http-nio-8000-exec-3] c.zh.mapper.OrderItemMapper.selectList   : ==>  Preparing: SELECT id,order_id,product_id,product_name,quantity FROM order_item WHERE (order_id IN (?,?,?,?,?,?,?,?,?,?,?,?,?,?,?,?,?,?,?))
23:16:56:437 DEBUG 43472 --- [warehouse] [http-nio-8000-exec-3] c.zh.mapper.OrderItemMapper.selectList   : ==> Parameters: 19(Long), 18(Long), 17(Long), 16(Long), 15(Long), 14(Long), 13(Long), 12(Long), 11(Long), 10(Long), 9(Long), 8(Long), 7(Long), 6(Long), 5(Long), 4(Long), 2(Long), 3(Long), 1(Long)
23:16:56:440 DEBUG 43472 --- [warehouse] [http-nio-8000-exec-3] c.zh.mapper.OrderItemMapper.selectList   : <==      Total: 22
23:16:56:696 DEBUG 43472 --- [warehouse] [http-nio-8000-exec-5] com.zh.mapper.OrdersMapper.selectList    : ==>  Preparing: SELECT id,order_no,type,status,total_quantity,operator_id,operator_name,remark,created_at,confirmed_at FROM orders ORDER BY created_at DESC
23:16:56:697 DEBUG 43472 --- [warehouse] [http-nio-8000-exec-5] com.zh.mapper.OrdersMapper.selectList    : ==> Parameters: 
23:16:56:701 DEBUG 43472 --- [warehouse] [http-nio-8000-exec-5] com.zh.mapper.OrdersMapper.selectList    : <==      Total: 19
23:16:56:702 DEBUG 43472 --- [warehouse] [http-nio-8000-exec-5] c.zh.mapper.OrderItemMapper.selectList   : ==>  Preparing: SELECT id,order_id,product_id,product_name,quantity FROM order_item WHERE (order_id IN (?,?,?,?,?,?,?,?,?,?,?,?,?,?,?,?,?,?,?))
23:16:56:703 DEBUG 43472 --- [warehouse] [http-nio-8000-exec-5] c.zh.mapper.OrderItemMapper.selectList   : ==> Parameters: 19(Long), 18(Long), 17(Long), 16(Long), 15(Long), 14(Long), 13(Long), 12(Long), 11(Long), 10(Long), 9(Long), 8(Long), 7(Long), 6(Long), 5(Long), 4(Long), 2(Long), 3(Long), 1(Long)
23:16:56:705 DEBUG 43472 --- [warehouse] [http-nio-8000-exec-5] c.zh.mapper.OrderItemMapper.selectList   : <==      Total: 22
23:16:58:549 DEBUG 43472 --- [warehouse] [http-nio-8000-exec-4] com.zh.mapper.ProductMapper.selectList   : ==>  Preparing: SELECT id,sku,name,category,unit,price,low_stock_threshold,created_at,updated_at FROM product
23:16:58:549 DEBUG 43472 --- [warehouse] [http-nio-8000-exec-4] com.zh.mapper.ProductMapper.selectList   : ==> Parameters: 
23:16:58:551 DEBUG 43472 --- [warehouse] [http-nio-8000-exec-4] com.zh.mapper.ProductMapper.selectList   : <==      Total: 11
23:16:58:564 DEBUG 43472 --- [warehouse] [http-nio-8000-exec-4] c.zh.mapper.InventoryMapper.selectList   : ==>  Preparing: SELECT id,product_id,quantity,reserved_quantity,version,updated_at FROM inventory WHERE (product_id IN (?,?))
23:16:58:565 DEBUG 43472 --- [warehouse] [http-nio-8000-exec-4] c.zh.mapper.InventoryMapper.selectList   : ==> Parameters: 1(Long), 11(Long)
23:16:58:566 DEBUG 43472 --- [warehouse] [http-nio-8000-exec-4] c.zh.mapper.InventoryMapper.selectList   : <==      Total: 1
23:17:01:802 DEBUG 43472 --- [warehouse] [http-nio-8000-exec-6] com.zh.mapper.ProductMapper.selectList   : ==>  Preparing: SELECT id,sku,name,category,unit,price,low_stock_threshold,created_at,updated_at FROM product
23:17:01:802 DEBUG 43472 --- [warehouse] [http-nio-8000-exec-6] com.zh.mapper.ProductMapper.selectList   : ==> Parameters: 
23:17:01:806 DEBUG 43472 --- [warehouse] [http-nio-8000-exec-6] com.zh.mapper.ProductMapper.selectList   : <==      Total: 11
23:17:01:820 DEBUG 43472 --- [warehouse] [http-nio-8000-exec-6] c.zh.mapper.InventoryMapper.selectList   : ==>  Preparing: SELECT id,product_id,quantity,reserved_quantity,version,updated_at FROM inventory WHERE (product_id IN (?))
23:17:01:820 DEBUG 43472 --- [warehouse] [http-nio-8000-exec-6] c.zh.mapper.InventoryMapper.selectList   : ==> Parameters: 11(Long)
23:17:01:821 DEBUG 43472 --- [warehouse] [http-nio-8000-exec-6] c.zh.mapper.InventoryMapper.selectList   : <==      Total: 0
23:17:02:664 DEBUG 43472 --- [warehouse] [http-nio-8000-exec-7] com.zh.mapper.OrdersMapper.selectList    : ==>  Preparing: SELECT id,order_no,type,status,total_quantity,operator_id,operator_name,remark,created_at,confirmed_at FROM orders ORDER BY created_at DESC
23:17:02:665 DEBUG 43472 --- [warehouse] [http-nio-8000-exec-7] com.zh.mapper.OrdersMapper.selectList    : ==> Parameters: 
23:17:02:668 DEBUG 43472 --- [warehouse] [http-nio-8000-exec-7] com.zh.mapper.OrdersMapper.selectList    : <==      Total: 19
23:17:02:671 DEBUG 43472 --- [warehouse] [http-nio-8000-exec-7] c.zh.mapper.OrderItemMapper.selectList   : ==>  Preparing: SELECT id,order_id,product_id,product_name,quantity FROM order_item WHERE (order_id IN (?,?,?,?,?,?,?,?,?,?,?,?,?,?,?,?,?,?,?))
23:17:02:673 DEBUG 43472 --- [warehouse] [http-nio-8000-exec-7] c.zh.mapper.OrderItemMapper.selectList   : ==> Parameters: 19(Long), 18(Long), 17(Long), 16(Long), 15(Long), 14(Long), 13(Long), 12(Long), 11(Long), 10(Long), 9(Long), 8(Long), 7(Long), 6(Long), 5(Long), 4(Long), 2(Long), 3(Long), 1(Long)
23:17:02:675 DEBUG 43472 --- [warehouse] [http-nio-8000-exec-7] c.zh.mapper.OrderItemMapper.selectList   : <==      Total: 22
23:17:06:529 DEBUG 43472 --- [warehouse] [http-nio-8000-exec-8] com.zh.mapper.OrdersMapper.selectById    : ==>  Preparing: SELECT id,order_no,type,status,total_quantity,operator_id,operator_name,remark,created_at,confirmed_at FROM orders WHERE id=?
23:17:06:530 DEBUG 43472 --- [warehouse] [http-nio-8000-exec-8] com.zh.mapper.OrdersMapper.selectById    : ==> Parameters: 16(Long)
23:17:06:532 DEBUG 43472 --- [warehouse] [http-nio-8000-exec-8] com.zh.mapper.OrdersMapper.selectById    : <==      Total: 1
23:17:06:534 DEBUG 43472 --- [warehouse] [http-nio-8000-exec-8] c.zh.mapper.OrderItemMapper.selectList   : ==>  Preparing: SELECT id,order_id,product_id,product_name,quantity FROM order_item WHERE (order_id = ?)
23:17:06:536 DEBUG 43472 --- [warehouse] [http-nio-8000-exec-8] c.zh.mapper.OrderItemMapper.selectList   : ==> Parameters: 16(Long)
23:17:06:538 DEBUG 43472 --- [warehouse] [http-nio-8000-exec-8] c.zh.mapper.OrderItemMapper.selectList   : <==      Total: 1
23:17:06:540 DEBUG 43472 --- [warehouse] [http-nio-8000-exec-8] com.zh.mapper.InventoryMapper.update     : ==>  Preparing: UPDATE inventory SET reserved_quantity = reserved_quantity - ?,updated_at=? WHERE (product_id = ? AND reserved_quantity >= ?)
23:17:06:540 DEBUG 43472 --- [warehouse] [http-nio-8000-exec-8] com.zh.mapper.InventoryMapper.update     : ==> Parameters: 50(Integer), 2026-08-04T23:17:06.539123600(LocalDateTime), 2(Long), 50(Integer)
23:17:06:543 DEBUG 43472 --- [warehouse] [http-nio-8000-exec-8] com.zh.mapper.InventoryMapper.update     : <==    Updates: 1
23:17:06:544 DEBUG 43472 --- [warehouse] [http-nio-8000-exec-8] com.zh.mapper.OrdersMapper.updateById    : ==>  Preparing: UPDATE orders SET order_no=?, type=?, status=?, total_quantity=?, operator_id=?, operator_name=?, remark=?, created_at=? WHERE id=?
23:17:06:546 DEBUG 43472 --- [warehouse] [http-nio-8000-exec-8] com.zh.mapper.OrdersMapper.updateById    : ==> Parameters: OUT202608040005(String), OUTBOUND(String), CANCELLED(String), 50(Integer), 1(Long), 管理员(String), (String), 2026-08-04T23:13:05(LocalDateTime), 16(Long)
23:17:06:548 DEBUG 43472 --- [warehouse] [http-nio-8000-exec-8] com.zh.mapper.OrdersMapper.updateById    : <==    Updates: 1
23:17:06:901 DEBUG 43472 --- [warehouse] [http-nio-8000-exec-9] com.zh.mapper.OrdersMapper.selectList    : ==>  Preparing: SELECT id,order_no,type,status,total_quantity,operator_id,operator_name,remark,created_at,confirmed_at FROM orders ORDER BY created_at DESC
23:17:06:902 DEBUG 43472 --- [warehouse] [http-nio-8000-exec-9] com.zh.mapper.OrdersMapper.selectList    : ==> Parameters: 
23:17:06:907 DEBUG 43472 --- [warehouse] [http-nio-8000-exec-9] com.zh.mapper.OrdersMapper.selectList    : <==      Total: 19
23:17:06:910 DEBUG 43472 --- [warehouse] [http-nio-8000-exec-9] c.zh.mapper.OrderItemMapper.selectList   : ==>  Preparing: SELECT id,order_id,product_id,product_name,quantity FROM order_item WHERE (order_id IN (?,?,?,?,?,?,?,?,?,?,?,?,?,?,?,?,?,?,?))
23:17:06:911 DEBUG 43472 --- [warehouse] [http-nio-8000-exec-9] c.zh.mapper.OrderItemMapper.selectList   : ==> Parameters: 19(Long), 18(Long), 17(Long), 16(Long), 15(Long), 14(Long), 13(Long), 12(Long), 11(Long), 10(Long), 9(Long), 8(Long), 7(Long), 6(Long), 5(Long), 4(Long), 2(Long), 3(Long), 1(Long)
23:17:06:913 DEBUG 43472 --- [warehouse] [http-nio-8000-exec-9] c.zh.mapper.OrderItemMapper.selectList   : <==      Total: 22
23:17:08:286 DEBUG 43472 --- [warehouse] [http-nio-8000-exec-10] com.zh.mapper.ProductMapper.selectList   : ==>  Preparing: SELECT id,sku,name,category,unit,price,low_stock_threshold,created_at,updated_at FROM product
23:17:08:287 DEBUG 43472 --- [warehouse] [http-nio-8000-exec-10] com.zh.mapper.ProductMapper.selectList   : ==> Parameters: 
23:17:08:289 DEBUG 43472 --- [warehouse] [http-nio-8000-exec-10] com.zh.mapper.ProductMapper.selectList   : <==      Total: 11
23:17:08:302 DEBUG 43472 --- [warehouse] [http-nio-8000-exec-10] c.zh.mapper.InventoryMapper.selectList   : ==>  Preparing: SELECT id,product_id,quantity,reserved_quantity,version,updated_at FROM inventory WHERE (product_id IN (?))
23:17:08:303 DEBUG 43472 --- [warehouse] [http-nio-8000-exec-10] c.zh.mapper.InventoryMapper.selectList   : ==> Parameters: 11(Long)
23:17:08:304 DEBUG 43472 --- [warehouse] [http-nio-8000-exec-10] c.zh.mapper.InventoryMapper.selectList   : <==      Total: 0
23:17:10:549 DEBUG 43472 --- [warehouse] [http-nio-8000-exec-1] com.zh.mapper.ProductMapper.selectList   : ==>  Preparing: SELECT id,sku,name,category,unit,price,low_stock_threshold,created_at,updated_at FROM product
23:17:10:550 DEBUG 43472 --- [warehouse] [http-nio-8000-exec-1] com.zh.mapper.ProductMapper.selectList   : ==> Parameters: 
23:17:10:552 DEBUG 43472 --- [warehouse] [http-nio-8000-exec-1] com.zh.mapper.ProductMapper.selectList   : <==      Total: 11
23:17:10:564 DEBUG 43472 --- [warehouse] [http-nio-8000-exec-1] c.zh.mapper.InventoryMapper.selectList   : ==>  Preparing: SELECT id,product_id,quantity,reserved_quantity,version,updated_at FROM inventory WHERE (product_id IN (?))
23:17:10:564 DEBUG 43472 --- [warehouse] [http-nio-8000-exec-1] c.zh.mapper.InventoryMapper.selectList   : ==> Parameters: 11(Long)
23:17:10:565 DEBUG 43472 --- [warehouse] [http-nio-8000-exec-1] c.zh.mapper.InventoryMapper.selectList   : <==      Total: 0
23:17:12:844 DEBUG 43472 --- [warehouse] [http-nio-8000-exec-2] com.zh.mapper.OrdersMapper.selectList    : ==>  Preparing: SELECT id,order_no,type,status,total_quantity,operator_id,operator_name,remark,created_at,confirmed_at FROM orders ORDER BY created_at DESC
23:17:12:845 DEBUG 43472 --- [warehouse] [http-nio-8000-exec-2] com.zh.mapper.OrdersMapper.selectList    : ==> Parameters: 
23:17:12:848 DEBUG 43472 --- [warehouse] [http-nio-8000-exec-2] com.zh.mapper.OrdersMapper.selectList    : <==      Total: 19
23:17:12:849 DEBUG 43472 --- [warehouse] [http-nio-8000-exec-2] c.zh.mapper.OrderItemMapper.selectList   : ==>  Preparing: SELECT id,order_id,product_id,product_name,quantity FROM order_item WHERE (order_id IN (?,?,?,?,?,?,?,?,?,?,?,?,?,?,?,?,?,?,?))
23:17:12:851 DEBUG 43472 --- [warehouse] [http-nio-8000-exec-2] c.zh.mapper.OrderItemMapper.selectList   : ==> Parameters: 19(Long), 18(Long), 17(Long), 16(Long), 15(Long), 14(Long), 13(Long), 12(Long), 11(Long), 10(Long), 9(Long), 8(Long), 7(Long), 6(Long), 5(Long), 4(Long), 2(Long), 3(Long), 1(Long)
23:17:12:853 DEBUG 43472 --- [warehouse] [http-nio-8000-exec-2] c.zh.mapper.OrderItemMapper.selectList   : <==      Total: 22
23:25:37:690 DEBUG 43472 --- [warehouse] [http-nio-8000-exec-3] com.zh.mapper.ProductMapper.selectList   : ==>  Preparing: SELECT id,sku,name,category,unit,price,low_stock_threshold,created_at,updated_at FROM product
23:25:37:692 DEBUG 43472 --- [warehouse] [http-nio-8000-exec-3] com.zh.mapper.ProductMapper.selectList   : ==> Parameters: 
23:25:37:700 DEBUG 43472 --- [warehouse] [http-nio-8000-exec-3] com.zh.mapper.ProductMapper.selectList   : <==      Total: 11
23:25:37:717 DEBUG 43472 --- [warehouse] [http-nio-8000-exec-3] c.zh.mapper.InventoryMapper.selectList   : ==>  Preparing: SELECT id,product_id,quantity,reserved_quantity,version,updated_at FROM inventory WHERE (product_id IN (?,?,?,?,?,?,?,?,?,?,?))
23:25:37:718 DEBUG 43472 --- [warehouse] [http-nio-8000-exec-3] c.zh.mapper.InventoryMapper.selectList   : ==> Parameters: 1(Long), 2(Long), 3(Long), 4(Long), 5(Long), 6(Long), 7(Long), 8(Long), 9(Long), 10(Long), 11(Long)
23:25:37:721 DEBUG 43472 --- [warehouse] [http-nio-8000-exec-3] c.zh.mapper.InventoryMapper.selectList   : <==      Total: 10
23:25:40:732 DEBUG 43472 --- [warehouse] [http-nio-8000-exec-5] com.zh.mapper.OrdersMapper.selectList    : ==>  Preparing: SELECT id,order_no,type,status,total_quantity,operator_id,operator_name,remark,created_at,confirmed_at FROM orders ORDER BY created_at DESC
23:25:40:733 DEBUG 43472 --- [warehouse] [http-nio-8000-exec-5] com.zh.mapper.OrdersMapper.selectList    : ==> Parameters: 
23:25:40:738 DEBUG 43472 --- [warehouse] [http-nio-8000-exec-5] com.zh.mapper.OrdersMapper.selectList    : <==      Total: 19
23:25:40:741 DEBUG 43472 --- [warehouse] [http-nio-8000-exec-5] c.zh.mapper.OrderItemMapper.selectList   : ==>  Preparing: SELECT id,order_id,product_id,product_name,quantity FROM order_item WHERE (order_id IN (?,?,?,?,?,?,?,?,?,?,?,?,?,?,?,?,?,?,?))
23:25:40:743 DEBUG 43472 --- [warehouse] [http-nio-8000-exec-5] c.zh.mapper.OrderItemMapper.selectList   : ==> Parameters: 19(Long), 18(Long), 17(Long), 16(Long), 15(Long), 14(Long), 13(Long), 12(Long), 11(Long), 10(Long), 9(Long), 8(Long), 7(Long), 6(Long), 5(Long), 4(Long), 2(Long), 3(Long), 1(Long)
23:25:40:747 DEBUG 43472 --- [warehouse] [http-nio-8000-exec-5] c.zh.mapper.OrderItemMapper.selectList   : <==      Total: 22
23:25:42:908 DEBUG 43472 --- [warehouse] [http-nio-8000-exec-4] c.z.m.ProductMapper.selectList_mpCount   : ==>  Preparing: SELECT COUNT(*) AS total FROM product
23:25:42:909 DEBUG 43472 --- [warehouse] [http-nio-8000-exec-4] c.z.m.ProductMapper.selectList_mpCount   : ==> Parameters: 
23:25:42:912 DEBUG 43472 --- [warehouse] [http-nio-8000-exec-4] c.z.m.ProductMapper.selectList_mpCount   : <==      Total: 1
23:25:42:913 DEBUG 43472 --- [warehouse] [http-nio-8000-exec-4] com.zh.mapper.ProductMapper.selectList   : ==>  Preparing: SELECT id,sku,name,category,unit,price,low_stock_threshold,created_at,updated_at FROM product ORDER BY id ASC LIMIT ?
23:25:42:914 DEBUG 43472 --- [warehouse] [http-nio-8000-exec-4] com.zh.mapper.ProductMapper.selectList   : ==> Parameters: 100(Long)
23:25:42:916 DEBUG 43472 --- [warehouse] [http-nio-8000-exec-4] com.zh.mapper.ProductMapper.selectList   : <==      Total: 11
23:25:47:983 DEBUG 43472 --- [warehouse] [http-nio-8000-exec-6] c.zh.mapper.ProductMapper.selectByIds    : ==>  Preparing: SELECT id,sku,name,category,unit,price,low_stock_threshold,created_at,updated_at FROM product WHERE id IN ( ? )
23:25:47:984 DEBUG 43472 --- [warehouse] [http-nio-8000-exec-6] c.zh.mapper.ProductMapper.selectByIds    : ==> Parameters: 1(Long)
23:25:47:987 DEBUG 43472 --- [warehouse] [http-nio-8000-exec-6] c.zh.mapper.ProductMapper.selectByIds    : <==      Total: 1
23:25:47:990 DEBUG 43472 --- [warehouse] [http-nio-8000-exec-6] com.zh.mapper.InventoryMapper.update     : ==>  Preparing: UPDATE inventory SET reserved_quantity = reserved_quantity + ?,updated_at=? WHERE (product_id = ? AND quantity - reserved_quantity >= ?)
23:25:47:993 DEBUG 43472 --- [warehouse] [http-nio-8000-exec-6] com.zh.mapper.InventoryMapper.update     : ==> Parameters: 100(Integer), 2026-08-04T23:25:47.989423800(LocalDateTime), 1(Long), 100(Integer)
23:25:47:999 DEBUG 43472 --- [warehouse] [http-nio-8000-exec-6] com.zh.mapper.InventoryMapper.update     : <==    Updates: 1
23:25:48:001 DEBUG 43472 --- [warehouse] [http-nio-8000-exec-6] com.zh.mapper.OrdersMapper.selectCount   : ==>  Preparing: SELECT COUNT( * ) AS total FROM orders WHERE (order_no LIKE ?)
23:25:48:002 DEBUG 43472 --- [warehouse] [http-nio-8000-exec-6] com.zh.mapper.OrdersMapper.selectCount   : ==> Parameters: OUT20260804%(String)
23:25:48:005 DEBUG 43472 --- [warehouse] [http-nio-8000-exec-6] com.zh.mapper.OrdersMapper.selectCount   : <==      Total: 1
23:25:48:015 DEBUG 43472 --- [warehouse] [http-nio-8000-exec-6] com.zh.mapper.OrdersMapper.insert        : ==>  Preparing: INSERT INTO orders ( order_no, type, status, total_quantity, operator_id, operator_name, remark, created_at ) VALUES ( ?, ?, ?, ?, ?, ?, ?, ? )
23:25:48:015 DEBUG 43472 --- [warehouse] [http-nio-8000-exec-6] com.zh.mapper.OrdersMapper.insert        : ==> Parameters: OUT202608040009(String), OUTBOUND(String), RESERVED(String), 100(Integer), 1(Long), 管理员(String), (String), 2026-08-04T23:25:48.009852300(LocalDateTime)
23:25:48:021 DEBUG 43472 --- [warehouse] [http-nio-8000-exec-6] com.zh.mapper.OrdersMapper.insert        : <==    Updates: 1
23:25:48:026 DEBUG 43472 --- [warehouse] [http-nio-8000-exec-6] com.zh.mapper.OrderItemMapper.insert     : ==>  Preparing: INSERT INTO order_item ( order_id, product_id, product_name, quantity ) VALUES ( ?, ?, ?, ? )
23:25:48:027 DEBUG 43472 --- [warehouse] [http-nio-8000-exec-6] com.zh.mapper.OrderItemMapper.insert     : ==> Parameters: 20(Long), 1(Long), 一次性口罩(String), 100(Integer)
23:25:48:386 DEBUG 43472 --- [warehouse] [http-nio-8000-exec-7] com.zh.mapper.OrdersMapper.selectList    : ==>  Preparing: SELECT id,order_no,type,status,total_quantity,operator_id,operator_name,remark,created_at,confirmed_at FROM orders ORDER BY created_at DESC
23:25:48:387 DEBUG 43472 --- [warehouse] [http-nio-8000-exec-7] com.zh.mapper.OrdersMapper.selectList    : ==> Parameters: 
23:25:48:393 DEBUG 43472 --- [warehouse] [http-nio-8000-exec-7] com.zh.mapper.OrdersMapper.selectList    : <==      Total: 20
23:25:48:396 DEBUG 43472 --- [warehouse] [http-nio-8000-exec-7] c.zh.mapper.OrderItemMapper.selectList   : ==>  Preparing: SELECT id,order_id,product_id,product_name,quantity FROM order_item WHERE (order_id IN (?,?,?,?,?,?,?,?,?,?,?,?,?,?,?,?,?,?,?,?))
23:25:48:398 DEBUG 43472 --- [warehouse] [http-nio-8000-exec-7] c.zh.mapper.OrderItemMapper.selectList   : ==> Parameters: 20(Long), 19(Long), 18(Long), 17(Long), 16(Long), 15(Long), 14(Long), 13(Long), 12(Long), 11(Long), 10(Long), 9(Long), 8(Long), 7(Long), 6(Long), 5(Long), 4(Long), 2(Long), 3(Long), 1(Long)
23:25:48:401 DEBUG 43472 --- [warehouse] [http-nio-8000-exec-7] c.zh.mapper.OrderItemMapper.selectList   : <==      Total: 23
23:26:08:318 DEBUG 43472 --- [warehouse] [http-nio-8000-exec-8] com.zh.mapper.OrdersMapper.selectById    : ==>  Preparing: SELECT id,order_no,type,status,total_quantity,operator_id,operator_name,remark,created_at,confirmed_at FROM orders WHERE id=?
23:26:08:320 DEBUG 43472 --- [warehouse] [http-nio-8000-exec-8] com.zh.mapper.OrdersMapper.selectById    : ==> Parameters: 20(Long)
23:26:08:323 DEBUG 43472 --- [warehouse] [http-nio-8000-exec-8] com.zh.mapper.OrdersMapper.selectById    : <==      Total: 1
23:26:08:325 DEBUG 43472 --- [warehouse] [http-nio-8000-exec-8] com.zh.mapper.OrdersMapper.updateById    : ==>  Preparing: UPDATE orders SET order_no=?, type=?, status=?, total_quantity=?, operator_id=?, operator_name=?, remark=?, created_at=? WHERE id=?
23:26:08:326 DEBUG 43472 --- [warehouse] [http-nio-8000-exec-8] com.zh.mapper.OrdersMapper.updateById    : ==> Parameters: OUT202608040009(String), OUTBOUND(String), CONFIRMING(String), 100(Integer), 1(Long), 管理员(String), (String), 2026-08-04T23:25:48(LocalDateTime), 20(Long)
23:26:08:329 DEBUG 43472 --- [warehouse] [http-nio-8000-exec-8] com.zh.mapper.OrdersMapper.updateById    : <==    Updates: 1
23:26:08:344 DEBUG 43472 --- [warehouse] [org.springframework.amqp.rabbit.RabbitListenerEndpointContainer#2-1] com.zh.mapper.OrdersMapper.selectById    : ==>  Preparing: SELECT id,order_no,type,status,total_quantity,operator_id,operator_name,remark,created_at,confirmed_at FROM orders WHERE id=?
23:26:08:345 DEBUG 43472 --- [warehouse] [org.springframework.amqp.rabbit.RabbitListenerEndpointContainer#2-1] com.zh.mapper.OrdersMapper.selectById    : ==> Parameters: 20(Long)
23:26:08:347 DEBUG 43472 --- [warehouse] [org.springframework.amqp.rabbit.RabbitListenerEndpointContainer#2-1] com.zh.mapper.OrdersMapper.selectById    : <==      Total: 1
23:26:08:348 DEBUG 43472 --- [warehouse] [org.springframework.amqp.rabbit.RabbitListenerEndpointContainer#2-1] c.z.m.InventoryLogMapper.selectCount     : ==>  Preparing: SELECT COUNT( * ) AS total FROM inventory_log WHERE (order_id = ?)
23:26:08:348 DEBUG 43472 --- [warehouse] [org.springframework.amqp.rabbit.RabbitListenerEndpointContainer#2-1] c.z.m.InventoryLogMapper.selectCount     : ==> Parameters: 20(Long)
23:26:08:351 DEBUG 43472 --- [warehouse] [org.springframework.amqp.rabbit.RabbitListenerEndpointContainer#2-1] c.z.m.InventoryLogMapper.selectCount     : <==      Total: 1
23:26:08:352 DEBUG 43472 --- [warehouse] [org.springframework.amqp.rabbit.RabbitListenerEndpointContainer#2-1] c.zh.mapper.OrderItemMapper.selectList   : ==>  Preparing: SELECT id,order_id,product_id,product_name,quantity FROM order_item WHERE (order_id = ?)
23:26:08:353 DEBUG 43472 --- [warehouse] [org.springframework.amqp.rabbit.RabbitListenerEndpointContainer#2-1] c.zh.mapper.OrderItemMapper.selectList   : ==> Parameters: 20(Long)
23:26:08:355 DEBUG 43472 --- [warehouse] [org.springframework.amqp.rabbit.RabbitListenerEndpointContainer#2-1] c.zh.mapper.OrderItemMapper.selectList   : <==      Total: 1
23:26:08:359 DEBUG 43472 --- [warehouse] [org.springframework.amqp.rabbit.RabbitListenerEndpointContainer#2-1] c.z.m.InventoryMapper.selectWithCursor   : ==>  Preparing: SELECT id,product_id,quantity,reserved_quantity,version,updated_at FROM inventory WHERE (product_id = ?)
23:26:08:360 DEBUG 43472 --- [warehouse] [org.springframework.amqp.rabbit.RabbitListenerEndpointContainer#2-1] c.z.m.InventoryMapper.selectWithCursor   : ==> Parameters: 1(Long)
23:26:08:361 DEBUG 43472 --- [warehouse] [org.springframework.amqp.rabbit.RabbitListenerEndpointContainer#2-1] c.z.m.InventoryMapper.selectWithCursor   : <==      Total: 1
23:26:08:363 DEBUG 43472 --- [warehouse] [org.springframework.amqp.rabbit.RabbitListenerEndpointContainer#2-1] com.zh.mapper.InventoryMapper.update     : ==>  Preparing: UPDATE inventory SET quantity = quantity - ?,reserved_quantity = reserved_quantity - ?,updated_at=? WHERE (product_id = ? AND quantity >= ? AND reserved_quantity >= ?)
23:26:08:364 DEBUG 43472 --- [warehouse] [org.springframework.amqp.rabbit.RabbitListenerEndpointContainer#2-1] com.zh.mapper.InventoryMapper.update     : ==> Parameters: 100(Integer), 100(Integer), 2026-08-04T23:26:08.362676500(LocalDateTime), 1(Long), 100(Integer), 100(Integer)
23:26:08:366 DEBUG 43472 --- [warehouse] [org.springframework.amqp.rabbit.RabbitListenerEndpointContainer#2-1] com.zh.mapper.InventoryMapper.update     : <==    Updates: 1
23:26:08:369 DEBUG 43472 --- [warehouse] [org.springframework.amqp.rabbit.RabbitListenerEndpointContainer#2-1] c.z.m.InventoryMapper.selectWithCursor   : ==>  Preparing: SELECT id,product_id,quantity,reserved_quantity,version,updated_at FROM inventory WHERE (product_id = ?)
23:26:08:370 DEBUG 43472 --- [warehouse] [org.springframework.amqp.rabbit.RabbitListenerEndpointContainer#2-1] c.z.m.InventoryMapper.selectWithCursor   : ==> Parameters: 1(Long)
23:26:08:372 DEBUG 43472 --- [warehouse] [org.springframework.amqp.rabbit.RabbitListenerEndpointContainer#2-1] c.z.m.InventoryMapper.selectWithCursor   : <==      Total: 1
23:26:08:376 DEBUG 43472 --- [warehouse] [org.springframework.amqp.rabbit.RabbitListenerEndpointContainer#2-1] c.zh.mapper.InventoryLogMapper.insert    : ==>  Preparing: INSERT INTO inventory_log ( product_id, change_type, change_quantity, before_quantity, after_quantity, order_id, created_at ) VALUES ( ?, ?, ?, ?, ?, ?, ? )
23:26:08:378 DEBUG 43472 --- [warehouse] [org.springframework.amqp.rabbit.RabbitListenerEndpointContainer#2-1] c.zh.mapper.InventoryLogMapper.insert    : ==> Parameters: 1(Long), OUTBOUND(String), -100(Integer), 194(Integer), 94(Integer), 20(Long), 2026-08-04T23:26:08.373264800(LocalDateTime)
23:26:08:380 DEBUG 43472 --- [warehouse] [org.springframework.amqp.rabbit.RabbitListenerEndpointContainer#2-1] c.zh.mapper.InventoryLogMapper.insert    : <==    Updates: 1
23:26:08:385 DEBUG 43472 --- [warehouse] [org.springframework.amqp.rabbit.RabbitListenerEndpointContainer#2-1] com.zh.mapper.ProductMapper.selectById   : ==>  Preparing: SELECT id,sku,name,category,unit,price,low_stock_threshold,created_at,updated_at FROM product WHERE id=?
23:26:08:387 DEBUG 43472 --- [warehouse] [org.springframework.amqp.rabbit.RabbitListenerEndpointContainer#2-1] com.zh.mapper.ProductMapper.selectById   : ==> Parameters: 1(Long)
23:26:08:390 DEBUG 43472 --- [warehouse] [org.springframework.amqp.rabbit.RabbitListenerEndpointContainer#2-1] com.zh.mapper.ProductMapper.selectById   : <==      Total: 1
23:26:08:395 DEBUG 43472 --- [warehouse] [org.springframework.amqp.rabbit.RabbitListenerEndpointContainer#2-1] c.z.m.InventoryMapper.selectWithCursor   : ==>  Preparing: SELECT id,product_id,quantity,reserved_quantity,version,updated_at FROM inventory WHERE (product_id = ?)
23:26:08:396 DEBUG 43472 --- [warehouse] [org.springframework.amqp.rabbit.RabbitListenerEndpointContainer#2-1] c.z.m.InventoryMapper.selectWithCursor   : ==> Parameters: 1(Long)
23:26:08:400 DEBUG 43472 --- [warehouse] [org.springframework.amqp.rabbit.RabbitListenerEndpointContainer#2-1] c.z.m.InventoryMapper.selectWithCursor   : <==      Total: 1
23:26:08:402 DEBUG 43472 --- [warehouse] [org.springframework.amqp.rabbit.RabbitListenerEndpointContainer#2-1] com.zh.mapper.OrdersMapper.updateById    : ==>  Preparing: UPDATE orders SET order_no=?, type=?, status=?, total_quantity=?, operator_id=?, operator_name=?, remark=?, created_at=?, confirmed_at=? WHERE id=?
23:26:08:403 DEBUG 43472 --- [warehouse] [org.springframework.amqp.rabbit.RabbitListenerEndpointContainer#2-1] com.zh.mapper.OrdersMapper.updateById    : ==> Parameters: OUT202608040009(String), OUTBOUND(String), COMPLETED(String), 100(Integer), 1(Long), 管理员(String), (String), 2026-08-04T23:25:48(LocalDateTime), 2026-08-04T23:26:08.401635900(LocalDateTime), 20(Long)
23:26:08:405 DEBUG 43472 --- [warehouse] [org.springframework.amqp.rabbit.RabbitListenerEndpointContainer#2-1] com.zh.mapper.OrdersMapper.updateById    : <==    Updates: 1
23:26:08:405  INFO 43472 --- [warehouse] [org.springframework.amqp.rabbit.RabbitListenerEndpointContainer#2-1] c.z.s.impl.OrderConfirmServiceImpl       : 出库确认处理完成, orderId=20
23:26:08:656 DEBUG 43472 --- [warehouse] [http-nio-8000-exec-9] com.zh.mapper.OrdersMapper.selectList    : ==>  Preparing: SELECT id,order_no,type,status,total_quantity,operator_id,operator_name,remark,created_at,confirmed_at FROM orders ORDER BY created_at DESC
23:26:08:656 DEBUG 43472 --- [warehouse] [http-nio-8000-exec-9] com.zh.mapper.OrdersMapper.selectList    : ==> Parameters: 
23:26:08:661 DEBUG 43472 --- [warehouse] [http-nio-8000-exec-9] com.zh.mapper.OrdersMapper.selectList    : <==      Total: 20
23:26:08:663 DEBUG 43472 --- [warehouse] [http-nio-8000-exec-9] c.zh.mapper.OrderItemMapper.selectList   : ==>  Preparing: SELECT id,order_id,product_id,product_name,quantity FROM order_item WHERE (order_id IN (?,?,?,?,?,?,?,?,?,?,?,?,?,?,?,?,?,?,?,?))
23:26:08:664 DEBUG 43472 --- [warehouse] [http-nio-8000-exec-9] c.zh.mapper.OrderItemMapper.selectList   : ==> Parameters: 20(Long), 19(Long), 18(Long), 17(Long), 16(Long), 15(Long), 14(Long), 13(Long), 12(Long), 11(Long), 10(Long), 9(Long), 8(Long), 7(Long), 6(Long), 5(Long), 4(Long), 2(Long), 3(Long), 1(Long)
23:26:08:667 DEBUG 43472 --- [warehouse] [http-nio-8000-exec-9] c.zh.mapper.OrderItemMapper.selectList   : <==      Total: 23
23:26:08:919 DEBUG 43472 --- [warehouse] [http-nio-8000-exec-10] com.zh.mapper.OrdersMapper.selectList    : ==>  Preparing: SELECT id,order_no,type,status,total_quantity,operator_id,operator_name,remark,created_at,confirmed_at FROM orders ORDER BY created_at DESC
23:26:08:920 DEBUG 43472 --- [warehouse] [http-nio-8000-exec-10] com.zh.mapper.OrdersMapper.selectList    : ==> Parameters: 
23:26:08:921 DEBUG 43472 --- [warehouse] [http-nio-8000-exec-10] com.zh.mapper.OrdersMapper.selectList    : <==      Total: 20
23:26:08:922 DEBUG 43472 --- [warehouse] [http-nio-8000-exec-10] c.zh.mapper.OrderItemMapper.selectList   : ==>  Preparing: SELECT id,order_id,product_id,product_name,quantity FROM order_item WHERE (order_id IN (?,?,?,?,?,?,?,?,?,?,?,?,?,?,?,?,?,?,?,?))
23:26:08:922 DEBUG 43472 --- [warehouse] [http-nio-8000-exec-10] c.zh.mapper.OrderItemMapper.selectList   : ==> Parameters: 20(Long), 19(Long), 18(Long), 17(Long), 16(Long), 15(Long), 14(Long), 13(Long), 12(Long), 11(Long), 10(Long), 9(Long), 8(Long), 7(Long), 6(Long), 5(Long), 4(Long), 2(Long), 3(Long), 1(Long)
23:26:08:925 DEBUG 43472 --- [warehouse] [http-nio-8000-exec-10] c.zh.mapper.OrderItemMapper.selectList   : <==      Total: 23
23:30:32:949 DEBUG 43472 --- [warehouse] [http-nio-8000-exec-1] com.zh.mapper.ProductMapper.selectList   : ==>  Preparing: SELECT id,sku,name,category,unit,price,low_stock_threshold,created_at,updated_at FROM product
23:30:32:949 DEBUG 43472 --- [warehouse] [http-nio-8000-exec-1] com.zh.mapper.ProductMapper.selectList   : ==> Parameters: 
23:30:32:953 DEBUG 43472 --- [warehouse] [http-nio-8000-exec-1] com.zh.mapper.ProductMapper.selectList   : <==      Total: 11
23:30:32:972 DEBUG 43472 --- [warehouse] [http-nio-8000-exec-1] c.zh.mapper.InventoryMapper.selectList   : ==>  Preparing: SELECT id,product_id,quantity,reserved_quantity,version,updated_at FROM inventory WHERE (product_id IN (?,?,?,?,?,?,?,?,?,?,?))
23:30:32:973 DEBUG 43472 --- [warehouse] [http-nio-8000-exec-1] c.zh.mapper.InventoryMapper.selectList   : ==> Parameters: 1(Long), 2(Long), 3(Long), 4(Long), 5(Long), 6(Long), 7(Long), 8(Long), 9(Long), 10(Long), 11(Long)
23:30:32:975 DEBUG 43472 --- [warehouse] [http-nio-8000-exec-1] c.zh.mapper.InventoryMapper.selectList   : <==      Total: 10
23:30:37:620 DEBUG 43472 --- [warehouse] [http-nio-8000-exec-2] com.zh.mapper.OrdersMapper.selectList    : ==>  Preparing: SELECT id,order_no,type,status,total_quantity,operator_id,operator_name,remark,created_at,confirmed_at FROM orders ORDER BY created_at DESC
23:30:37:621 DEBUG 43472 --- [warehouse] [http-nio-8000-exec-2] com.zh.mapper.OrdersMapper.selectList    : ==> Parameters: 
23:30:37:625 DEBUG 43472 --- [warehouse] [http-nio-8000-exec-2] com.zh.mapper.OrdersMapper.selectList    : <==      Total: 20
23:30:37:627 DEBUG 43472 --- [warehouse] [http-nio-8000-exec-2] c.zh.mapper.OrderItemMapper.selectList   : ==>  Preparing: SELECT id,order_id,product_id,product_name,quantity FROM order_item WHERE (order_id IN (?,?,?,?,?,?,?,?,?,?,?,?,?,?,?,?,?,?,?,?))
23:30:37:628 DEBUG 43472 --- [warehouse] [http-nio-8000-exec-2] c.zh.mapper.OrderItemMapper.selectList   : ==> Parameters: 20(Long), 19(Long), 18(Long), 17(Long), 16(Long), 15(Long), 14(Long), 13(Long), 12(Long), 11(Long), 10(Long), 9(Long), 8(Long), 7(Long), 6(Long), 5(Long), 4(Long), 2(Long), 3(Long), 1(Long)
23:30:37:632 DEBUG 43472 --- [warehouse] [http-nio-8000-exec-2] c.zh.mapper.OrderItemMapper.selectList   : <==      Total: 23
23:30:38:844 DEBUG 43472 --- [warehouse] [http-nio-8000-exec-3] com.zh.mapper.ProductMapper.selectList   : ==>  Preparing: SELECT id,sku,name,category,unit,price,low_stock_threshold,created_at,updated_at FROM product
23:30:38:844 DEBUG 43472 --- [warehouse] [http-nio-8000-exec-3] com.zh.mapper.ProductMapper.selectList   : ==> Parameters: 
23:30:38:884 DEBUG 43472 --- [warehouse] [http-nio-8000-exec-3] com.zh.mapper.ProductMapper.selectList   : <==      Total: 11
23:30:38:912 DEBUG 43472 --- [warehouse] [http-nio-8000-exec-3] c.zh.mapper.InventoryMapper.selectList   : ==>  Preparing: SELECT id,product_id,quantity,reserved_quantity,version,updated_at FROM inventory WHERE (product_id IN (?))
23:30:38:913 DEBUG 43472 --- [warehouse] [http-nio-8000-exec-3] c.zh.mapper.InventoryMapper.selectList   : ==> Parameters: 11(Long)
23:30:38:915 DEBUG 43472 --- [warehouse] [http-nio-8000-exec-3] c.zh.mapper.InventoryMapper.selectList   : <==      Total: 0
23:30:39:864 DEBUG 43472 --- [warehouse] [http-nio-8000-exec-5] com.zh.mapper.OrdersMapper.selectList    : ==>  Preparing: SELECT id,order_no,type,status,total_quantity,operator_id,operator_name,remark,created_at,confirmed_at FROM orders ORDER BY created_at DESC
23:30:39:864 DEBUG 43472 --- [warehouse] [http-nio-8000-exec-5] com.zh.mapper.OrdersMapper.selectList    : ==> Parameters: 
23:30:39:868 DEBUG 43472 --- [warehouse] [http-nio-8000-exec-5] com.zh.mapper.OrdersMapper.selectList    : <==      Total: 20
23:30:39:870 DEBUG 43472 --- [warehouse] [http-nio-8000-exec-5] c.zh.mapper.OrderItemMapper.selectList   : ==>  Preparing: SELECT id,order_id,product_id,product_name,quantity FROM order_item WHERE (order_id IN (?,?,?,?,?,?,?,?,?,?,?,?,?,?,?,?,?,?,?,?))
23:30:39:872 DEBUG 43472 --- [warehouse] [http-nio-8000-exec-5] c.zh.mapper.OrderItemMapper.selectList   : ==> Parameters: 20(Long), 19(Long), 18(Long), 17(Long), 16(Long), 15(Long), 14(Long), 13(Long), 12(Long), 11(Long), 10(Long), 9(Long), 8(Long), 7(Long), 6(Long), 5(Long), 4(Long), 2(Long), 3(Long), 1(Long)
23:30:39:875 DEBUG 43472 --- [warehouse] [http-nio-8000-exec-5] c.zh.mapper.OrderItemMapper.selectList   : <==      Total: 23
23:30:44:724 DEBUG 43472 --- [warehouse] [http-nio-8000-exec-4] com.zh.mapper.ProductMapper.selectList   : ==>  Preparing: SELECT id,sku,name,category,unit,price,low_stock_threshold,created_at,updated_at FROM product
23:30:44:724 DEBUG 43472 --- [warehouse] [http-nio-8000-exec-4] com.zh.mapper.ProductMapper.selectList   : ==> Parameters: 
23:30:44:729 DEBUG 43472 --- [warehouse] [http-nio-8000-exec-4] com.zh.mapper.ProductMapper.selectList   : <==      Total: 11
23:30:44:738 DEBUG 43472 --- [warehouse] [http-nio-8000-exec-4] c.zh.mapper.InventoryMapper.selectList   : ==>  Preparing: SELECT id,product_id,quantity,reserved_quantity,version,updated_at FROM inventory WHERE (product_id IN (?))
23:30:44:738 DEBUG 43472 --- [warehouse] [http-nio-8000-exec-4] c.zh.mapper.InventoryMapper.selectList   : ==> Parameters: 11(Long)
23:30:44:739 DEBUG 43472 --- [warehouse] [http-nio-8000-exec-4] c.zh.mapper.InventoryMapper.selectList   : <==      Total: 0
23:30:45:866 DEBUG 43472 --- [warehouse] [http-nio-8000-exec-6] com.zh.mapper.OrdersMapper.selectList    : ==>  Preparing: SELECT id,order_no,type,status,total_quantity,operator_id,operator_name,remark,created_at,confirmed_at FROM orders ORDER BY created_at DESC
23:30:45:867 DEBUG 43472 --- [warehouse] [http-nio-8000-exec-6] com.zh.mapper.OrdersMapper.selectList    : ==> Parameters: 
23:30:45:872 DEBUG 43472 --- [warehouse] [http-nio-8000-exec-6] com.zh.mapper.OrdersMapper.selectList    : <==      Total: 20
23:30:45:874 DEBUG 43472 --- [warehouse] [http-nio-8000-exec-6] c.zh.mapper.OrderItemMapper.selectList   : ==>  Preparing: SELECT id,order_id,product_id,product_name,quantity FROM order_item WHERE (order_id IN (?,?,?,?,?,?,?,?,?,?,?,?,?,?,?,?,?,?,?,?))
23:30:45:875 DEBUG 43472 --- [warehouse] [http-nio-8000-exec-6] c.zh.mapper.OrderItemMapper.selectList   : ==> Parameters: 20(Long), 19(Long), 18(Long), 17(Long), 16(Long), 15(Long), 14(Long), 13(Long), 12(Long), 11(Long), 10(Long), 9(Long), 8(Long), 7(Long), 6(Long), 5(Long), 4(Long), 2(Long), 3(Long), 1(Long)
23:30:45:878 DEBUG 43472 --- [warehouse] [http-nio-8000-exec-6] c.zh.mapper.OrderItemMapper.selectList   : <==      Total: 23
23:30:46:955 DEBUG 43472 --- [warehouse] [http-nio-8000-exec-7] c.z.m.ProductMapper.selectList_mpCount   : ==>  Preparing: SELECT COUNT(*) AS total FROM product
23:30:46:956 DEBUG 43472 --- [warehouse] [http-nio-8000-exec-7] c.z.m.ProductMapper.selectList_mpCount   : ==> Parameters: 
23:30:46:957 DEBUG 43472 --- [warehouse] [http-nio-8000-exec-7] c.z.m.ProductMapper.selectList_mpCount   : <==      Total: 1
23:30:46:958 DEBUG 43472 --- [warehouse] [http-nio-8000-exec-7] com.zh.mapper.ProductMapper.selectList   : ==>  Preparing: SELECT id,sku,name,category,unit,price,low_stock_threshold,created_at,updated_at FROM product ORDER BY id ASC LIMIT ?
23:30:46:958 DEBUG 43472 --- [warehouse] [http-nio-8000-exec-7] com.zh.mapper.ProductMapper.selectList   : ==> Parameters: 100(Long)
23:30:46:961 DEBUG 43472 --- [warehouse] [http-nio-8000-exec-7] com.zh.mapper.ProductMapper.selectList   : <==      Total: 11
23:30:53:049 DEBUG 43472 --- [warehouse] [http-nio-8000-exec-8] c.zh.mapper.ProductMapper.selectByIds    : ==>  Preparing: SELECT id,sku,name,category,unit,price,low_stock_threshold,created_at,updated_at FROM product WHERE id IN ( ? )
23:30:53:050 DEBUG 43472 --- [warehouse] [http-nio-8000-exec-8] c.zh.mapper.ProductMapper.selectByIds    : ==> Parameters: 1(Long)
23:30:53:062 DEBUG 43472 --- [warehouse] [http-nio-8000-exec-8] c.zh.mapper.ProductMapper.selectByIds    : <==      Total: 1
23:30:53:064 DEBUG 43472 --- [warehouse] [http-nio-8000-exec-8] com.zh.mapper.InventoryMapper.update     : ==>  Preparing: UPDATE inventory SET reserved_quantity = reserved_quantity + ?,updated_at=? WHERE (product_id = ? AND quantity - reserved_quantity >= ?)
23:30:53:065 DEBUG 43472 --- [warehouse] [http-nio-8000-exec-8] com.zh.mapper.InventoryMapper.update     : ==> Parameters: 4(Integer), 2026-08-04T23:30:53.063621100(LocalDateTime), 1(Long), 4(Integer)
23:30:53:068 DEBUG 43472 --- [warehouse] [http-nio-8000-exec-8] com.zh.mapper.InventoryMapper.update     : <==    Updates: 1
23:30:53:068 DEBUG 43472 --- [warehouse] [http-nio-8000-exec-8] com.zh.mapper.OrdersMapper.selectCount   : ==>  Preparing: SELECT COUNT( * ) AS total FROM orders WHERE (order_no LIKE ?)
23:30:53:069 DEBUG 43472 --- [warehouse] [http-nio-8000-exec-8] com.zh.mapper.OrdersMapper.selectCount   : ==> Parameters: OUT20260804%(String)
23:30:53:070 DEBUG 43472 --- [warehouse] [http-nio-8000-exec-8] com.zh.mapper.OrdersMapper.selectCount   : <==      Total: 1
23:30:53:071 DEBUG 43472 --- [warehouse] [http-nio-8000-exec-8] com.zh.mapper.OrdersMapper.insert        : ==>  Preparing: INSERT INTO orders ( order_no, type, status, total_quantity, operator_id, operator_name, remark, created_at ) VALUES ( ?, ?, ?, ?, ?, ?, ?, ? )
23:30:53:072 DEBUG 43472 --- [warehouse] [http-nio-8000-exec-8] com.zh.mapper.OrdersMapper.insert        : ==> Parameters: OUT202608040010(String), OUTBOUND(String), RESERVED(String), 4(Integer), 1(Long), 管理员(String), (String), 2026-08-04T23:30:53.071679500(LocalDateTime)
23:30:53:074 DEBUG 43472 --- [warehouse] [http-nio-8000-exec-8] com.zh.mapper.OrdersMapper.insert        : <==    Updates: 1
23:30:53:075 DEBUG 43472 --- [warehouse] [http-nio-8000-exec-8] com.zh.mapper.OrderItemMapper.insert     : ==>  Preparing: INSERT INTO order_item ( order_id, product_id, product_name, quantity ) VALUES ( ?, ?, ?, ? )
23:30:53:076 DEBUG 43472 --- [warehouse] [http-nio-8000-exec-8] com.zh.mapper.OrderItemMapper.insert     : ==> Parameters: 21(Long), 1(Long), 一次性口罩(String), 4(Integer)
23:30:53:407 DEBUG 43472 --- [warehouse] [http-nio-8000-exec-9] com.zh.mapper.OrdersMapper.selectList    : ==>  Preparing: SELECT id,order_no,type,status,total_quantity,operator_id,operator_name,remark,created_at,confirmed_at FROM orders ORDER BY created_at DESC
23:30:53:407 DEBUG 43472 --- [warehouse] [http-nio-8000-exec-9] com.zh.mapper.OrdersMapper.selectList    : ==> Parameters: 
23:30:53:412 DEBUG 43472 --- [warehouse] [http-nio-8000-exec-9] com.zh.mapper.OrdersMapper.selectList    : <==      Total: 21
23:30:53:415 DEBUG 43472 --- [warehouse] [http-nio-8000-exec-9] c.zh.mapper.OrderItemMapper.selectList   : ==>  Preparing: SELECT id,order_id,product_id,product_name,quantity FROM order_item WHERE (order_id IN (?,?,?,?,?,?,?,?,?,?,?,?,?,?,?,?,?,?,?,?,?))
23:30:53:416 DEBUG 43472 --- [warehouse] [http-nio-8000-exec-9] c.zh.mapper.OrderItemMapper.selectList   : ==> Parameters: 21(Long), 20(Long), 19(Long), 18(Long), 17(Long), 16(Long), 15(Long), 14(Long), 13(Long), 12(Long), 11(Long), 10(Long), 9(Long), 8(Long), 7(Long), 6(Long), 5(Long), 4(Long), 2(Long), 3(Long), 1(Long)
23:30:53:420 DEBUG 43472 --- [warehouse] [http-nio-8000-exec-9] c.zh.mapper.OrderItemMapper.selectList   : <==      Total: 24
23:32:45:669 DEBUG 43472 --- [warehouse] [http-nio-8000-exec-10] com.zh.mapper.OrdersMapper.selectById    : ==>  Preparing: SELECT id,order_no,type,status,total_quantity,operator_id,operator_name,remark,created_at,confirmed_at FROM orders WHERE id=?
23:32:45:669 DEBUG 43472 --- [warehouse] [http-nio-8000-exec-10] com.zh.mapper.OrdersMapper.selectById    : ==> Parameters: 21(Long)
23:32:45:671 DEBUG 43472 --- [warehouse] [http-nio-8000-exec-10] com.zh.mapper.OrdersMapper.selectById    : <==      Total: 1
23:32:45:672 DEBUG 43472 --- [warehouse] [http-nio-8000-exec-10] com.zh.mapper.OrdersMapper.updateById    : ==>  Preparing: UPDATE orders SET order_no=?, type=?, status=?, total_quantity=?, operator_id=?, operator_name=?, remark=?, created_at=? WHERE id=?
23:32:45:673 DEBUG 43472 --- [warehouse] [http-nio-8000-exec-10] com.zh.mapper.OrdersMapper.updateById    : ==> Parameters: OUT202608040010(String), OUTBOUND(String), CONFIRMING(String), 4(Integer), 1(Long), 管理员(String), (String), 2026-08-04T23:30:53(LocalDateTime), 21(Long)
23:32:45:676 DEBUG 43472 --- [warehouse] [http-nio-8000-exec-10] com.zh.mapper.OrdersMapper.updateById    : <==    Updates: 1
23:32:45:687 DEBUG 43472 --- [warehouse] [org.springframework.amqp.rabbit.RabbitListenerEndpointContainer#2-1] com.zh.mapper.OrdersMapper.selectById    : ==>  Preparing: SELECT id,order_no,type,status,total_quantity,operator_id,operator_name,remark,created_at,confirmed_at FROM orders WHERE id=?
23:32:45:688 DEBUG 43472 --- [warehouse] [org.springframework.amqp.rabbit.RabbitListenerEndpointContainer#2-1] com.zh.mapper.OrdersMapper.selectById    : ==> Parameters: 21(Long)
23:32:45:690 DEBUG 43472 --- [warehouse] [org.springframework.amqp.rabbit.RabbitListenerEndpointContainer#2-1] com.zh.mapper.OrdersMapper.selectById    : <==      Total: 1
23:32:45:691 DEBUG 43472 --- [warehouse] [org.springframework.amqp.rabbit.RabbitListenerEndpointContainer#2-1] c.z.m.InventoryLogMapper.selectCount     : ==>  Preparing: SELECT COUNT( * ) AS total FROM inventory_log WHERE (order_id = ?)
23:32:45:692 DEBUG 43472 --- [warehouse] [org.springframework.amqp.rabbit.RabbitListenerEndpointContainer#2-1] c.z.m.InventoryLogMapper.selectCount     : ==> Parameters: 21(Long)
23:32:45:695 DEBUG 43472 --- [warehouse] [org.springframework.amqp.rabbit.RabbitListenerEndpointContainer#2-1] c.z.m.InventoryLogMapper.selectCount     : <==      Total: 1
23:32:45:696 DEBUG 43472 --- [warehouse] [org.springframework.amqp.rabbit.RabbitListenerEndpointContainer#2-1] c.zh.mapper.OrderItemMapper.selectList   : ==>  Preparing: SELECT id,order_id,product_id,product_name,quantity FROM order_item WHERE (order_id = ?)
23:32:45:696 DEBUG 43472 --- [warehouse] [org.springframework.amqp.rabbit.RabbitListenerEndpointContainer#2-1] c.zh.mapper.OrderItemMapper.selectList   : ==> Parameters: 21(Long)
23:32:45:699 DEBUG 43472 --- [warehouse] [org.springframework.amqp.rabbit.RabbitListenerEndpointContainer#2-1] c.zh.mapper.OrderItemMapper.selectList   : <==      Total: 1
23:32:45:702 DEBUG 43472 --- [warehouse] [org.springframework.amqp.rabbit.RabbitListenerEndpointContainer#2-1] c.z.m.InventoryMapper.selectWithCursor   : ==>  Preparing: SELECT id,product_id,quantity,reserved_quantity,version,updated_at FROM inventory WHERE (product_id = ?)
23:32:45:702 DEBUG 43472 --- [warehouse] [org.springframework.amqp.rabbit.RabbitListenerEndpointContainer#2-1] c.z.m.InventoryMapper.selectWithCursor   : ==> Parameters: 1(Long)
23:32:45:704 DEBUG 43472 --- [warehouse] [org.springframework.amqp.rabbit.RabbitListenerEndpointContainer#2-1] c.z.m.InventoryMapper.selectWithCursor   : <==      Total: 1
23:32:45:706 DEBUG 43472 --- [warehouse] [org.springframework.amqp.rabbit.RabbitListenerEndpointContainer#2-1] com.zh.mapper.InventoryMapper.update     : ==>  Preparing: UPDATE inventory SET quantity = quantity - ?,reserved_quantity = reserved_quantity - ?,updated_at=? WHERE (product_id = ? AND quantity >= ? AND reserved_quantity >= ?)
23:32:45:706 DEBUG 43472 --- [warehouse] [org.springframework.amqp.rabbit.RabbitListenerEndpointContainer#2-1] com.zh.mapper.InventoryMapper.update     : ==> Parameters: 4(Integer), 4(Integer), 2026-08-04T23:32:45.704915400(LocalDateTime), 1(Long), 4(Integer), 4(Integer)
23:32:45:708 DEBUG 43472 --- [warehouse] [org.springframework.amqp.rabbit.RabbitListenerEndpointContainer#2-1] com.zh.mapper.InventoryMapper.update     : <==    Updates: 1
23:32:45:711 DEBUG 43472 --- [warehouse] [org.springframework.amqp.rabbit.RabbitListenerEndpointContainer#2-1] c.z.m.InventoryMapper.selectWithCursor   : ==>  Preparing: SELECT id,product_id,quantity,reserved_quantity,version,updated_at FROM inventory WHERE (product_id = ?)
23:32:45:712 DEBUG 43472 --- [warehouse] [org.springframework.amqp.rabbit.RabbitListenerEndpointContainer#2-1] c.z.m.InventoryMapper.selectWithCursor   : ==> Parameters: 1(Long)
23:32:45:714 DEBUG 43472 --- [warehouse] [org.springframework.amqp.rabbit.RabbitListenerEndpointContainer#2-1] c.z.m.InventoryMapper.selectWithCursor   : <==      Total: 1
23:32:45:716 DEBUG 43472 --- [warehouse] [org.springframework.amqp.rabbit.RabbitListenerEndpointContainer#2-1] c.zh.mapper.InventoryLogMapper.insert    : ==>  Preparing: INSERT INTO inventory_log ( product_id, change_type, change_quantity, before_quantity, after_quantity, order_id, created_at ) VALUES ( ?, ?, ?, ?, ?, ?, ? )
23:32:45:717 DEBUG 43472 --- [warehouse] [org.springframework.amqp.rabbit.RabbitListenerEndpointContainer#2-1] c.zh.mapper.InventoryLogMapper.insert    : ==> Parameters: 1(Long), OUTBOUND(String), -4(Integer), 94(Integer), 90(Integer), 21(Long), 2026-08-04T23:32:45.715481200(LocalDateTime)
23:32:45:719 DEBUG 43472 --- [warehouse] [org.springframework.amqp.rabbit.RabbitListenerEndpointContainer#2-1] c.zh.mapper.InventoryLogMapper.insert    : <==    Updates: 1
23:32:45:721 DEBUG 43472 --- [warehouse] [org.springframework.amqp.rabbit.RabbitListenerEndpointContainer#2-1] com.zh.mapper.ProductMapper.selectById   : ==>  Preparing: SELECT id,sku,name,category,unit,price,low_stock_threshold,created_at,updated_at FROM product WHERE id=?
23:32:45:721 DEBUG 43472 --- [warehouse] [org.springframework.amqp.rabbit.RabbitListenerEndpointContainer#2-1] com.zh.mapper.ProductMapper.selectById   : ==> Parameters: 1(Long)
23:32:45:723 DEBUG 43472 --- [warehouse] [org.springframework.amqp.rabbit.RabbitListenerEndpointContainer#2-1] com.zh.mapper.ProductMapper.selectById   : <==      Total: 1
23:32:45:725 DEBUG 43472 --- [warehouse] [org.springframework.amqp.rabbit.RabbitListenerEndpointContainer#2-1] c.z.m.InventoryMapper.selectWithCursor   : ==>  Preparing: SELECT id,product_id,quantity,reserved_quantity,version,updated_at FROM inventory WHERE (product_id = ?)
23:32:45:727 DEBUG 43472 --- [warehouse] [org.springframework.amqp.rabbit.RabbitListenerEndpointContainer#2-1] c.z.m.InventoryMapper.selectWithCursor   : ==> Parameters: 1(Long)
23:32:45:729 DEBUG 43472 --- [warehouse] [org.springframework.amqp.rabbit.RabbitListenerEndpointContainer#2-1] c.z.m.InventoryMapper.selectWithCursor   : <==      Total: 1
23:32:45:730 DEBUG 43472 --- [warehouse] [org.springframework.amqp.rabbit.RabbitListenerEndpointContainer#2-1] com.zh.mapper.OrdersMapper.updateById    : ==>  Preparing: UPDATE orders SET order_no=?, type=?, status=?, total_quantity=?, operator_id=?, operator_name=?, remark=?, created_at=?, confirmed_at=? WHERE id=?
23:32:45:732 DEBUG 43472 --- [warehouse] [org.springframework.amqp.rabbit.RabbitListenerEndpointContainer#2-1] com.zh.mapper.OrdersMapper.updateById    : ==> Parameters: OUT202608040010(String), OUTBOUND(String), COMPLETED(String), 4(Integer), 1(Long), 管理员(String), (String), 2026-08-04T23:30:53(LocalDateTime), 2026-08-04T23:32:45.729606800(LocalDateTime), 21(Long)
23:32:45:734 DEBUG 43472 --- [warehouse] [org.springframework.amqp.rabbit.RabbitListenerEndpointContainer#2-1] com.zh.mapper.OrdersMapper.updateById    : <==    Updates: 1
23:32:45:734  INFO 43472 --- [warehouse] [org.springframework.amqp.rabbit.RabbitListenerEndpointContainer#2-1] c.z.s.impl.OrderConfirmServiceImpl       : 出库确认处理完成, orderId=21
23:32:45:915 DEBUG 43472 --- [warehouse] [http-nio-8000-exec-1] com.zh.mapper.OrdersMapper.selectList    : ==>  Preparing: SELECT id,order_no,type,status,total_quantity,operator_id,operator_name,remark,created_at,confirmed_at FROM orders ORDER BY created_at DESC
23:32:45:917 DEBUG 43472 --- [warehouse] [http-nio-8000-exec-1] com.zh.mapper.OrdersMapper.selectList    : ==> Parameters: 
23:32:45:921 DEBUG 43472 --- [warehouse] [http-nio-8000-exec-1] com.zh.mapper.OrdersMapper.selectList    : <==      Total: 21
23:32:45:924 DEBUG 43472 --- [warehouse] [http-nio-8000-exec-1] c.zh.mapper.OrderItemMapper.selectList   : ==>  Preparing: SELECT id,order_id,product_id,product_name,quantity FROM order_item WHERE (order_id IN (?,?,?,?,?,?,?,?,?,?,?,?,?,?,?,?,?,?,?,?,?))
23:32:45:924 DEBUG 43472 --- [warehouse] [http-nio-8000-exec-1] c.zh.mapper.OrderItemMapper.selectList   : ==> Parameters: 21(Long), 20(Long), 19(Long), 18(Long), 17(Long), 16(Long), 15(Long), 14(Long), 13(Long), 12(Long), 11(Long), 10(Long), 9(Long), 8(Long), 7(Long), 6(Long), 5(Long), 4(Long), 2(Long), 3(Long), 1(Long)
23:32:45:928 DEBUG 43472 --- [warehouse] [http-nio-8000-exec-1] c.zh.mapper.OrderItemMapper.selectList   : <==      Total: 24
23:32:46:214 DEBUG 43472 --- [warehouse] [http-nio-8000-exec-2] com.zh.mapper.OrdersMapper.selectList    : ==>  Preparing: SELECT id,order_no,type,status,total_quantity,operator_id,operator_name,remark,created_at,confirmed_at FROM orders ORDER BY created_at DESC
23:32:46:215 DEBUG 43472 --- [warehouse] [http-nio-8000-exec-2] com.zh.mapper.OrdersMapper.selectList    : ==> Parameters: 
23:32:46:219 DEBUG 43472 --- [warehouse] [http-nio-8000-exec-2] com.zh.mapper.OrdersMapper.selectList    : <==      Total: 21
23:32:46:222 DEBUG 43472 --- [warehouse] [http-nio-8000-exec-2] c.zh.mapper.OrderItemMapper.selectList   : ==>  Preparing: SELECT id,order_id,product_id,product_name,quantity FROM order_item WHERE (order_id IN (?,?,?,?,?,?,?,?,?,?,?,?,?,?,?,?,?,?,?,?,?))
23:32:46:222 DEBUG 43472 --- [warehouse] [http-nio-8000-exec-2] c.zh.mapper.OrderItemMapper.selectList   : ==> Parameters: 21(Long), 20(Long), 19(Long), 18(Long), 17(Long), 16(Long), 15(Long), 14(Long), 13(Long), 12(Long), 11(Long), 10(Long), 9(Long), 8(Long), 7(Long), 6(Long), 5(Long), 4(Long), 2(Long), 3(Long), 1(Long)
23:32:46:225 DEBUG 43472 --- [warehouse] [http-nio-8000-exec-2] c.zh.mapper.OrderItemMapper.selectList   : <==      Total: 24
23:35:56:315 DEBUG 43472 --- [warehouse] [org.springframework.amqp.rabbit.RabbitListenerEndpointContainer#1-1] com.zh.mapper.OrdersMapper.selectById    : ==>  Preparing: SELECT id,order_no,type,status,total_quantity,operator_id,operator_name,remark,created_at,confirmed_at FROM orders WHERE id=?
23:35:56:317 DEBUG 43472 --- [warehouse] [org.springframework.amqp.rabbit.RabbitListenerEndpointContainer#1-1] com.zh.mapper.OrdersMapper.selectById    : ==> Parameters: 21(Long)
23:35:56:325 DEBUG 43472 --- [warehouse] [org.springframework.amqp.rabbit.RabbitListenerEndpointContainer#1-1] com.zh.mapper.OrdersMapper.selectById    : <==      Total: 1
23:35:56:326  WARN 43472 --- [warehouse] [org.springframework.amqp.rabbit.RabbitListenerEndpointContainer#1-1] c.z.s.impl.OrderConfirmServiceImpl       : 确认消息跳过：订单不存在或状态非CONFIRMING, orderId=21, status=COMPLETED
23:36:13:318 DEBUG 43472 --- [warehouse] [org.springframework.amqp.rabbit.RabbitListenerEndpointContainer#1-1] com.zh.mapper.OrdersMapper.selectById    : ==>  Preparing: SELECT id,order_no,type,status,total_quantity,operator_id,operator_name,remark,created_at,confirmed_at FROM orders WHERE id=?
23:36:13:319 DEBUG 43472 --- [warehouse] [org.springframework.amqp.rabbit.RabbitListenerEndpointContainer#1-1] com.zh.mapper.OrdersMapper.selectById    : ==> Parameters: 21(Long)
23:36:13:322 DEBUG 43472 --- [warehouse] [org.springframework.amqp.rabbit.RabbitListenerEndpointContainer#1-1] com.zh.mapper.OrdersMapper.selectById    : <==      Total: 1
23:36:13:323  WARN 43472 --- [warehouse] [org.springframework.amqp.rabbit.RabbitListenerEndpointContainer#1-1] c.z.s.impl.OrderConfirmServiceImpl       : 确认消息跳过：订单不存在或状态非CONFIRMING, orderId=21, status=COMPLETED
23:36:13:485 DEBUG 43472 --- [warehouse] [org.springframework.amqp.rabbit.RabbitListenerEndpointContainer#1-1] com.zh.mapper.OrdersMapper.selectById    : ==>  Preparing: SELECT id,order_no,type,status,total_quantity,operator_id,operator_name,remark,created_at,confirmed_at FROM orders WHERE id=?
23:36:13:486 DEBUG 43472 --- [warehouse] [org.springframework.amqp.rabbit.RabbitListenerEndpointContainer#1-1] com.zh.mapper.OrdersMapper.selectById    : ==> Parameters: 21(Long)
23:36:13:488 DEBUG 43472 --- [warehouse] [org.springframework.amqp.rabbit.RabbitListenerEndpointContainer#1-1] com.zh.mapper.OrdersMapper.selectById    : <==      Total: 1
23:36:13:488  WARN 43472 --- [warehouse] [org.springframework.amqp.rabbit.RabbitListenerEndpointContainer#1-1] c.z.s.impl.OrderConfirmServiceImpl       : 确认消息跳过：订单不存在或状态非CONFIRMING, orderId=21, status=COMPLETED
23:36:13:649 DEBUG 43472 --- [warehouse] [org.springframework.amqp.rabbit.RabbitListenerEndpointContainer#1-1] com.zh.mapper.OrdersMapper.selectById    : ==>  Preparing: SELECT id,order_no,type,status,total_quantity,operator_id,operator_name,remark,created_at,confirmed_at FROM orders WHERE id=?
23:36:13:650 DEBUG 43472 --- [warehouse] [org.springframework.amqp.rabbit.RabbitListenerEndpointContainer#1-1] com.zh.mapper.OrdersMapper.selectById    : ==> Parameters: 21(Long)
23:36:13:654 DEBUG 43472 --- [warehouse] [org.springframework.amqp.rabbit.RabbitListenerEndpointContainer#1-1] com.zh.mapper.OrdersMapper.selectById    : <==      Total: 1
23:36:13:654  WARN 43472 --- [warehouse] [org.springframework.amqp.rabbit.RabbitListenerEndpointContainer#1-1] c.z.s.impl.OrderConfirmServiceImpl       : 确认消息跳过：订单不存在或状态非CONFIRMING, orderId=21, status=COMPLETED
23:36:13:824 DEBUG 43472 --- [warehouse] [org.springframework.amqp.rabbit.RabbitListenerEndpointContainer#1-1] com.zh.mapper.OrdersMapper.selectById    : ==>  Preparing: SELECT id,order_no,type,status,total_quantity,operator_id,operator_name,remark,created_at,confirmed_at FROM orders WHERE id=?
23:36:13:825 DEBUG 43472 --- [warehouse] [org.springframework.amqp.rabbit.RabbitListenerEndpointContainer#1-1] com.zh.mapper.OrdersMapper.selectById    : ==> Parameters: 21(Long)
23:36:13:826 DEBUG 43472 --- [warehouse] [org.springframework.amqp.rabbit.RabbitListenerEndpointContainer#1-1] com.zh.mapper.OrdersMapper.selectById    : <==      Total: 1
23:36:13:828  WARN 43472 --- [warehouse] [org.springframework.amqp.rabbit.RabbitListenerEndpointContainer#1-1] c.z.s.impl.OrderConfirmServiceImpl       : 确认消息跳过：订单不存在或状态非CONFIRMING, orderId=21, status=COMPLETED
23:36:15:283 DEBUG 43472 --- [warehouse] [org.springframework.amqp.rabbit.RabbitListenerEndpointContainer#1-1] com.zh.mapper.OrdersMapper.selectById    : ==>  Preparing: SELECT id,order_no,type,status,total_quantity,operator_id,operator_name,remark,created_at,confirmed_at FROM orders WHERE id=?
23:36:15:285 DEBUG 43472 --- [warehouse] [org.springframework.amqp.rabbit.RabbitListenerEndpointContainer#1-1] com.zh.mapper.OrdersMapper.selectById    : ==> Parameters: 21(Long)
23:36:15:286 DEBUG 43472 --- [warehouse] [org.springframework.amqp.rabbit.RabbitListenerEndpointContainer#1-1] com.zh.mapper.OrdersMapper.selectById    : <==      Total: 1
23:36:15:286  WARN 43472 --- [warehouse] [org.springframework.amqp.rabbit.RabbitListenerEndpointContainer#1-1] c.z.s.impl.OrderConfirmServiceImpl       : 确认消息跳过：订单不存在或状态非CONFIRMING, orderId=21, status=COMPLETED
23:36:54:551  INFO 43472 --- [warehouse] [org.springframework.amqp.rabbit.RabbitListenerEndpointContainer#0-2] o.s.a.r.l.SimpleMessageListenerContainer : Waiting for workers to finish.
23:36:54:552  INFO 43472 --- [warehouse] [org.springframework.amqp.rabbit.RabbitListenerEndpointContainer#1-2] o.s.a.r.l.SimpleMessageListenerContainer : Waiting for workers to finish.
23:36:54:553  INFO 43472 --- [warehouse] [org.springframework.amqp.rabbit.RabbitListenerEndpointContainer#2-2] o.s.a.r.l.SimpleMessageListenerContainer : Waiting for workers to finish.
23:36:54:634  INFO 43472 --- [warehouse] [org.springframework.amqp.rabbit.RabbitListenerEndpointContainer#1-2] o.s.a.r.l.SimpleMessageListenerContainer : Successfully waited for workers to finish.
23:36:55:227  INFO 43472 --- [warehouse] [org.springframework.amqp.rabbit.RabbitListenerEndpointContainer#0-2] o.s.a.r.l.SimpleMessageListenerContainer : Successfully waited for workers to finish.
23:36:55:445  INFO 43472 --- [warehouse] [org.springframework.amqp.rabbit.RabbitListenerEndpointContainer#2-2] o.s.a.r.l.SimpleMessageListenerContainer : Successfully waited for workers to finish.
23:36:55:450  INFO 43472 --- [warehouse] [SpringApplicationShutdownHook] o.s.boot.tomcat.GracefulShutdown         : Commencing graceful shutdown. Waiting for active requests to complete
23:36:55:536  INFO 43472 --- [warehouse] [tomcat-shutdown] o.s.boot.tomcat.GracefulShutdown         : Graceful shutdown complete
23:36:55:619  INFO 43472 --- [warehouse] [SpringApplicationShutdownHook] com.zaxxer.hikari.HikariDataSource       : HikariPool-1 - Shutdown initiated...
23:36:55:625  INFO 43472 --- [warehouse] [SpringApplicationShutdownHook] com.zaxxer.hikari.HikariDataSource       : HikariPool-1 - Shutdown completed.
23:39:48:631  INFO 15708 --- [warehouse] [main] com.zh.WarehouseApplication              : Starting WarehouseApplication using Java 17.0.16 with PID 15708 (E:\ideaProject\warehouse\target\classes started by 张乐宇 in E:\ideaProject\warehouse)
23:39:48:636 DEBUG 15708 --- [warehouse] [main] com.zh.WarehouseApplication              : Running with Spring Boot v4.1.0, Spring v7.0.8
23:39:48:638  INFO 15708 --- [warehouse] [main] com.zh.WarehouseApplication              : The following 1 profile is active: "local"
23:39:49:375  INFO 15708 --- [warehouse] [main] .s.d.r.c.RepositoryConfigurationDelegate : Multiple Spring Data modules found, entering strict repository configuration mode
23:39:49:376  INFO 15708 --- [warehouse] [main] .s.d.r.c.RepositoryConfigurationDelegate : Bootstrapping Spring Data JDBC repositories in DEFAULT mode.
23:39:49:393  INFO 15708 --- [warehouse] [main] .s.d.r.c.RepositoryConfigurationDelegate : Finished Spring Data repository scanning in 11 ms. Found 0 JDBC repository interfaces.
23:39:49:435  INFO 15708 --- [warehouse] [main] .s.d.r.c.RepositoryConfigurationDelegate : Multiple Spring Data modules found, entering strict repository configuration mode
23:39:49:436  INFO 15708 --- [warehouse] [main] .s.d.r.c.RepositoryConfigurationDelegate : Bootstrapping Spring Data Redis repositories in DEFAULT mode.
23:39:49:450  INFO 15708 --- [warehouse] [main] .s.d.r.c.RepositoryConfigurationDelegate : Finished Spring Data repository scanning in 3 ms. Found 0 Redis repository interfaces.
23:39:50:095  INFO 15708 --- [warehouse] [main] o.s.boot.tomcat.TomcatWebServer          : Tomcat initialized with port 8000 (http)
23:39:50:111  INFO 15708 --- [warehouse] [main] o.apache.catalina.core.StandardService   : Starting service [Tomcat]
23:39:50:111  INFO 15708 --- [warehouse] [main] o.apache.catalina.core.StandardEngine    : Starting Servlet engine: [Apache Tomcat/11.0.22]
23:39:50:183  INFO 15708 --- [warehouse] [main] b.w.c.s.WebApplicationContextInitializer : Root WebApplicationContext: initialization completed in 1478 ms
23:39:56:638  INFO 15708 --- [warehouse] [main] org.redisson.Version                     : Redisson 3.52.0
23:39:57:891  INFO 15708 --- [warehouse] [redisson-netty-4-4] o.redisson.connection.ConnectionsHolder  : 1 connections initialized for 192.168.100.128/192.168.100.128:6379
23:39:58:153  INFO 15708 --- [warehouse] [redisson-netty-4-19] o.redisson.connection.ConnectionsHolder  : 24 connections initialized for 192.168.100.128/192.168.100.128:6379
23:39:59:819  INFO 15708 --- [warehouse] [main] b.m.s.MybatisPlusApplicationContextAware : Register ApplicationContext instances org.springframework.boot.web.server.servlet.context.AnnotationConfigServletWebServerApplicationContext@552518c3
23:40:00:203  INFO 15708 --- [warehouse] [main] com.zaxxer.hikari.HikariDataSource       : HikariPool-1 - Starting...
23:40:01:054  INFO 15708 --- [warehouse] [main] com.zaxxer.hikari.pool.HikariPool        : HikariPool-1 - Added connection com.mysql.cj.jdbc.ConnectionImpl@222a7429
23:40:01:059  INFO 15708 --- [warehouse] [main] com.zaxxer.hikari.HikariDataSource       : HikariPool-1 - Start completed.
23:40:01:984  INFO 15708 --- [warehouse] [main] o.s.boot.tomcat.TomcatWebServer          : Tomcat started on port 8000 (http) with context path '/'
23:40:01:992  INFO 15708 --- [warehouse] [main] o.s.a.r.c.CachingConnectionFactory       : Attempting to connect to: [192.168.100.128:5672]
23:40:02:192  INFO 15708 --- [warehouse] [main] o.s.a.r.c.CachingConnectionFactory       : Created new connection: rabbitConnectionFactory#48692405:0/SimpleConnection@4199761d [delegate=amqp://warehouse@192.168.100.128:5672/, localPort=8658]
23:40:02:370  INFO 15708 --- [warehouse] [http-nio-8000-exec-2] o.a.c.c.C.[Tomcat].[localhost].[/]       : Initializing Spring DispatcherServlet 'dispatcherServlet'
23:40:02:371  INFO 15708 --- [warehouse] [http-nio-8000-exec-2] o.s.web.servlet.DispatcherServlet        : Initializing Servlet 'dispatcherServlet'
23:40:02:377  INFO 15708 --- [warehouse] [http-nio-8000-exec-2] o.s.web.servlet.DispatcherServlet        : Completed initialization in 5 ms
23:40:02:400  INFO 15708 --- [warehouse] [main] com.zh.WarehouseApplication              : Started WarehouseApplication in 14.273 seconds (process running for 15.016)
23:40:04:259 DEBUG 15708 --- [warehouse] [http-nio-8000-exec-1] com.zh.mapper.OrdersMapper.selectList    : ==>  Preparing: SELECT id,order_no,type,status,total_quantity,operator_id,operator_name,remark,created_at,confirmed_at FROM orders ORDER BY created_at DESC
23:40:04:259 DEBUG 15708 --- [warehouse] [http-nio-8000-exec-2] com.zh.mapper.OrdersMapper.selectList    : ==>  Preparing: SELECT id,order_no,type,status,total_quantity,operator_id,operator_name,remark,created_at,confirmed_at FROM orders ORDER BY created_at DESC
23:40:04:360 DEBUG 15708 --- [warehouse] [http-nio-8000-exec-2] com.zh.mapper.OrdersMapper.selectList    : ==> Parameters: 
23:40:04:360 DEBUG 15708 --- [warehouse] [http-nio-8000-exec-1] com.zh.mapper.OrdersMapper.selectList    : ==> Parameters: 
23:40:04:522 DEBUG 15708 --- [warehouse] [http-nio-8000-exec-2] com.zh.mapper.OrdersMapper.selectList    : <==      Total: 21
23:40:04:526 DEBUG 15708 --- [warehouse] [http-nio-8000-exec-1] com.zh.mapper.OrdersMapper.selectList    : <==      Total: 21
23:40:04:552 DEBUG 15708 --- [warehouse] [http-nio-8000-exec-1] c.zh.mapper.OrderItemMapper.selectList   : ==>  Preparing: SELECT id,order_id,product_id,product_name,quantity FROM order_item WHERE (order_id IN (?,?,?,?,?,?,?,?,?,?,?,?,?,?,?,?,?,?,?,?,?))
23:40:04:552 DEBUG 15708 --- [warehouse] [http-nio-8000-exec-2] c.zh.mapper.OrderItemMapper.selectList   : ==>  Preparing: SELECT id,order_id,product_id,product_name,quantity FROM order_item WHERE (order_id IN (?,?,?,?,?,?,?,?,?,?,?,?,?,?,?,?,?,?,?,?,?))
23:40:04:560 DEBUG 15708 --- [warehouse] [http-nio-8000-exec-2] c.zh.mapper.OrderItemMapper.selectList   : ==> Parameters: 21(Long), 20(Long), 19(Long), 18(Long), 17(Long), 16(Long), 15(Long), 14(Long), 13(Long), 12(Long), 11(Long), 10(Long), 9(Long), 8(Long), 7(Long), 6(Long), 5(Long), 4(Long), 2(Long), 3(Long), 1(Long)
23:40:04:562 DEBUG 15708 --- [warehouse] [http-nio-8000-exec-1] c.zh.mapper.OrderItemMapper.selectList   : ==> Parameters: 21(Long), 20(Long), 19(Long), 18(Long), 17(Long), 16(Long), 15(Long), 14(Long), 13(Long), 12(Long), 11(Long), 10(Long), 9(Long), 8(Long), 7(Long), 6(Long), 5(Long), 4(Long), 2(Long), 3(Long), 1(Long)
23:40:04:579 DEBUG 15708 --- [warehouse] [http-nio-8000-exec-2] c.zh.mapper.OrderItemMapper.selectList   : <==      Total: 24
23:40:04:579 DEBUG 15708 --- [warehouse] [http-nio-8000-exec-1] c.zh.mapper.OrderItemMapper.selectList   : <==      Total: 24
23:40:09:074 DEBUG 15708 --- [warehouse] [http-nio-8000-exec-3] c.z.m.ProductMapper.selectList_mpCount   : ==>  Preparing: SELECT COUNT(*) AS total FROM product
23:40:09:076 DEBUG 15708 --- [warehouse] [http-nio-8000-exec-3] c.z.m.ProductMapper.selectList_mpCount   : ==> Parameters: 
23:40:09:084 DEBUG 15708 --- [warehouse] [http-nio-8000-exec-3] c.z.m.ProductMapper.selectList_mpCount   : <==      Total: 1
23:40:09:100 DEBUG 15708 --- [warehouse] [http-nio-8000-exec-3] com.zh.mapper.ProductMapper.selectList   : ==>  Preparing: SELECT id,sku,name,category,unit,price,low_stock_threshold,created_at,updated_at FROM product ORDER BY id ASC LIMIT ?
23:40:09:106 DEBUG 15708 --- [warehouse] [http-nio-8000-exec-3] com.zh.mapper.ProductMapper.selectList   : ==> Parameters: 100(Long)
23:40:09:115 DEBUG 15708 --- [warehouse] [http-nio-8000-exec-3] com.zh.mapper.ProductMapper.selectList   : <==      Total: 11
23:40:12:460 DEBUG 15708 --- [warehouse] [http-nio-8000-exec-4] c.zh.mapper.ProductMapper.selectByIds    : ==>  Preparing: SELECT id,sku,name,category,unit,price,low_stock_threshold,created_at,updated_at FROM product WHERE id IN ( ? )
23:40:12:463 DEBUG 15708 --- [warehouse] [http-nio-8000-exec-4] c.zh.mapper.ProductMapper.selectByIds    : ==> Parameters: 1(Long)
23:40:12:467 DEBUG 15708 --- [warehouse] [http-nio-8000-exec-4] c.zh.mapper.ProductMapper.selectByIds    : <==      Total: 1
23:40:12:496 DEBUG 15708 --- [warehouse] [http-nio-8000-exec-4] com.zh.mapper.InventoryMapper.update     : ==>  Preparing: UPDATE inventory SET reserved_quantity = reserved_quantity + ?,updated_at=? WHERE (product_id = ? AND quantity - reserved_quantity >= ?)
23:40:12:503 DEBUG 15708 --- [warehouse] [http-nio-8000-exec-4] com.zh.mapper.InventoryMapper.update     : ==> Parameters: 1(Integer), 2026-08-04T23:40:12.482295100(LocalDateTime), 1(Long), 1(Integer)
23:40:12:523 DEBUG 15708 --- [warehouse] [http-nio-8000-exec-4] com.zh.mapper.InventoryMapper.update     : <==    Updates: 1
23:40:12:534 DEBUG 15708 --- [warehouse] [http-nio-8000-exec-4] com.zh.mapper.OrdersMapper.selectCount   : ==>  Preparing: SELECT COUNT( * ) AS total FROM orders WHERE (order_no LIKE ?)
23:40:12:537 DEBUG 15708 --- [warehouse] [http-nio-8000-exec-4] com.zh.mapper.OrdersMapper.selectCount   : ==> Parameters: OUT20260804%(String)
23:40:12:545 DEBUG 15708 --- [warehouse] [http-nio-8000-exec-4] com.zh.mapper.OrdersMapper.selectCount   : <==      Total: 1
23:40:12:566 DEBUG 15708 --- [warehouse] [http-nio-8000-exec-4] com.zh.mapper.OrdersMapper.insert        : ==>  Preparing: INSERT INTO orders ( order_no, type, status, total_quantity, operator_id, operator_name, remark, created_at ) VALUES ( ?, ?, ?, ?, ?, ?, ?, ? )
23:40:12:572 DEBUG 15708 --- [warehouse] [http-nio-8000-exec-4] com.zh.mapper.OrdersMapper.insert        : ==> Parameters: OUT202608040011(String), OUTBOUND(String), RESERVED(String), 1(Integer), 1(Long), 管理员(String), (String), 2026-08-04T23:40:12.557445400(LocalDateTime)
23:40:12:578 DEBUG 15708 --- [warehouse] [http-nio-8000-exec-4] com.zh.mapper.OrdersMapper.insert        : <==    Updates: 1
23:40:12:620 DEBUG 15708 --- [warehouse] [http-nio-8000-exec-4] com.zh.mapper.OrderItemMapper.insert     : ==>  Preparing: INSERT INTO order_item ( order_id, product_id, product_name, quantity ) VALUES ( ?, ?, ?, ? )
23:40:12:623 DEBUG 15708 --- [warehouse] [http-nio-8000-exec-4] com.zh.mapper.OrderItemMapper.insert     : ==> Parameters: 22(Long), 1(Long), 一次性口罩(String), 1(Integer)
23:40:13:052 DEBUG 15708 --- [warehouse] [http-nio-8000-exec-5] com.zh.mapper.OrdersMapper.selectList    : ==>  Preparing: SELECT id,order_no,type,status,total_quantity,operator_id,operator_name,remark,created_at,confirmed_at FROM orders ORDER BY created_at DESC
23:40:13:053 DEBUG 15708 --- [warehouse] [http-nio-8000-exec-5] com.zh.mapper.OrdersMapper.selectList    : ==> Parameters: 
23:40:13:075 DEBUG 15708 --- [warehouse] [http-nio-8000-exec-5] com.zh.mapper.OrdersMapper.selectList    : <==      Total: 22
23:40:13:082 DEBUG 15708 --- [warehouse] [http-nio-8000-exec-5] c.zh.mapper.OrderItemMapper.selectList   : ==>  Preparing: SELECT id,order_id,product_id,product_name,quantity FROM order_item WHERE (order_id IN (?,?,?,?,?,?,?,?,?,?,?,?,?,?,?,?,?,?,?,?,?,?))
23:40:13:085 DEBUG 15708 --- [warehouse] [http-nio-8000-exec-5] c.zh.mapper.OrderItemMapper.selectList   : ==> Parameters: 22(Long), 21(Long), 20(Long), 19(Long), 18(Long), 17(Long), 16(Long), 15(Long), 14(Long), 13(Long), 12(Long), 11(Long), 10(Long), 9(Long), 8(Long), 7(Long), 6(Long), 5(Long), 4(Long), 2(Long), 3(Long), 1(Long)
23:40:13:094 DEBUG 15708 --- [warehouse] [http-nio-8000-exec-5] c.zh.mapper.OrderItemMapper.selectList   : <==      Total: 25
23:40:14:457 DEBUG 15708 --- [warehouse] [http-nio-8000-exec-7] com.zh.mapper.OrdersMapper.selectById    : ==>  Preparing: SELECT id,order_no,type,status,total_quantity,operator_id,operator_name,remark,created_at,confirmed_at FROM orders WHERE id=?
23:40:14:459 DEBUG 15708 --- [warehouse] [http-nio-8000-exec-7] com.zh.mapper.OrdersMapper.selectById    : ==> Parameters: 22(Long)
23:40:14:462 DEBUG 15708 --- [warehouse] [http-nio-8000-exec-7] com.zh.mapper.OrdersMapper.selectById    : <==      Total: 1
23:40:14:475 DEBUG 15708 --- [warehouse] [http-nio-8000-exec-7] com.zh.mapper.OrdersMapper.updateById    : ==>  Preparing: UPDATE orders SET order_no=?, type=?, status=?, total_quantity=?, operator_id=?, operator_name=?, remark=?, created_at=? WHERE id=?
23:40:14:477 DEBUG 15708 --- [warehouse] [http-nio-8000-exec-7] com.zh.mapper.OrdersMapper.updateById    : ==> Parameters: OUT202608040011(String), OUTBOUND(String), CONFIRMING(String), 1(Integer), 1(Long), 管理员(String), (String), 2026-08-04T23:40:13(LocalDateTime), 22(Long)
23:40:14:482 DEBUG 15708 --- [warehouse] [http-nio-8000-exec-7] com.zh.mapper.OrdersMapper.updateById    : <==    Updates: 1
23:40:14:667 DEBUG 15708 --- [warehouse] [org.springframework.amqp.rabbit.RabbitListenerEndpointContainer#2-1] com.zh.mapper.OrdersMapper.selectById    : ==>  Preparing: SELECT id,order_no,type,status,total_quantity,operator_id,operator_name,remark,created_at,confirmed_at FROM orders WHERE id=?
23:40:14:675 DEBUG 15708 --- [warehouse] [org.springframework.amqp.rabbit.RabbitListenerEndpointContainer#2-1] com.zh.mapper.OrdersMapper.selectById    : ==> Parameters: 22(Long)
23:40:14:681 DEBUG 15708 --- [warehouse] [org.springframework.amqp.rabbit.RabbitListenerEndpointContainer#2-1] com.zh.mapper.OrdersMapper.selectById    : <==      Total: 1
23:40:14:688 DEBUG 15708 --- [warehouse] [org.springframework.amqp.rabbit.RabbitListenerEndpointContainer#2-1] c.z.m.InventoryLogMapper.selectCount     : ==>  Preparing: SELECT COUNT( * ) AS total FROM inventory_log WHERE (order_id = ?)
23:40:14:690 DEBUG 15708 --- [warehouse] [org.springframework.amqp.rabbit.RabbitListenerEndpointContainer#2-1] c.z.m.InventoryLogMapper.selectCount     : ==> Parameters: 22(Long)
23:40:14:700 DEBUG 15708 --- [warehouse] [org.springframework.amqp.rabbit.RabbitListenerEndpointContainer#2-1] c.z.m.InventoryLogMapper.selectCount     : <==      Total: 1
23:40:14:704 DEBUG 15708 --- [warehouse] [org.springframework.amqp.rabbit.RabbitListenerEndpointContainer#2-1] c.zh.mapper.OrderItemMapper.selectList   : ==>  Preparing: SELECT id,order_id,product_id,product_name,quantity FROM order_item WHERE (order_id = ?)
23:40:14:707 DEBUG 15708 --- [warehouse] [org.springframework.amqp.rabbit.RabbitListenerEndpointContainer#2-1] c.zh.mapper.OrderItemMapper.selectList   : ==> Parameters: 22(Long)
23:40:14:714 DEBUG 15708 --- [warehouse] [org.springframework.amqp.rabbit.RabbitListenerEndpointContainer#2-1] c.zh.mapper.OrderItemMapper.selectList   : <==      Total: 1
23:40:14:737 DEBUG 15708 --- [warehouse] [org.springframework.amqp.rabbit.RabbitListenerEndpointContainer#2-1] c.z.m.InventoryMapper.selectWithCursor   : ==>  Preparing: SELECT id,product_id,quantity,reserved_quantity,version,updated_at FROM inventory WHERE (product_id = ?)
23:40:14:738 DEBUG 15708 --- [warehouse] [org.springframework.amqp.rabbit.RabbitListenerEndpointContainer#2-1] c.z.m.InventoryMapper.selectWithCursor   : ==> Parameters: 1(Long)
23:40:14:749 DEBUG 15708 --- [warehouse] [org.springframework.amqp.rabbit.RabbitListenerEndpointContainer#2-1] c.z.m.InventoryMapper.selectWithCursor   : <==      Total: 1
23:40:14:755 DEBUG 15708 --- [warehouse] [org.springframework.amqp.rabbit.RabbitListenerEndpointContainer#2-1] com.zh.mapper.InventoryMapper.update     : ==>  Preparing: UPDATE inventory SET quantity = quantity - ?,reserved_quantity = reserved_quantity - ?,updated_at=? WHERE (product_id = ? AND quantity >= ? AND reserved_quantity >= ?)
23:40:14:758 DEBUG 15708 --- [warehouse] [org.springframework.amqp.rabbit.RabbitListenerEndpointContainer#2-1] com.zh.mapper.InventoryMapper.update     : ==> Parameters: 1(Integer), 1(Integer), 2026-08-04T23:40:14.753184400(LocalDateTime), 1(Long), 1(Integer), 1(Integer)
23:40:14:764 DEBUG 15708 --- [warehouse] [org.springframework.amqp.rabbit.RabbitListenerEndpointContainer#2-1] com.zh.mapper.InventoryMapper.update     : <==    Updates: 1
23:40:14:770 DEBUG 15708 --- [warehouse] [org.springframework.amqp.rabbit.RabbitListenerEndpointContainer#2-1] c.z.m.InventoryMapper.selectWithCursor   : ==>  Preparing: SELECT id,product_id,quantity,reserved_quantity,version,updated_at FROM inventory WHERE (product_id = ?)
23:40:14:771 DEBUG 15708 --- [warehouse] [org.springframework.amqp.rabbit.RabbitListenerEndpointContainer#2-1] c.z.m.InventoryMapper.selectWithCursor   : ==> Parameters: 1(Long)
23:40:14:776 DEBUG 15708 --- [warehouse] [org.springframework.amqp.rabbit.RabbitListenerEndpointContainer#2-1] c.z.m.InventoryMapper.selectWithCursor   : <==      Total: 1
23:40:14:780 DEBUG 15708 --- [warehouse] [org.springframework.amqp.rabbit.RabbitListenerEndpointContainer#2-1] c.zh.mapper.InventoryLogMapper.insert    : ==>  Preparing: INSERT INTO inventory_log ( product_id, change_type, change_quantity, before_quantity, after_quantity, order_id, created_at ) VALUES ( ?, ?, ?, ?, ?, ?, ? )
23:40:14:783 DEBUG 15708 --- [warehouse] [org.springframework.amqp.rabbit.RabbitListenerEndpointContainer#2-1] c.zh.mapper.InventoryLogMapper.insert    : ==> Parameters: 1(Long), OUTBOUND(String), -1(Integer), 90(Integer), 89(Integer), 22(Long), 2026-08-04T23:40:14.777397800(LocalDateTime)
23:40:14:786 DEBUG 15708 --- [warehouse] [org.springframework.amqp.rabbit.RabbitListenerEndpointContainer#2-1] c.zh.mapper.InventoryLogMapper.insert    : <==    Updates: 1
23:40:14:793 DEBUG 15708 --- [warehouse] [org.springframework.amqp.rabbit.RabbitListenerEndpointContainer#2-1] com.zh.mapper.ProductMapper.selectById   : ==>  Preparing: SELECT id,sku,name,category,unit,price,low_stock_threshold,created_at,updated_at FROM product WHERE id=?
23:40:14:796 DEBUG 15708 --- [warehouse] [org.springframework.amqp.rabbit.RabbitListenerEndpointContainer#2-1] com.zh.mapper.ProductMapper.selectById   : ==> Parameters: 1(Long)
23:40:14:798 DEBUG 15708 --- [warehouse] [org.springframework.amqp.rabbit.RabbitListenerEndpointContainer#2-1] com.zh.mapper.ProductMapper.selectById   : <==      Total: 1
23:40:14:804 DEBUG 15708 --- [warehouse] [org.springframework.amqp.rabbit.RabbitListenerEndpointContainer#2-1] c.z.m.InventoryMapper.selectWithCursor   : ==>  Preparing: SELECT id,product_id,quantity,reserved_quantity,version,updated_at FROM inventory WHERE (product_id = ?)
23:40:14:805 DEBUG 15708 --- [warehouse] [org.springframework.amqp.rabbit.RabbitListenerEndpointContainer#2-1] c.z.m.InventoryMapper.selectWithCursor   : ==> Parameters: 1(Long)
23:40:14:807 DEBUG 15708 --- [warehouse] [org.springframework.amqp.rabbit.RabbitListenerEndpointContainer#2-1] c.z.m.InventoryMapper.selectWithCursor   : <==      Total: 1
23:40:14:810 DEBUG 15708 --- [warehouse] [org.springframework.amqp.rabbit.RabbitListenerEndpointContainer#2-1] com.zh.mapper.OrdersMapper.updateById    : ==>  Preparing: UPDATE orders SET order_no=?, type=?, status=?, total_quantity=?, operator_id=?, operator_name=?, remark=?, created_at=?, confirmed_at=? WHERE id=?
23:40:14:813 DEBUG 15708 --- [warehouse] [org.springframework.amqp.rabbit.RabbitListenerEndpointContainer#2-1] com.zh.mapper.OrdersMapper.updateById    : ==> Parameters: OUT202608040011(String), OUTBOUND(String), CONFIRMED(String), 1(Integer), 1(Long), 管理员(String), (String), 2026-08-04T23:40:13(LocalDateTime), 2026-08-04T23:40:14.808943200(LocalDateTime), 22(Long)
23:40:14:815 DEBUG 15708 --- [warehouse] [org.springframework.amqp.rabbit.RabbitListenerEndpointContainer#2-1] com.zh.mapper.OrdersMapper.updateById    : <==    Updates: 1
23:40:14:815  INFO 15708 --- [warehouse] [org.springframework.amqp.rabbit.RabbitListenerEndpointContainer#2-1] c.z.s.impl.OrderConfirmServiceImpl       : 出库确认处理完成, orderId=22
23:40:14:881 DEBUG 15708 --- [warehouse] [http-nio-8000-exec-6] com.zh.mapper.OrdersMapper.selectList    : ==>  Preparing: SELECT id,order_no,type,status,total_quantity,operator_id,operator_name,remark,created_at,confirmed_at FROM orders ORDER BY created_at DESC
23:40:14:884 DEBUG 15708 --- [warehouse] [http-nio-8000-exec-6] com.zh.mapper.OrdersMapper.selectList    : ==> Parameters: 
23:40:14:896 DEBUG 15708 --- [warehouse] [http-nio-8000-exec-6] com.zh.mapper.OrdersMapper.selectList    : <==      Total: 22
23:40:14:904 DEBUG 15708 --- [warehouse] [http-nio-8000-exec-6] c.zh.mapper.OrderItemMapper.selectList   : ==>  Preparing: SELECT id,order_id,product_id,product_name,quantity FROM order_item WHERE (order_id IN (?,?,?,?,?,?,?,?,?,?,?,?,?,?,?,?,?,?,?,?,?,?))
23:40:14:909 DEBUG 15708 --- [warehouse] [http-nio-8000-exec-6] c.zh.mapper.OrderItemMapper.selectList   : ==> Parameters: 22(Long), 21(Long), 20(Long), 19(Long), 18(Long), 17(Long), 16(Long), 15(Long), 14(Long), 13(Long), 12(Long), 11(Long), 10(Long), 9(Long), 8(Long), 7(Long), 6(Long), 5(Long), 4(Long), 2(Long), 3(Long), 1(Long)
23:40:14:920 DEBUG 15708 --- [warehouse] [http-nio-8000-exec-6] c.zh.mapper.OrderItemMapper.selectList   : <==      Total: 25
23:40:15:136 DEBUG 15708 --- [warehouse] [http-nio-8000-exec-8] com.zh.mapper.OrdersMapper.selectList    : ==>  Preparing: SELECT id,order_no,type,status,total_quantity,operator_id,operator_name,remark,created_at,confirmed_at FROM orders ORDER BY created_at DESC
23:40:15:138 DEBUG 15708 --- [warehouse] [http-nio-8000-exec-8] com.zh.mapper.OrdersMapper.selectList    : ==> Parameters: 
23:40:15:158 DEBUG 15708 --- [warehouse] [http-nio-8000-exec-8] com.zh.mapper.OrdersMapper.selectList    : <==      Total: 22
23:40:15:165 DEBUG 15708 --- [warehouse] [http-nio-8000-exec-8] c.zh.mapper.OrderItemMapper.selectList   : ==>  Preparing: SELECT id,order_id,product_id,product_name,quantity FROM order_item WHERE (order_id IN (?,?,?,?,?,?,?,?,?,?,?,?,?,?,?,?,?,?,?,?,?,?))
23:40:15:167 DEBUG 15708 --- [warehouse] [http-nio-8000-exec-8] c.zh.mapper.OrderItemMapper.selectList   : ==> Parameters: 22(Long), 21(Long), 20(Long), 19(Long), 18(Long), 17(Long), 16(Long), 15(Long), 14(Long), 13(Long), 12(Long), 11(Long), 10(Long), 9(Long), 8(Long), 7(Long), 6(Long), 5(Long), 4(Long), 2(Long), 3(Long), 1(Long)
23:40:15:177 DEBUG 15708 --- [warehouse] [http-nio-8000-exec-8] c.zh.mapper.OrderItemMapper.selectList   : <==      Total: 25
23:41:01:353 DEBUG 15708 --- [warehouse] [http-nio-8000-exec-9] com.zh.mapper.OrdersMapper.selectList    : ==>  Preparing: SELECT id,order_no,type,status,total_quantity,operator_id,operator_name,remark,created_at,confirmed_at FROM orders ORDER BY created_at DESC
23:41:01:354 DEBUG 15708 --- [warehouse] [http-nio-8000-exec-9] com.zh.mapper.OrdersMapper.selectList    : ==> Parameters: 
23:41:01:362 DEBUG 15708 --- [warehouse] [http-nio-8000-exec-9] com.zh.mapper.OrdersMapper.selectList    : <==      Total: 22
23:41:01:369 DEBUG 15708 --- [warehouse] [http-nio-8000-exec-9] c.zh.mapper.OrderItemMapper.selectList   : ==>  Preparing: SELECT id,order_id,product_id,product_name,quantity FROM order_item WHERE (order_id IN (?,?,?,?,?,?,?,?,?,?,?,?,?,?,?,?,?,?,?,?,?,?))
23:41:01:373 DEBUG 15708 --- [warehouse] [http-nio-8000-exec-9] c.zh.mapper.OrderItemMapper.selectList   : ==> Parameters: 22(Long), 21(Long), 20(Long), 19(Long), 18(Long), 17(Long), 16(Long), 15(Long), 14(Long), 13(Long), 12(Long), 11(Long), 10(Long), 9(Long), 8(Long), 7(Long), 6(Long), 5(Long), 4(Long), 2(Long), 3(Long), 1(Long)
23:41:01:379 DEBUG 15708 --- [warehouse] [http-nio-8000-exec-9] c.zh.mapper.OrderItemMapper.selectList   : <==      Total: 25
23:41:05:009 DEBUG 15708 --- [warehouse] [http-nio-8000-exec-10] com.zh.mapper.ProductMapper.selectList   : ==>  Preparing: SELECT id,sku,name,category,unit,price,low_stock_threshold,created_at,updated_at FROM product
23:41:05:010 DEBUG 15708 --- [warehouse] [http-nio-8000-exec-10] com.zh.mapper.ProductMapper.selectList   : ==> Parameters: 
23:41:05:023 DEBUG 15708 --- [warehouse] [http-nio-8000-exec-10] com.zh.mapper.ProductMapper.selectList   : <==      Total: 11
23:41:05:052 DEBUG 15708 --- [warehouse] [http-nio-8000-exec-10] c.zh.mapper.InventoryMapper.selectList   : ==>  Preparing: SELECT id,product_id,quantity,reserved_quantity,version,updated_at FROM inventory WHERE (product_id IN (?,?,?,?,?,?,?,?,?,?,?))
23:41:05:053 DEBUG 15708 --- [warehouse] [http-nio-8000-exec-10] c.zh.mapper.InventoryMapper.selectList   : ==> Parameters: 1(Long), 2(Long), 3(Long), 4(Long), 5(Long), 6(Long), 7(Long), 8(Long), 9(Long), 10(Long), 11(Long)
23:41:05:062 DEBUG 15708 --- [warehouse] [http-nio-8000-exec-10] c.zh.mapper.InventoryMapper.selectList   : <==      Total: 10
23:41:06:768 DEBUG 15708 --- [warehouse] [http-nio-8000-exec-1] c.z.m.ProductMapper.selectList_mpCount   : ==>  Preparing: SELECT COUNT(*) AS total FROM product
23:41:06:769 DEBUG 15708 --- [warehouse] [http-nio-8000-exec-1] c.z.m.ProductMapper.selectList_mpCount   : ==> Parameters: 
23:41:06:774 DEBUG 15708 --- [warehouse] [http-nio-8000-exec-1] c.z.m.ProductMapper.selectList_mpCount   : <==      Total: 1
23:41:06:776 DEBUG 15708 --- [warehouse] [http-nio-8000-exec-1] com.zh.mapper.ProductMapper.selectList   : ==>  Preparing: SELECT id,sku,name,category,unit,price,low_stock_threshold,created_at,updated_at FROM product ORDER BY id ASC LIMIT ?
23:41:06:777 DEBUG 15708 --- [warehouse] [http-nio-8000-exec-1] com.zh.mapper.ProductMapper.selectList   : ==> Parameters: 10(Long)
23:41:06:782 DEBUG 15708 --- [warehouse] [http-nio-8000-exec-1] com.zh.mapper.ProductMapper.selectList   : <==      Total: 10
23:48:19:833  INFO 15708 --- [warehouse] [org.springframework.amqp.rabbit.RabbitListenerEndpointContainer#0-2] o.s.a.r.l.SimpleMessageListenerContainer : Waiting for workers to finish.
23:48:19:837  INFO 15708 --- [warehouse] [org.springframework.amqp.rabbit.RabbitListenerEndpointContainer#1-2] o.s.a.r.l.SimpleMessageListenerContainer : Waiting for workers to finish.
23:48:19:838  INFO 15708 --- [warehouse] [org.springframework.amqp.rabbit.RabbitListenerEndpointContainer#2-2] o.s.a.r.l.SimpleMessageListenerContainer : Waiting for workers to finish.
23:48:19:906  INFO 15708 --- [warehouse] [org.springframework.amqp.rabbit.RabbitListenerEndpointContainer#0-2] o.s.a.r.l.SimpleMessageListenerContainer : Successfully waited for workers to finish.
23:48:20:030  INFO 15708 --- [warehouse] [org.springframework.amqp.rabbit.RabbitListenerEndpointContainer#1-2] o.s.a.r.l.SimpleMessageListenerContainer : Successfully waited for workers to finish.
23:48:20:077  INFO 15708 --- [warehouse] [org.springframework.amqp.rabbit.RabbitListenerEndpointContainer#2-2] o.s.a.r.l.SimpleMessageListenerContainer : Successfully waited for workers to finish.
23:48:20:079  INFO 15708 --- [warehouse] [SpringApplicationShutdownHook] o.s.boot.tomcat.GracefulShutdown         : Commencing graceful shutdown. Waiting for active requests to complete
23:48:20:139  INFO 15708 --- [warehouse] [tomcat-shutdown] o.s.boot.tomcat.GracefulShutdown         : Graceful shutdown complete
23:48:20:218  INFO 15708 --- [warehouse] [SpringApplicationShutdownHook] com.zaxxer.hikari.HikariDataSource       : HikariPool-1 - Shutdown initiated...
23:48:20:227  INFO 15708 --- [warehouse] [SpringApplicationShutdownHook] com.zaxxer.hikari.HikariDataSource       : HikariPool-1 - Shutdown completed.
23:48:26:236  INFO 66996 --- [warehouse] [main] com.zh.WarehouseApplication              : Starting WarehouseApplication using Java 17.0.16 with PID 66996 (E:\ideaProject\warehouse\target\classes started by 张乐宇 in E:\ideaProject\warehouse)
23:48:26:239 DEBUG 66996 --- [warehouse] [main] com.zh.WarehouseApplication              : Running with Spring Boot v4.1.0, Spring v7.0.8
23:48:26:239  INFO 66996 --- [warehouse] [main] com.zh.WarehouseApplication              : The following 1 profile is active: "local"
23:48:26:974  INFO 66996 --- [warehouse] [main] .s.d.r.c.RepositoryConfigurationDelegate : Multiple Spring Data modules found, entering strict repository configuration mode
23:48:26:975  INFO 66996 --- [warehouse] [main] .s.d.r.c.RepositoryConfigurationDelegate : Bootstrapping Spring Data JDBC repositories in DEFAULT mode.
23:48:26:993  INFO 66996 --- [warehouse] [main] .s.d.r.c.RepositoryConfigurationDelegate : Finished Spring Data repository scanning in 12 ms. Found 0 JDBC repository interfaces.
23:48:27:029  INFO 66996 --- [warehouse] [main] .s.d.r.c.RepositoryConfigurationDelegate : Multiple Spring Data modules found, entering strict repository configuration mode
23:48:27:030  INFO 66996 --- [warehouse] [main] .s.d.r.c.RepositoryConfigurationDelegate : Bootstrapping Spring Data Redis repositories in DEFAULT mode.
23:48:27:042  INFO 66996 --- [warehouse] [main] .s.d.r.c.RepositoryConfigurationDelegate : Finished Spring Data repository scanning in 3 ms. Found 0 Redis repository interfaces.
23:48:27:558  INFO 66996 --- [warehouse] [main] o.s.boot.tomcat.TomcatWebServer          : Tomcat initialized with port 8000 (http)
23:48:27:568  INFO 66996 --- [warehouse] [main] o.apache.catalina.core.StandardService   : Starting service [Tomcat]
23:48:27:568  INFO 66996 --- [warehouse] [main] o.apache.catalina.core.StandardEngine    : Starting Servlet engine: [Apache Tomcat/11.0.22]
23:48:27:612  INFO 66996 --- [warehouse] [main] b.w.c.s.WebApplicationContextInitializer : Root WebApplicationContext: initialization completed in 1319 ms
23:48:28:589  INFO 66996 --- [warehouse] [main] org.redisson.Version                     : Redisson 3.52.0
23:48:28:842  INFO 66996 --- [warehouse] [redisson-netty-4-4] o.redisson.connection.ConnectionsHolder  : 1 connections initialized for 192.168.100.128/192.168.100.128:6379
23:48:28:914  INFO 66996 --- [warehouse] [redisson-netty-4-19] o.redisson.connection.ConnectionsHolder  : 24 connections initialized for 192.168.100.128/192.168.100.128:6379
23:48:29:220  INFO 66996 --- [warehouse] [main] b.m.s.MybatisPlusApplicationContextAware : Register ApplicationContext instances org.springframework.boot.web.server.servlet.context.AnnotationConfigServletWebServerApplicationContext@552518c3
23:48:29:293  INFO 66996 --- [warehouse] [main] com.zaxxer.hikari.HikariDataSource       : HikariPool-1 - Starting...
23:48:29:463  INFO 66996 --- [warehouse] [main] com.zaxxer.hikari.pool.HikariPool        : HikariPool-1 - Added connection com.mysql.cj.jdbc.ConnectionImpl@c3c63c1
23:48:29:463  INFO 66996 --- [warehouse] [main] com.zaxxer.hikari.HikariDataSource       : HikariPool-1 - Start completed.
23:48:29:625  INFO 66996 --- [warehouse] [main] o.s.boot.tomcat.TomcatWebServer          : Tomcat started on port 8000 (http) with context path '/'
23:48:29:627  INFO 66996 --- [warehouse] [main] o.s.a.r.c.CachingConnectionFactory       : Attempting to connect to: [192.168.100.128:5672]
23:48:29:672  INFO 66996 --- [warehouse] [main] o.s.a.r.c.CachingConnectionFactory       : Created new connection: rabbitConnectionFactory#584136c1:0/SimpleConnection@299cddbf [delegate=amqp://warehouse@192.168.100.128:5672/, localPort=3294]
23:48:29:737  INFO 66996 --- [warehouse] [main] com.zh.WarehouseApplication              : Started WarehouseApplication in 3.943 seconds (process running for 4.642)
23:48:36:134  INFO 66996 --- [warehouse] [http-nio-8000-exec-8] o.a.c.c.C.[Tomcat].[localhost].[/]       : Initializing Spring DispatcherServlet 'dispatcherServlet'
23:48:36:136  INFO 66996 --- [warehouse] [http-nio-8000-exec-8] o.s.web.servlet.DispatcherServlet        : Initializing Servlet 'dispatcherServlet'
23:48:36:140  INFO 66996 --- [warehouse] [http-nio-8000-exec-8] o.s.web.servlet.DispatcherServlet        : Completed initialization in 3 ms
23:48:37:908 DEBUG 66996 --- [warehouse] [http-nio-8000-exec-8] c.zh.mapper.ProductMapper.selectCount    : ==>  Preparing: SELECT COUNT( * ) AS total FROM product
23:48:37:908 DEBUG 66996 --- [warehouse] [http-nio-8000-exec-1] c.zh.mapper.ProductMapper.selectCount    : ==>  Preparing: SELECT COUNT( * ) AS total FROM product
23:48:38:073 DEBUG 66996 --- [warehouse] [http-nio-8000-exec-8] c.zh.mapper.ProductMapper.selectCount    : ==> Parameters: 
23:48:38:073 DEBUG 66996 --- [warehouse] [http-nio-8000-exec-1] c.zh.mapper.ProductMapper.selectCount    : ==> Parameters: 
23:48:38:550 DEBUG 66996 --- [warehouse] [http-nio-8000-exec-8] c.zh.mapper.ProductMapper.selectCount    : <==      Total: 1
23:48:38:550 DEBUG 66996 --- [warehouse] [http-nio-8000-exec-1] c.zh.mapper.ProductMapper.selectCount    : <==      Total: 1
23:48:38:741 DEBUG 66996 --- [warehouse] [http-nio-8000-exec-8] c.zh.mapper.InventoryMapper.selectMaps   : ==>  Preparing: SELECT IFNULL(SUM(quantity), 0) AS total FROM inventory
23:48:38:741 DEBUG 66996 --- [warehouse] [http-nio-8000-exec-1] c.zh.mapper.InventoryMapper.selectMaps   : ==>  Preparing: SELECT IFNULL(SUM(quantity), 0) AS total FROM inventory
23:48:38:743 DEBUG 66996 --- [warehouse] [http-nio-8000-exec-1] c.zh.mapper.InventoryMapper.selectMaps   : ==> Parameters: 
23:48:38:743 DEBUG 66996 --- [warehouse] [http-nio-8000-exec-8] c.zh.mapper.InventoryMapper.selectMaps   : ==> Parameters: 
23:48:38:749 DEBUG 66996 --- [warehouse] [http-nio-8000-exec-8] c.zh.mapper.InventoryMapper.selectMaps   : <==      Total: 1
23:48:38:749 DEBUG 66996 --- [warehouse] [http-nio-8000-exec-1] c.zh.mapper.InventoryMapper.selectMaps   : <==      Total: 1
23:48:38:753 DEBUG 66996 --- [warehouse] [http-nio-8000-exec-8] c.z.m.InventoryMapper.countLowStock      : ==>  Preparing: SELECT COUNT(*) FROM inventory i JOIN product p ON i.product_id = p.id WHERE i.quantity - i.reserved_quantity <= IFNULL(p.low_stock_threshold, 0)
23:48:38:755 DEBUG 66996 --- [warehouse] [http-nio-8000-exec-1] c.z.m.InventoryMapper.countLowStock      : ==>  Preparing: SELECT COUNT(*) FROM inventory i JOIN product p ON i.product_id = p.id WHERE i.quantity - i.reserved_quantity <= IFNULL(p.low_stock_threshold, 0)
23:48:38:756 DEBUG 66996 --- [warehouse] [http-nio-8000-exec-8] c.z.m.InventoryMapper.countLowStock      : ==> Parameters: 
23:48:38:758 DEBUG 66996 --- [warehouse] [http-nio-8000-exec-1] c.z.m.InventoryMapper.countLowStock      : ==> Parameters: 
23:48:38:758 DEBUG 66996 --- [warehouse] [http-nio-8000-exec-8] c.z.m.InventoryMapper.countLowStock      : <==      Total: 1
23:48:38:761 DEBUG 66996 --- [warehouse] [http-nio-8000-exec-1] c.z.m.InventoryMapper.countLowStock      : <==      Total: 1
23:48:38:793 DEBUG 66996 --- [warehouse] [http-nio-8000-exec-1] com.zh.mapper.OrdersMapper.selectCount   : ==>  Preparing: SELECT COUNT( * ) AS total FROM orders WHERE (type = ? AND status = ?)
23:48:38:793 DEBUG 66996 --- [warehouse] [http-nio-8000-exec-8] com.zh.mapper.OrdersMapper.selectCount   : ==>  Preparing: SELECT COUNT( * ) AS total FROM orders WHERE (type = ? AND status = ?)
23:48:38:796 DEBUG 66996 --- [warehouse] [http-nio-8000-exec-8] com.zh.mapper.OrdersMapper.selectCount   : ==> Parameters: INBOUND(String), CREATED(String)
23:48:38:796 DEBUG 66996 --- [warehouse] [http-nio-8000-exec-1] com.zh.mapper.OrdersMapper.selectCount   : ==> Parameters: INBOUND(String), CREATED(String)
23:48:38:802 DEBUG 66996 --- [warehouse] [http-nio-8000-exec-8] com.zh.mapper.OrdersMapper.selectCount   : <==      Total: 1
23:48:38:809 DEBUG 66996 --- [warehouse] [http-nio-8000-exec-1] com.zh.mapper.OrdersMapper.selectCount   : <==      Total: 1
23:48:38:810 DEBUG 66996 --- [warehouse] [http-nio-8000-exec-8] com.zh.mapper.OrdersMapper.selectCount   : ==>  Preparing: SELECT COUNT( * ) AS total FROM orders WHERE (type = ? AND status = ?)
23:48:39:404 DEBUG 66996 --- [warehouse] [http-nio-8000-exec-8] com.zh.mapper.OrdersMapper.selectCount   : ==> Parameters: OUTBOUND(String), RESERVED(String)
23:48:39:405 DEBUG 66996 --- [warehouse] [http-nio-8000-exec-1] com.zh.mapper.OrdersMapper.selectCount   : ==>  Preparing: SELECT COUNT( * ) AS total FROM orders WHERE (type = ? AND status = ?)
23:48:39:408 DEBUG 66996 --- [warehouse] [http-nio-8000-exec-8] com.zh.mapper.OrdersMapper.selectCount   : <==      Total: 1
23:48:39:408 DEBUG 66996 --- [warehouse] [http-nio-8000-exec-1] com.zh.mapper.OrdersMapper.selectCount   : ==> Parameters: OUTBOUND(String), RESERVED(String)
23:48:39:411 DEBUG 66996 --- [warehouse] [http-nio-8000-exec-1] com.zh.mapper.OrdersMapper.selectCount   : <==      Total: 1
23:48:39:966 DEBUG 66996 --- [warehouse] [http-nio-8000-exec-4] c.z.m.ProductMapper.selectList_mpCount   : ==>  Preparing: SELECT COUNT(*) AS total FROM product
23:48:39:968 DEBUG 66996 --- [warehouse] [http-nio-8000-exec-4] c.z.m.ProductMapper.selectList_mpCount   : ==> Parameters: 
23:48:40:009 DEBUG 66996 --- [warehouse] [http-nio-8000-exec-4] c.z.m.ProductMapper.selectList_mpCount   : <==      Total: 1
23:48:40:019 DEBUG 66996 --- [warehouse] [http-nio-8000-exec-4] com.zh.mapper.ProductMapper.selectList   : ==>  Preparing: SELECT id,sku,name,category,unit,price,low_stock_threshold,created_at,updated_at FROM product ORDER BY id ASC LIMIT ?
23:48:40:021 DEBUG 66996 --- [warehouse] [http-nio-8000-exec-4] com.zh.mapper.ProductMapper.selectList   : ==> Parameters: 10(Long)
23:48:40:048 DEBUG 66996 --- [warehouse] [http-nio-8000-exec-4] com.zh.mapper.ProductMapper.selectList   : <==      Total: 10
23:48:41:158 DEBUG 66996 --- [warehouse] [http-nio-8000-exec-3] c.zh.mapper.ProductMapper.selectCount    : ==>  Preparing: SELECT COUNT( * ) AS total FROM product
23:48:41:160 DEBUG 66996 --- [warehouse] [http-nio-8000-exec-3] c.zh.mapper.ProductMapper.selectCount    : ==> Parameters: 
23:48:41:163 DEBUG 66996 --- [warehouse] [http-nio-8000-exec-3] c.zh.mapper.ProductMapper.selectCount    : <==      Total: 1
23:48:41:167 DEBUG 66996 --- [warehouse] [http-nio-8000-exec-3] c.zh.mapper.InventoryMapper.selectMaps   : ==>  Preparing: SELECT IFNULL(SUM(quantity), 0) AS total FROM inventory
23:48:41:168 DEBUG 66996 --- [warehouse] [http-nio-8000-exec-3] c.zh.mapper.InventoryMapper.selectMaps   : ==> Parameters: 
23:48:41:173 DEBUG 66996 --- [warehouse] [http-nio-8000-exec-3] c.zh.mapper.InventoryMapper.selectMaps   : <==      Total: 1
23:48:41:176 DEBUG 66996 --- [warehouse] [http-nio-8000-exec-3] c.z.m.InventoryMapper.countLowStock      : ==>  Preparing: SELECT COUNT(*) FROM inventory i JOIN product p ON i.product_id = p.id WHERE i.quantity - i.reserved_quantity <= IFNULL(p.low_stock_threshold, 0)
23:48:41:177 DEBUG 66996 --- [warehouse] [http-nio-8000-exec-3] c.z.m.InventoryMapper.countLowStock      : ==> Parameters: 
23:48:41:179 DEBUG 66996 --- [warehouse] [http-nio-8000-exec-3] c.z.m.InventoryMapper.countLowStock      : <==      Total: 1
23:48:41:185 DEBUG 66996 --- [warehouse] [http-nio-8000-exec-3] com.zh.mapper.OrdersMapper.selectCount   : ==>  Preparing: SELECT COUNT( * ) AS total FROM orders WHERE (type = ? AND status = ?)
23:48:41:187 DEBUG 66996 --- [warehouse] [http-nio-8000-exec-3] com.zh.mapper.OrdersMapper.selectCount   : ==> Parameters: INBOUND(String), CREATED(String)
23:48:41:193 DEBUG 66996 --- [warehouse] [http-nio-8000-exec-3] com.zh.mapper.OrdersMapper.selectCount   : <==      Total: 1
23:48:41:197 DEBUG 66996 --- [warehouse] [http-nio-8000-exec-3] com.zh.mapper.OrdersMapper.selectCount   : ==>  Preparing: SELECT COUNT( * ) AS total FROM orders WHERE (type = ? AND status = ?)
23:48:41:200 DEBUG 66996 --- [warehouse] [http-nio-8000-exec-3] com.zh.mapper.OrdersMapper.selectCount   : ==> Parameters: OUTBOUND(String), RESERVED(String)
23:48:41:204 DEBUG 66996 --- [warehouse] [http-nio-8000-exec-3] com.zh.mapper.OrdersMapper.selectCount   : <==      Total: 1
23:48:46:889 DEBUG 66996 --- [warehouse] [http-nio-8000-exec-2] com.zh.mapper.OrdersMapper.selectList    : ==>  Preparing: SELECT id,order_no,type,status,total_quantity,operator_id,operator_name,remark,created_at,confirmed_at FROM orders ORDER BY created_at DESC
23:48:46:891 DEBUG 66996 --- [warehouse] [http-nio-8000-exec-2] com.zh.mapper.OrdersMapper.selectList    : ==> Parameters: 
23:48:46:919 DEBUG 66996 --- [warehouse] [http-nio-8000-exec-2] com.zh.mapper.OrdersMapper.selectList    : <==      Total: 22
23:48:46:933 DEBUG 66996 --- [warehouse] [http-nio-8000-exec-2] c.zh.mapper.OrderItemMapper.selectList   : ==>  Preparing: SELECT id,order_id,product_id,product_name,quantity FROM order_item WHERE (order_id IN (?,?,?,?,?,?,?,?,?,?,?,?,?,?,?,?,?,?,?,?,?,?))
23:48:46:937 DEBUG 66996 --- [warehouse] [http-nio-8000-exec-2] c.zh.mapper.OrderItemMapper.selectList   : ==> Parameters: 22(Long), 21(Long), 20(Long), 19(Long), 18(Long), 17(Long), 16(Long), 15(Long), 14(Long), 13(Long), 12(Long), 11(Long), 10(Long), 9(Long), 8(Long), 7(Long), 6(Long), 5(Long), 4(Long), 2(Long), 3(Long), 1(Long)
23:48:46:949 DEBUG 66996 --- [warehouse] [http-nio-8000-exec-2] c.zh.mapper.OrderItemMapper.selectList   : <==      Total: 25
23:48:48:403 DEBUG 66996 --- [warehouse] [http-nio-8000-exec-5] c.zh.mapper.ProductMapper.selectCount    : ==>  Preparing: SELECT COUNT( * ) AS total FROM product
23:48:48:404 DEBUG 66996 --- [warehouse] [http-nio-8000-exec-5] c.zh.mapper.ProductMapper.selectCount    : ==> Parameters: 
23:48:48:406 DEBUG 66996 --- [warehouse] [http-nio-8000-exec-5] c.zh.mapper.ProductMapper.selectCount    : <==      Total: 1
23:48:48:408 DEBUG 66996 --- [warehouse] [http-nio-8000-exec-5] c.zh.mapper.InventoryMapper.selectMaps   : ==>  Preparing: SELECT IFNULL(SUM(quantity), 0) AS total FROM inventory
23:48:48:408 DEBUG 66996 --- [warehouse] [http-nio-8000-exec-5] c.zh.mapper.InventoryMapper.selectMaps   : ==> Parameters: 
23:48:48:411 DEBUG 66996 --- [warehouse] [http-nio-8000-exec-5] c.zh.mapper.InventoryMapper.selectMaps   : <==      Total: 1
23:48:48:412 DEBUG 66996 --- [warehouse] [http-nio-8000-exec-5] c.z.m.InventoryMapper.countLowStock      : ==>  Preparing: SELECT COUNT(*) FROM inventory i JOIN product p ON i.product_id = p.id WHERE i.quantity - i.reserved_quantity <= IFNULL(p.low_stock_threshold, 0)
23:48:48:413 DEBUG 66996 --- [warehouse] [http-nio-8000-exec-5] c.z.m.InventoryMapper.countLowStock      : ==> Parameters: 
23:48:48:415 DEBUG 66996 --- [warehouse] [http-nio-8000-exec-5] c.z.m.InventoryMapper.countLowStock      : <==      Total: 1
23:48:48:418 DEBUG 66996 --- [warehouse] [http-nio-8000-exec-5] com.zh.mapper.OrdersMapper.selectCount   : ==>  Preparing: SELECT COUNT( * ) AS total FROM orders WHERE (type = ? AND status = ?)
23:48:48:419 DEBUG 66996 --- [warehouse] [http-nio-8000-exec-5] com.zh.mapper.OrdersMapper.selectCount   : ==> Parameters: INBOUND(String), CREATED(String)
23:48:48:420 DEBUG 66996 --- [warehouse] [http-nio-8000-exec-5] com.zh.mapper.OrdersMapper.selectCount   : <==      Total: 1
23:48:48:425 DEBUG 66996 --- [warehouse] [http-nio-8000-exec-5] com.zh.mapper.OrdersMapper.selectCount   : ==>  Preparing: SELECT COUNT( * ) AS total FROM orders WHERE (type = ? AND status = ?)
23:48:48:426 DEBUG 66996 --- [warehouse] [http-nio-8000-exec-5] com.zh.mapper.OrdersMapper.selectCount   : ==> Parameters: OUTBOUND(String), RESERVED(String)
23:48:48:430 DEBUG 66996 --- [warehouse] [http-nio-8000-exec-5] com.zh.mapper.OrdersMapper.selectCount   : <==      Total: 1
23:48:49:278 DEBUG 66996 --- [warehouse] [http-nio-8000-exec-7] com.zh.mapper.ProductMapper.selectList   : ==>  Preparing: SELECT id,sku,name,category,unit,price,low_stock_threshold,created_at,updated_at FROM product
23:48:49:279 DEBUG 66996 --- [warehouse] [http-nio-8000-exec-7] com.zh.mapper.ProductMapper.selectList   : ==> Parameters: 
23:48:49:291 DEBUG 66996 --- [warehouse] [http-nio-8000-exec-7] com.zh.mapper.ProductMapper.selectList   : <==      Total: 11
23:48:49:327 DEBUG 66996 --- [warehouse] [http-nio-8000-exec-7] c.zh.mapper.InventoryMapper.selectList   : ==>  Preparing: SELECT id,product_id,quantity,reserved_quantity,version,updated_at FROM inventory WHERE (product_id IN (?,?,?,?,?,?,?,?,?,?,?))
23:48:49:329 DEBUG 66996 --- [warehouse] [http-nio-8000-exec-7] c.zh.mapper.InventoryMapper.selectList   : ==> Parameters: 1(Long), 2(Long), 3(Long), 4(Long), 5(Long), 6(Long), 7(Long), 8(Long), 9(Long), 10(Long), 11(Long)
23:48:49:336 DEBUG 66996 --- [warehouse] [http-nio-8000-exec-7] c.zh.mapper.InventoryMapper.selectList   : <==      Total: 10
23:48:50:583 DEBUG 66996 --- [warehouse] [http-nio-8000-exec-6] c.zh.mapper.ProductMapper.selectCount    : ==>  Preparing: SELECT COUNT( * ) AS total FROM product
23:48:50:584 DEBUG 66996 --- [warehouse] [http-nio-8000-exec-6] c.zh.mapper.ProductMapper.selectCount    : ==> Parameters: 
23:48:50:586 DEBUG 66996 --- [warehouse] [http-nio-8000-exec-6] c.zh.mapper.ProductMapper.selectCount    : <==      Total: 1
23:48:50:588 DEBUG 66996 --- [warehouse] [http-nio-8000-exec-6] c.zh.mapper.InventoryMapper.selectMaps   : ==>  Preparing: SELECT IFNULL(SUM(quantity), 0) AS total FROM inventory
23:48:50:588 DEBUG 66996 --- [warehouse] [http-nio-8000-exec-6] c.zh.mapper.InventoryMapper.selectMaps   : ==> Parameters: 
23:48:50:591 DEBUG 66996 --- [warehouse] [http-nio-8000-exec-6] c.zh.mapper.InventoryMapper.selectMaps   : <==      Total: 1
23:48:50:592 DEBUG 66996 --- [warehouse] [http-nio-8000-exec-6] c.z.m.InventoryMapper.countLowStock      : ==>  Preparing: SELECT COUNT(*) FROM inventory i JOIN product p ON i.product_id = p.id WHERE i.quantity - i.reserved_quantity <= IFNULL(p.low_stock_threshold, 0)
23:48:50:592 DEBUG 66996 --- [warehouse] [http-nio-8000-exec-6] c.z.m.InventoryMapper.countLowStock      : ==> Parameters: 
23:48:50:593 DEBUG 66996 --- [warehouse] [http-nio-8000-exec-6] c.z.m.InventoryMapper.countLowStock      : <==      Total: 1
23:48:50:596 DEBUG 66996 --- [warehouse] [http-nio-8000-exec-6] com.zh.mapper.OrdersMapper.selectCount   : ==>  Preparing: SELECT COUNT( * ) AS total FROM orders WHERE (type = ? AND status = ?)
23:48:50:597 DEBUG 66996 --- [warehouse] [http-nio-8000-exec-6] com.zh.mapper.OrdersMapper.selectCount   : ==> Parameters: INBOUND(String), CREATED(String)
23:48:50:600 DEBUG 66996 --- [warehouse] [http-nio-8000-exec-6] com.zh.mapper.OrdersMapper.selectCount   : <==      Total: 1
23:48:50:602 DEBUG 66996 --- [warehouse] [http-nio-8000-exec-6] com.zh.mapper.OrdersMapper.selectCount   : ==>  Preparing: SELECT COUNT( * ) AS total FROM orders WHERE (type = ? AND status = ?)
23:48:50:603 DEBUG 66996 --- [warehouse] [http-nio-8000-exec-6] com.zh.mapper.OrdersMapper.selectCount   : ==> Parameters: OUTBOUND(String), RESERVED(String)
23:48:50:605 DEBUG 66996 --- [warehouse] [http-nio-8000-exec-6] com.zh.mapper.OrdersMapper.selectCount   : <==      Total: 1
23:48:58:175 DEBUG 66996 --- [warehouse] [http-nio-8000-exec-9] com.zh.mapper.ProductMapper.selectList   : ==>  Preparing: SELECT id,sku,name,category,unit,price,low_stock_threshold,created_at,updated_at FROM product
23:48:58:175 DEBUG 66996 --- [warehouse] [http-nio-8000-exec-9] com.zh.mapper.ProductMapper.selectList   : ==> Parameters: 
23:48:58:181 DEBUG 66996 --- [warehouse] [http-nio-8000-exec-9] com.zh.mapper.ProductMapper.selectList   : <==      Total: 11
23:48:58:301 DEBUG 66996 --- [warehouse] [http-nio-8000-exec-9] c.zh.mapper.InventoryMapper.selectList   : ==>  Preparing: SELECT id,product_id,quantity,reserved_quantity,version,updated_at FROM inventory WHERE (product_id IN (?))
23:48:58:302 DEBUG 66996 --- [warehouse] [http-nio-8000-exec-9] c.zh.mapper.InventoryMapper.selectList   : ==> Parameters: 11(Long)
23:48:58:305 DEBUG 66996 --- [warehouse] [http-nio-8000-exec-9] c.zh.mapper.InventoryMapper.selectList   : <==      Total: 0
23:49:00:741 DEBUG 66996 --- [warehouse] [http-nio-8000-exec-10] c.zh.mapper.ProductMapper.selectCount    : ==>  Preparing: SELECT COUNT( * ) AS total FROM product
23:49:00:742 DEBUG 66996 --- [warehouse] [http-nio-8000-exec-10] c.zh.mapper.ProductMapper.selectCount    : ==> Parameters: 
23:49:00:744 DEBUG 66996 --- [warehouse] [http-nio-8000-exec-10] c.zh.mapper.ProductMapper.selectCount    : <==      Total: 1
23:49:00:748 DEBUG 66996 --- [warehouse] [http-nio-8000-exec-10] c.zh.mapper.InventoryMapper.selectMaps   : ==>  Preparing: SELECT IFNULL(SUM(quantity), 0) AS total FROM inventory
23:49:00:749 DEBUG 66996 --- [warehouse] [http-nio-8000-exec-10] c.zh.mapper.InventoryMapper.selectMaps   : ==> Parameters: 
23:49:00:751 DEBUG 66996 --- [warehouse] [http-nio-8000-exec-10] c.zh.mapper.InventoryMapper.selectMaps   : <==      Total: 1
23:49:00:753 DEBUG 66996 --- [warehouse] [http-nio-8000-exec-10] c.z.m.InventoryMapper.countLowStock      : ==>  Preparing: SELECT COUNT(*) FROM inventory i JOIN product p ON i.product_id = p.id WHERE i.quantity - i.reserved_quantity <= IFNULL(p.low_stock_threshold, 0)
23:49:00:754 DEBUG 66996 --- [warehouse] [http-nio-8000-exec-10] c.z.m.InventoryMapper.countLowStock      : ==> Parameters: 
23:49:00:756 DEBUG 66996 --- [warehouse] [http-nio-8000-exec-10] c.z.m.InventoryMapper.countLowStock      : <==      Total: 1
23:49:00:760 DEBUG 66996 --- [warehouse] [http-nio-8000-exec-10] com.zh.mapper.OrdersMapper.selectCount   : ==>  Preparing: SELECT COUNT( * ) AS total FROM orders WHERE (type = ? AND status = ?)
23:49:00:762 DEBUG 66996 --- [warehouse] [http-nio-8000-exec-10] com.zh.mapper.OrdersMapper.selectCount   : ==> Parameters: INBOUND(String), CREATED(String)
23:49:00:763 DEBUG 66996 --- [warehouse] [http-nio-8000-exec-10] com.zh.mapper.OrdersMapper.selectCount   : <==      Total: 1
23:49:00:766 DEBUG 66996 --- [warehouse] [http-nio-8000-exec-10] com.zh.mapper.OrdersMapper.selectCount   : ==>  Preparing: SELECT COUNT( * ) AS total FROM orders WHERE (type = ? AND status = ?)
23:49:00:768 DEBUG 66996 --- [warehouse] [http-nio-8000-exec-10] com.zh.mapper.OrdersMapper.selectCount   : ==> Parameters: OUTBOUND(String), RESERVED(String)
23:49:00:771 DEBUG 66996 --- [warehouse] [http-nio-8000-exec-10] com.zh.mapper.OrdersMapper.selectCount   : <==      Total: 1
23:49:05:895 DEBUG 66996 --- [warehouse] [http-nio-8000-exec-8] com.zh.mapper.ProductMapper.selectList   : ==>  Preparing: SELECT id,sku,name,category,unit,price,low_stock_threshold,created_at,updated_at FROM product
23:49:05:897 DEBUG 66996 --- [warehouse] [http-nio-8000-exec-8] com.zh.mapper.ProductMapper.selectList   : ==> Parameters: 
23:49:05:903 DEBUG 66996 --- [warehouse] [http-nio-8000-exec-8] com.zh.mapper.ProductMapper.selectList   : <==      Total: 11
23:49:05:934 DEBUG 66996 --- [warehouse] [http-nio-8000-exec-8] c.zh.mapper.InventoryMapper.selectList   : ==>  Preparing: SELECT id,product_id,quantity,reserved_quantity,version,updated_at FROM inventory WHERE (product_id IN (?))
23:49:05:935 DEBUG 66996 --- [warehouse] [http-nio-8000-exec-8] c.zh.mapper.InventoryMapper.selectList   : ==> Parameters: 11(Long)
23:49:05:936 DEBUG 66996 --- [warehouse] [http-nio-8000-exec-8] c.zh.mapper.InventoryMapper.selectList   : <==      Total: 0
23:49:10:518 DEBUG 66996 --- [warehouse] [http-nio-8000-exec-1] com.zh.mapper.OrdersMapper.selectList    : ==>  Preparing: SELECT id,order_no,type,status,total_quantity,operator_id,operator_name,remark,created_at,confirmed_at FROM orders ORDER BY created_at DESC
23:49:10:522 DEBUG 66996 --- [warehouse] [http-nio-8000-exec-1] com.zh.mapper.OrdersMapper.selectList    : ==> Parameters: 
23:49:10:546 DEBUG 66996 --- [warehouse] [http-nio-8000-exec-1] com.zh.mapper.OrdersMapper.selectList    : <==      Total: 22
23:49:10:555 DEBUG 66996 --- [warehouse] [http-nio-8000-exec-1] c.zh.mapper.OrderItemMapper.selectList   : ==>  Preparing: SELECT id,order_id,product_id,product_name,quantity FROM order_item WHERE (order_id IN (?,?,?,?,?,?,?,?,?,?,?,?,?,?,?,?,?,?,?,?,?,?))
23:49:10:558 DEBUG 66996 --- [warehouse] [http-nio-8000-exec-1] c.zh.mapper.OrderItemMapper.selectList   : ==> Parameters: 22(Long), 21(Long), 20(Long), 19(Long), 18(Long), 17(Long), 16(Long), 15(Long), 14(Long), 13(Long), 12(Long), 11(Long), 10(Long), 9(Long), 8(Long), 7(Long), 6(Long), 5(Long), 4(Long), 2(Long), 3(Long), 1(Long)
23:49:10:605 DEBUG 66996 --- [warehouse] [http-nio-8000-exec-1] c.zh.mapper.OrderItemMapper.selectList   : <==      Total: 25
23:49:15:970 DEBUG 66996 --- [warehouse] [http-nio-8000-exec-4] com.zh.mapper.ProductMapper.selectList   : ==>  Preparing: SELECT id,sku,name,category,unit,price,low_stock_threshold,created_at,updated_at FROM product
23:49:15:972 DEBUG 66996 --- [warehouse] [http-nio-8000-exec-4] com.zh.mapper.ProductMapper.selectList   : ==> Parameters: 
23:49:15:977 DEBUG 66996 --- [warehouse] [http-nio-8000-exec-4] com.zh.mapper.ProductMapper.selectList   : <==      Total: 11
23:49:16:004 DEBUG 66996 --- [warehouse] [http-nio-8000-exec-4] c.zh.mapper.InventoryMapper.selectList   : ==>  Preparing: SELECT id,product_id,quantity,reserved_quantity,version,updated_at FROM inventory WHERE (product_id IN (?))
23:49:16:005 DEBUG 66996 --- [warehouse] [http-nio-8000-exec-4] c.zh.mapper.InventoryMapper.selectList   : ==> Parameters: 11(Long)
23:49:16:008 DEBUG 66996 --- [warehouse] [http-nio-8000-exec-4] c.zh.mapper.InventoryMapper.selectList   : <==      Total: 0
23:49:17:842 DEBUG 66996 --- [warehouse] [http-nio-8000-exec-3] com.zh.mapper.OrdersMapper.selectList    : ==>  Preparing: SELECT id,order_no,type,status,total_quantity,operator_id,operator_name,remark,created_at,confirmed_at FROM orders ORDER BY created_at DESC
23:49:17:843 DEBUG 66996 --- [warehouse] [http-nio-8000-exec-3] com.zh.mapper.OrdersMapper.selectList    : ==> Parameters: 
23:49:17:860 DEBUG 66996 --- [warehouse] [http-nio-8000-exec-3] com.zh.mapper.OrdersMapper.selectList    : <==      Total: 22
23:49:17:870 DEBUG 66996 --- [warehouse] [http-nio-8000-exec-3] c.zh.mapper.OrderItemMapper.selectList   : ==>  Preparing: SELECT id,order_id,product_id,product_name,quantity FROM order_item WHERE (order_id IN (?,?,?,?,?,?,?,?,?,?,?,?,?,?,?,?,?,?,?,?,?,?))
23:49:17:873 DEBUG 66996 --- [warehouse] [http-nio-8000-exec-3] c.zh.mapper.OrderItemMapper.selectList   : ==> Parameters: 22(Long), 21(Long), 20(Long), 19(Long), 18(Long), 17(Long), 16(Long), 15(Long), 14(Long), 13(Long), 12(Long), 11(Long), 10(Long), 9(Long), 8(Long), 7(Long), 6(Long), 5(Long), 4(Long), 2(Long), 3(Long), 1(Long)
23:49:17:887 DEBUG 66996 --- [warehouse] [http-nio-8000-exec-3] c.zh.mapper.OrderItemMapper.selectList   : <==      Total: 25
23:49:20:197 DEBUG 66996 --- [warehouse] [http-nio-8000-exec-2] com.zh.mapper.OrdersMapper.selectById    : ==>  Preparing: SELECT id,order_no,type,status,total_quantity,operator_id,operator_name,remark,created_at,confirmed_at FROM orders WHERE id=?
23:49:20:198 DEBUG 66996 --- [warehouse] [http-nio-8000-exec-2] com.zh.mapper.OrdersMapper.selectById    : ==> Parameters: 7(Long)
23:49:20:202 DEBUG 66996 --- [warehouse] [http-nio-8000-exec-2] com.zh.mapper.OrdersMapper.selectById    : <==      Total: 1
23:49:20:218 DEBUG 66996 --- [warehouse] [http-nio-8000-exec-2] com.zh.mapper.OrdersMapper.updateById    : ==>  Preparing: UPDATE orders SET order_no=?, type=?, status=?, total_quantity=?, operator_id=?, operator_name=?, remark=?, created_at=? WHERE id=?
23:49:20:220 DEBUG 66996 --- [warehouse] [http-nio-8000-exec-2] com.zh.mapper.OrdersMapper.updateById    : ==> Parameters: IN202608040001(String), INBOUND(String), CONFIRMING(String), 5(Integer), 1(Long), 管理员(String), 阿迪达斯(String), 2026-08-04T00:32:52(LocalDateTime), 7(Long)
23:49:20:236 DEBUG 66996 --- [warehouse] [http-nio-8000-exec-2] com.zh.mapper.OrdersMapper.updateById    : <==    Updates: 1
23:49:20:322 DEBUG 66996 --- [warehouse] [org.springframework.amqp.rabbit.RabbitListenerEndpointContainer#1-1] com.zh.mapper.OrdersMapper.selectById    : ==>  Preparing: SELECT id,order_no,type,status,total_quantity,operator_id,operator_name,remark,created_at,confirmed_at FROM orders WHERE id=?
23:49:20:323 DEBUG 66996 --- [warehouse] [org.springframework.amqp.rabbit.RabbitListenerEndpointContainer#1-1] com.zh.mapper.OrdersMapper.selectById    : ==> Parameters: 7(Long)
23:49:20:327 DEBUG 66996 --- [warehouse] [org.springframework.amqp.rabbit.RabbitListenerEndpointContainer#1-1] com.zh.mapper.OrdersMapper.selectById    : <==      Total: 1
23:49:20:333 DEBUG 66996 --- [warehouse] [org.springframework.amqp.rabbit.RabbitListenerEndpointContainer#1-1] c.z.m.InventoryLogMapper.selectCount     : ==>  Preparing: SELECT COUNT( * ) AS total FROM inventory_log WHERE (order_id = ?)
23:49:20:333 DEBUG 66996 --- [warehouse] [org.springframework.amqp.rabbit.RabbitListenerEndpointContainer#1-1] c.z.m.InventoryLogMapper.selectCount     : ==> Parameters: 7(Long)
23:49:20:336 DEBUG 66996 --- [warehouse] [org.springframework.amqp.rabbit.RabbitListenerEndpointContainer#1-1] c.z.m.InventoryLogMapper.selectCount     : <==      Total: 1
23:49:20:340 DEBUG 66996 --- [warehouse] [org.springframework.amqp.rabbit.RabbitListenerEndpointContainer#1-1] c.zh.mapper.OrderItemMapper.selectList   : ==>  Preparing: SELECT id,order_id,product_id,product_name,quantity FROM order_item WHERE (order_id = ?)
23:49:20:340 DEBUG 66996 --- [warehouse] [org.springframework.amqp.rabbit.RabbitListenerEndpointContainer#1-1] c.zh.mapper.OrderItemMapper.selectList   : ==> Parameters: 7(Long)
23:49:20:342 DEBUG 66996 --- [warehouse] [org.springframework.amqp.rabbit.RabbitListenerEndpointContainer#1-1] c.zh.mapper.OrderItemMapper.selectList   : <==      Total: 1
23:49:20:356 DEBUG 66996 --- [warehouse] [org.springframework.amqp.rabbit.RabbitListenerEndpointContainer#1-1] c.z.m.InventoryMapper.selectWithCursor   : ==>  Preparing: SELECT id,product_id,quantity,reserved_quantity,version,updated_at FROM inventory WHERE (product_id = ?)
23:49:20:357 DEBUG 66996 --- [warehouse] [org.springframework.amqp.rabbit.RabbitListenerEndpointContainer#1-1] c.z.m.InventoryMapper.selectWithCursor   : ==> Parameters: 1(Long)
23:49:20:365 DEBUG 66996 --- [warehouse] [org.springframework.amqp.rabbit.RabbitListenerEndpointContainer#1-1] c.z.m.InventoryMapper.selectWithCursor   : <==      Total: 1
23:49:20:378 DEBUG 66996 --- [warehouse] [org.springframework.amqp.rabbit.RabbitListenerEndpointContainer#1-1] com.zh.mapper.InventoryMapper.update     : ==>  Preparing: UPDATE inventory SET quantity = quantity + ?,updated_at=? WHERE (id = ?)
23:49:20:382 DEBUG 66996 --- [warehouse] [org.springframework.amqp.rabbit.RabbitListenerEndpointContainer#1-1] com.zh.mapper.InventoryMapper.update     : ==> Parameters: 5(Integer), 2026-08-04T23:49:20.371700900(LocalDateTime), 1(Long)
23:49:20:388 DEBUG 66996 --- [warehouse] [org.springframework.amqp.rabbit.RabbitListenerEndpointContainer#1-1] com.zh.mapper.InventoryMapper.update     : <==    Updates: 1
23:49:20:391 DEBUG 66996 --- [warehouse] [org.springframework.amqp.rabbit.RabbitListenerEndpointContainer#1-1] c.z.m.InventoryMapper.selectWithCursor   : ==>  Preparing: SELECT id,product_id,quantity,reserved_quantity,version,updated_at FROM inventory WHERE (product_id = ?)
23:49:20:393 DEBUG 66996 --- [warehouse] [org.springframework.amqp.rabbit.RabbitListenerEndpointContainer#1-1] c.z.m.InventoryMapper.selectWithCursor   : ==> Parameters: 1(Long)
23:49:20:395 DEBUG 66996 --- [warehouse] [org.springframework.amqp.rabbit.RabbitListenerEndpointContainer#1-1] c.z.m.InventoryMapper.selectWithCursor   : <==      Total: 1
23:49:20:403 DEBUG 66996 --- [warehouse] [org.springframework.amqp.rabbit.RabbitListenerEndpointContainer#1-1] c.zh.mapper.InventoryLogMapper.insert    : ==>  Preparing: INSERT INTO inventory_log ( product_id, change_type, change_quantity, before_quantity, after_quantity, order_id, created_at ) VALUES ( ?, ?, ?, ?, ?, ?, ? )
23:49:20:405 DEBUG 66996 --- [warehouse] [org.springframework.amqp.rabbit.RabbitListenerEndpointContainer#1-1] c.zh.mapper.InventoryLogMapper.insert    : ==> Parameters: 1(Long), INBOUND(String), 5(Integer), 89(Integer), 94(Integer), 7(Long), 2026-08-04T23:49:20.397134400(LocalDateTime)
23:49:20:409 DEBUG 66996 --- [warehouse] [org.springframework.amqp.rabbit.RabbitListenerEndpointContainer#1-1] c.zh.mapper.InventoryLogMapper.insert    : <==    Updates: 1
23:49:20:420 DEBUG 66996 --- [warehouse] [org.springframework.amqp.rabbit.RabbitListenerEndpointContainer#1-1] com.zh.mapper.ProductMapper.selectById   : ==>  Preparing: SELECT id,sku,name,category,unit,price,low_stock_threshold,created_at,updated_at FROM product WHERE id=?
23:49:20:422 DEBUG 66996 --- [warehouse] [org.springframework.amqp.rabbit.RabbitListenerEndpointContainer#1-1] com.zh.mapper.ProductMapper.selectById   : ==> Parameters: 1(Long)
23:49:20:426 DEBUG 66996 --- [warehouse] [org.springframework.amqp.rabbit.RabbitListenerEndpointContainer#1-1] com.zh.mapper.ProductMapper.selectById   : <==      Total: 1
23:49:20:431 DEBUG 66996 --- [warehouse] [org.springframework.amqp.rabbit.RabbitListenerEndpointContainer#1-1] c.z.m.InventoryMapper.selectWithCursor   : ==>  Preparing: SELECT id,product_id,quantity,reserved_quantity,version,updated_at FROM inventory WHERE (product_id = ?)
23:49:20:433 DEBUG 66996 --- [warehouse] [org.springframework.amqp.rabbit.RabbitListenerEndpointContainer#1-1] c.z.m.InventoryMapper.selectWithCursor   : ==> Parameters: 1(Long)
23:49:20:435 DEBUG 66996 --- [warehouse] [org.springframework.amqp.rabbit.RabbitListenerEndpointContainer#1-1] c.z.m.InventoryMapper.selectWithCursor   : <==      Total: 1
23:49:20:436 DEBUG 66996 --- [warehouse] [org.springframework.amqp.rabbit.RabbitListenerEndpointContainer#1-1] com.zh.mapper.OrdersMapper.updateById    : ==>  Preparing: UPDATE orders SET order_no=?, type=?, status=?, total_quantity=?, operator_id=?, operator_name=?, remark=?, created_at=?, confirmed_at=? WHERE id=?
23:49:20:439 DEBUG 66996 --- [warehouse] [org.springframework.amqp.rabbit.RabbitListenerEndpointContainer#1-1] com.zh.mapper.OrdersMapper.updateById    : ==> Parameters: IN202608040001(String), INBOUND(String), CONFIRMED(String), 5(Integer), 1(Long), 管理员(String), 阿迪达斯(String), 2026-08-04T00:32:52(LocalDateTime), 2026-08-04T23:49:20.436742(LocalDateTime), 7(Long)
23:49:20:442 DEBUG 66996 --- [warehouse] [org.springframework.amqp.rabbit.RabbitListenerEndpointContainer#1-1] com.zh.mapper.OrdersMapper.updateById    : <==    Updates: 1
23:49:20:443  INFO 66996 --- [warehouse] [org.springframework.amqp.rabbit.RabbitListenerEndpointContainer#1-1] c.z.s.impl.OrderConfirmServiceImpl       : 入库确认处理完成, orderId=7
23:49:20:627 DEBUG 66996 --- [warehouse] [http-nio-8000-exec-5] com.zh.mapper.OrdersMapper.selectList    : ==>  Preparing: SELECT id,order_no,type,status,total_quantity,operator_id,operator_name,remark,created_at,confirmed_at FROM orders ORDER BY created_at DESC
23:49:20:628 DEBUG 66996 --- [warehouse] [http-nio-8000-exec-5] com.zh.mapper.OrdersMapper.selectList    : ==> Parameters: 
23:49:20:651 DEBUG 66996 --- [warehouse] [http-nio-8000-exec-5] com.zh.mapper.OrdersMapper.selectList    : <==      Total: 22
23:49:20:656 DEBUG 66996 --- [warehouse] [http-nio-8000-exec-5] c.zh.mapper.OrderItemMapper.selectList   : ==>  Preparing: SELECT id,order_id,product_id,product_name,quantity FROM order_item WHERE (order_id IN (?,?,?,?,?,?,?,?,?,?,?,?,?,?,?,?,?,?,?,?,?,?))
23:49:20:661 DEBUG 66996 --- [warehouse] [http-nio-8000-exec-5] c.zh.mapper.OrderItemMapper.selectList   : ==> Parameters: 22(Long), 21(Long), 20(Long), 19(Long), 18(Long), 17(Long), 16(Long), 15(Long), 14(Long), 13(Long), 12(Long), 11(Long), 10(Long), 9(Long), 8(Long), 7(Long), 6(Long), 5(Long), 4(Long), 2(Long), 3(Long), 1(Long)
23:49:20:670 DEBUG 66996 --- [warehouse] [http-nio-8000-exec-5] c.zh.mapper.OrderItemMapper.selectList   : <==      Total: 25
23:49:20:892 DEBUG 66996 --- [warehouse] [http-nio-8000-exec-7] com.zh.mapper.OrdersMapper.selectList    : ==>  Preparing: SELECT id,order_no,type,status,total_quantity,operator_id,operator_name,remark,created_at,confirmed_at FROM orders ORDER BY created_at DESC
23:49:20:893 DEBUG 66996 --- [warehouse] [http-nio-8000-exec-7] com.zh.mapper.OrdersMapper.selectList    : ==> Parameters: 
23:49:20:899 DEBUG 66996 --- [warehouse] [http-nio-8000-exec-7] com.zh.mapper.OrdersMapper.selectList    : <==      Total: 22
23:49:20:907 DEBUG 66996 --- [warehouse] [http-nio-8000-exec-7] c.zh.mapper.OrderItemMapper.selectList   : ==>  Preparing: SELECT id,order_id,product_id,product_name,quantity FROM order_item WHERE (order_id IN (?,?,?,?,?,?,?,?,?,?,?,?,?,?,?,?,?,?,?,?,?,?))
23:49:20:910 DEBUG 66996 --- [warehouse] [http-nio-8000-exec-7] c.zh.mapper.OrderItemMapper.selectList   : ==> Parameters: 22(Long), 21(Long), 20(Long), 19(Long), 18(Long), 17(Long), 16(Long), 15(Long), 14(Long), 13(Long), 12(Long), 11(Long), 10(Long), 9(Long), 8(Long), 7(Long), 6(Long), 5(Long), 4(Long), 2(Long), 3(Long), 1(Long)
23:49:20:915 DEBUG 66996 --- [warehouse] [http-nio-8000-exec-7] c.zh.mapper.OrderItemMapper.selectList   : <==      Total: 25
23:49:21:847 DEBUG 66996 --- [warehouse] [http-nio-8000-exec-6] com.zh.mapper.ProductMapper.selectList   : ==>  Preparing: SELECT id,sku,name,category,unit,price,low_stock_threshold,created_at,updated_at FROM product
23:49:21:850 DEBUG 66996 --- [warehouse] [http-nio-8000-exec-6] com.zh.mapper.ProductMapper.selectList   : ==> Parameters: 
23:49:21:853 DEBUG 66996 --- [warehouse] [http-nio-8000-exec-6] com.zh.mapper.ProductMapper.selectList   : <==      Total: 11
23:49:21:876 DEBUG 66996 --- [warehouse] [http-nio-8000-exec-6] c.zh.mapper.InventoryMapper.selectList   : ==>  Preparing: SELECT id,product_id,quantity,reserved_quantity,version,updated_at FROM inventory WHERE (product_id IN (?,?))
23:49:21:877 DEBUG 66996 --- [warehouse] [http-nio-8000-exec-6] c.zh.mapper.InventoryMapper.selectList   : ==> Parameters: 1(Long), 11(Long)
23:49:21:880 DEBUG 66996 --- [warehouse] [http-nio-8000-exec-6] c.zh.mapper.InventoryMapper.selectList   : <==      Total: 1
23:49:23:780 DEBUG 66996 --- [warehouse] [http-nio-8000-exec-9] com.zh.mapper.OrdersMapper.selectList    : ==>  Preparing: SELECT id,order_no,type,status,total_quantity,operator_id,operator_name,remark,created_at,confirmed_at FROM orders ORDER BY created_at DESC
23:49:23:782 DEBUG 66996 --- [warehouse] [http-nio-8000-exec-9] com.zh.mapper.OrdersMapper.selectList    : ==> Parameters: 
23:49:23:786 DEBUG 66996 --- [warehouse] [http-nio-8000-exec-9] com.zh.mapper.OrdersMapper.selectList    : <==      Total: 22
23:49:23:790 DEBUG 66996 --- [warehouse] [http-nio-8000-exec-9] c.zh.mapper.OrderItemMapper.selectList   : ==>  Preparing: SELECT id,order_id,product_id,product_name,quantity FROM order_item WHERE (order_id IN (?,?,?,?,?,?,?,?,?,?,?,?,?,?,?,?,?,?,?,?,?,?))
23:49:23:792 DEBUG 66996 --- [warehouse] [http-nio-8000-exec-9] c.zh.mapper.OrderItemMapper.selectList   : ==> Parameters: 22(Long), 21(Long), 20(Long), 19(Long), 18(Long), 17(Long), 16(Long), 15(Long), 14(Long), 13(Long), 12(Long), 11(Long), 10(Long), 9(Long), 8(Long), 7(Long), 6(Long), 5(Long), 4(Long), 2(Long), 3(Long), 1(Long)
23:49:23:795 DEBUG 66996 --- [warehouse] [http-nio-8000-exec-9] c.zh.mapper.OrderItemMapper.selectList   : <==      Total: 25
23:49:24:841 DEBUG 66996 --- [warehouse] [http-nio-8000-exec-10] com.zh.mapper.OrdersMapper.selectById    : ==>  Preparing: SELECT id,order_no,type,status,total_quantity,operator_id,operator_name,remark,created_at,confirmed_at FROM orders WHERE id=?
23:49:24:842 DEBUG 66996 --- [warehouse] [http-nio-8000-exec-10] com.zh.mapper.OrdersMapper.selectById    : ==> Parameters: 6(Long)
23:49:24:844 DEBUG 66996 --- [warehouse] [http-nio-8000-exec-10] com.zh.mapper.OrdersMapper.selectById    : <==      Total: 1
23:49:24:846 DEBUG 66996 --- [warehouse] [http-nio-8000-exec-10] com.zh.mapper.OrdersMapper.updateById    : ==>  Preparing: UPDATE orders SET order_no=?, type=?, status=?, total_quantity=?, operator_id=?, operator_name=?, remark=?, created_at=? WHERE id=?
23:49:24:847 DEBUG 66996 --- [warehouse] [http-nio-8000-exec-10] com.zh.mapper.OrdersMapper.updateById    : ==> Parameters: IN202608030002(String), INBOUND(String), CONFIRMING(String), 1(Integer), 1(Long), 管理员(String), 惹我认为(String), 2026-08-03T19:45:31(LocalDateTime), 6(Long)
23:49:24:889 DEBUG 66996 --- [warehouse] [http-nio-8000-exec-10] com.zh.mapper.OrdersMapper.updateById    : <==    Updates: 1
23:49:24:902 DEBUG 66996 --- [warehouse] [org.springframework.amqp.rabbit.RabbitListenerEndpointContainer#1-1] com.zh.mapper.OrdersMapper.selectById    : ==>  Preparing: SELECT id,order_no,type,status,total_quantity,operator_id,operator_name,remark,created_at,confirmed_at FROM orders WHERE id=?
23:49:24:903 DEBUG 66996 --- [warehouse] [org.springframework.amqp.rabbit.RabbitListenerEndpointContainer#1-1] com.zh.mapper.OrdersMapper.selectById    : ==> Parameters: 6(Long)
23:49:24:907 DEBUG 66996 --- [warehouse] [org.springframework.amqp.rabbit.RabbitListenerEndpointContainer#1-1] com.zh.mapper.OrdersMapper.selectById    : <==      Total: 1
23:49:24:908 DEBUG 66996 --- [warehouse] [org.springframework.amqp.rabbit.RabbitListenerEndpointContainer#1-1] c.z.m.InventoryLogMapper.selectCount     : ==>  Preparing: SELECT COUNT( * ) AS total FROM inventory_log WHERE (order_id = ?)
23:49:24:909 DEBUG 66996 --- [warehouse] [org.springframework.amqp.rabbit.RabbitListenerEndpointContainer#1-1] c.z.m.InventoryLogMapper.selectCount     : ==> Parameters: 6(Long)
23:49:24:912 DEBUG 66996 --- [warehouse] [org.springframework.amqp.rabbit.RabbitListenerEndpointContainer#1-1] c.z.m.InventoryLogMapper.selectCount     : <==      Total: 1
23:49:24:914 DEBUG 66996 --- [warehouse] [org.springframework.amqp.rabbit.RabbitListenerEndpointContainer#1-1] c.zh.mapper.OrderItemMapper.selectList   : ==>  Preparing: SELECT id,order_id,product_id,product_name,quantity FROM order_item WHERE (order_id = ?)
23:49:24:915 DEBUG 66996 --- [warehouse] [org.springframework.amqp.rabbit.RabbitListenerEndpointContainer#1-1] c.zh.mapper.OrderItemMapper.selectList   : ==> Parameters: 6(Long)
23:49:24:917 DEBUG 66996 --- [warehouse] [org.springframework.amqp.rabbit.RabbitListenerEndpointContainer#1-1] c.zh.mapper.OrderItemMapper.selectList   : <==      Total: 1
23:49:24:920 DEBUG 66996 --- [warehouse] [org.springframework.amqp.rabbit.RabbitListenerEndpointContainer#1-1] c.z.m.InventoryMapper.selectWithCursor   : ==>  Preparing: SELECT id,product_id,quantity,reserved_quantity,version,updated_at FROM inventory WHERE (product_id = ?)
23:49:24:921 DEBUG 66996 --- [warehouse] [org.springframework.amqp.rabbit.RabbitListenerEndpointContainer#1-1] c.z.m.InventoryMapper.selectWithCursor   : ==> Parameters: 2(Long)
23:49:24:924 DEBUG 66996 --- [warehouse] [org.springframework.amqp.rabbit.RabbitListenerEndpointContainer#1-1] c.z.m.InventoryMapper.selectWithCursor   : <==      Total: 1
23:49:24:926 DEBUG 66996 --- [warehouse] [org.springframework.amqp.rabbit.RabbitListenerEndpointContainer#1-1] com.zh.mapper.InventoryMapper.update     : ==>  Preparing: UPDATE inventory SET quantity = quantity + ?,updated_at=? WHERE (id = ?)
23:49:24:927 DEBUG 66996 --- [warehouse] [org.springframework.amqp.rabbit.RabbitListenerEndpointContainer#1-1] com.zh.mapper.InventoryMapper.update     : ==> Parameters: 1(Integer), 2026-08-04T23:49:24.925181400(LocalDateTime), 2(Long)
23:49:24:930 DEBUG 66996 --- [warehouse] [org.springframework.amqp.rabbit.RabbitListenerEndpointContainer#1-1] com.zh.mapper.InventoryMapper.update     : <==    Updates: 1
23:49:24:935 DEBUG 66996 --- [warehouse] [org.springframework.amqp.rabbit.RabbitListenerEndpointContainer#1-1] c.z.m.InventoryMapper.selectWithCursor   : ==>  Preparing: SELECT id,product_id,quantity,reserved_quantity,version,updated_at FROM inventory WHERE (product_id = ?)
23:49:24:936 DEBUG 66996 --- [warehouse] [org.springframework.amqp.rabbit.RabbitListenerEndpointContainer#1-1] c.z.m.InventoryMapper.selectWithCursor   : ==> Parameters: 2(Long)
23:49:24:943 DEBUG 66996 --- [warehouse] [org.springframework.amqp.rabbit.RabbitListenerEndpointContainer#1-1] c.z.m.InventoryMapper.selectWithCursor   : <==      Total: 1
23:49:24:944 DEBUG 66996 --- [warehouse] [org.springframework.amqp.rabbit.RabbitListenerEndpointContainer#1-1] c.zh.mapper.InventoryLogMapper.insert    : ==>  Preparing: INSERT INTO inventory_log ( product_id, change_type, change_quantity, before_quantity, after_quantity, order_id, created_at ) VALUES ( ?, ?, ?, ?, ?, ?, ? )
23:49:24:946 DEBUG 66996 --- [warehouse] [org.springframework.amqp.rabbit.RabbitListenerEndpointContainer#1-1] c.zh.mapper.InventoryLogMapper.insert    : ==> Parameters: 2(Long), INBOUND(String), 1(Integer), 53(Integer), 54(Integer), 6(Long), 2026-08-04T23:49:24.943849500(LocalDateTime)
23:49:24:950 DEBUG 66996 --- [warehouse] [org.springframework.amqp.rabbit.RabbitListenerEndpointContainer#1-1] c.zh.mapper.InventoryLogMapper.insert    : <==    Updates: 1
23:49:24:954 DEBUG 66996 --- [warehouse] [org.springframework.amqp.rabbit.RabbitListenerEndpointContainer#1-1] com.zh.mapper.ProductMapper.selectById   : ==>  Preparing: SELECT id,sku,name,category,unit,price,low_stock_threshold,created_at,updated_at FROM product WHERE id=?
23:49:24:955 DEBUG 66996 --- [warehouse] [org.springframework.amqp.rabbit.RabbitListenerEndpointContainer#1-1] com.zh.mapper.ProductMapper.selectById   : ==> Parameters: 2(Long)
23:49:24:959 DEBUG 66996 --- [warehouse] [org.springframework.amqp.rabbit.RabbitListenerEndpointContainer#1-1] com.zh.mapper.ProductMapper.selectById   : <==      Total: 1
23:49:24:968 DEBUG 66996 --- [warehouse] [org.springframework.amqp.rabbit.RabbitListenerEndpointContainer#1-1] c.z.m.InventoryMapper.selectWithCursor   : ==>  Preparing: SELECT id,product_id,quantity,reserved_quantity,version,updated_at FROM inventory WHERE (product_id = ?)
23:49:24:971 DEBUG 66996 --- [warehouse] [org.springframework.amqp.rabbit.RabbitListenerEndpointContainer#1-1] c.z.m.InventoryMapper.selectWithCursor   : ==> Parameters: 2(Long)
23:49:24:975 DEBUG 66996 --- [warehouse] [org.springframework.amqp.rabbit.RabbitListenerEndpointContainer#1-1] c.z.m.InventoryMapper.selectWithCursor   : <==      Total: 1
23:49:24:977 DEBUG 66996 --- [warehouse] [org.springframework.amqp.rabbit.RabbitListenerEndpointContainer#1-1] com.zh.mapper.OrdersMapper.updateById    : ==>  Preparing: UPDATE orders SET order_no=?, type=?, status=?, total_quantity=?, operator_id=?, operator_name=?, remark=?, created_at=?, confirmed_at=? WHERE id=?
23:49:24:980 DEBUG 66996 --- [warehouse] [org.springframework.amqp.rabbit.RabbitListenerEndpointContainer#1-1] com.zh.mapper.OrdersMapper.updateById    : ==> Parameters: IN202608030002(String), INBOUND(String), CONFIRMED(String), 1(Integer), 1(Long), 管理员(String), 惹我认为(String), 2026-08-03T19:45:31(LocalDateTime), 2026-08-04T23:49:24.976122600(LocalDateTime), 6(Long)
23:49:24:982 DEBUG 66996 --- [warehouse] [org.springframework.amqp.rabbit.RabbitListenerEndpointContainer#1-1] com.zh.mapper.OrdersMapper.updateById    : <==    Updates: 1
23:49:24:983  INFO 66996 --- [warehouse] [org.springframework.amqp.rabbit.RabbitListenerEndpointContainer#1-1] c.z.s.impl.OrderConfirmServiceImpl       : 入库确认处理完成, orderId=6
23:49:25:231 DEBUG 66996 --- [warehouse] [http-nio-8000-exec-8] com.zh.mapper.OrdersMapper.selectList    : ==>  Preparing: SELECT id,order_no,type,status,total_quantity,operator_id,operator_name,remark,created_at,confirmed_at FROM orders ORDER BY created_at DESC
23:49:25:232 DEBUG 66996 --- [warehouse] [http-nio-8000-exec-8] com.zh.mapper.OrdersMapper.selectList    : ==> Parameters: 
23:49:25:238 DEBUG 66996 --- [warehouse] [http-nio-8000-exec-8] com.zh.mapper.OrdersMapper.selectList    : <==      Total: 22
23:49:25:243 DEBUG 66996 --- [warehouse] [http-nio-8000-exec-8] c.zh.mapper.OrderItemMapper.selectList   : ==>  Preparing: SELECT id,order_id,product_id,product_name,quantity FROM order_item WHERE (order_id IN (?,?,?,?,?,?,?,?,?,?,?,?,?,?,?,?,?,?,?,?,?,?))
23:49:25:246 DEBUG 66996 --- [warehouse] [http-nio-8000-exec-8] c.zh.mapper.OrderItemMapper.selectList   : ==> Parameters: 22(Long), 21(Long), 20(Long), 19(Long), 18(Long), 17(Long), 16(Long), 15(Long), 14(Long), 13(Long), 12(Long), 11(Long), 10(Long), 9(Long), 8(Long), 7(Long), 6(Long), 5(Long), 4(Long), 2(Long), 3(Long), 1(Long)
23:49:25:254 DEBUG 66996 --- [warehouse] [http-nio-8000-exec-8] c.zh.mapper.OrderItemMapper.selectList   : <==      Total: 25
23:49:25:501 DEBUG 66996 --- [warehouse] [http-nio-8000-exec-1] com.zh.mapper.OrdersMapper.selectList    : ==>  Preparing: SELECT id,order_no,type,status,total_quantity,operator_id,operator_name,remark,created_at,confirmed_at FROM orders ORDER BY created_at DESC
23:49:25:502 DEBUG 66996 --- [warehouse] [http-nio-8000-exec-1] com.zh.mapper.OrdersMapper.selectList    : ==> Parameters: 
23:49:25:513 DEBUG 66996 --- [warehouse] [http-nio-8000-exec-1] com.zh.mapper.OrdersMapper.selectList    : <==      Total: 22
23:49:25:520 DEBUG 66996 --- [warehouse] [http-nio-8000-exec-1] c.zh.mapper.OrderItemMapper.selectList   : ==>  Preparing: SELECT id,order_id,product_id,product_name,quantity FROM order_item WHERE (order_id IN (?,?,?,?,?,?,?,?,?,?,?,?,?,?,?,?,?,?,?,?,?,?))
23:49:25:531 DEBUG 66996 --- [warehouse] [http-nio-8000-exec-1] c.zh.mapper.OrderItemMapper.selectList   : ==> Parameters: 22(Long), 21(Long), 20(Long), 19(Long), 18(Long), 17(Long), 16(Long), 15(Long), 14(Long), 13(Long), 12(Long), 11(Long), 10(Long), 9(Long), 8(Long), 7(Long), 6(Long), 5(Long), 4(Long), 2(Long), 3(Long), 1(Long)
23:49:25:535 DEBUG 66996 --- [warehouse] [http-nio-8000-exec-1] c.zh.mapper.OrderItemMapper.selectList   : <==      Total: 25
23:49:32:564 DEBUG 66996 --- [warehouse] [http-nio-8000-exec-4] com.zh.mapper.OrdersMapper.selectList    : ==>  Preparing: SELECT id,order_no,type,status,total_quantity,operator_id,operator_name,remark,created_at,confirmed_at FROM orders ORDER BY created_at DESC
23:49:32:565 DEBUG 66996 --- [warehouse] [http-nio-8000-exec-4] com.zh.mapper.OrdersMapper.selectList    : ==> Parameters: 
23:49:32:568 DEBUG 66996 --- [warehouse] [http-nio-8000-exec-4] com.zh.mapper.OrdersMapper.selectList    : <==      Total: 22
23:49:32:570 DEBUG 66996 --- [warehouse] [http-nio-8000-exec-4] c.zh.mapper.OrderItemMapper.selectList   : ==>  Preparing: SELECT id,order_id,product_id,product_name,quantity FROM order_item WHERE (order_id IN (?,?,?,?,?,?,?,?,?,?,?,?,?,?,?,?,?,?,?,?,?,?))
23:49:32:571 DEBUG 66996 --- [warehouse] [http-nio-8000-exec-4] c.zh.mapper.OrderItemMapper.selectList   : ==> Parameters: 22(Long), 21(Long), 20(Long), 19(Long), 18(Long), 17(Long), 16(Long), 15(Long), 14(Long), 13(Long), 12(Long), 11(Long), 10(Long), 9(Long), 8(Long), 7(Long), 6(Long), 5(Long), 4(Long), 2(Long), 3(Long), 1(Long)
23:49:32:574 DEBUG 66996 --- [warehouse] [http-nio-8000-exec-4] c.zh.mapper.OrderItemMapper.selectList   : <==      Total: 25
23:49:35:666 DEBUG 66996 --- [warehouse] [http-nio-8000-exec-3] com.zh.mapper.OrdersMapper.selectList    : ==>  Preparing: SELECT id,order_no,type,status,total_quantity,operator_id,operator_name,remark,created_at,confirmed_at FROM orders WHERE (status = ?) ORDER BY created_at DESC
23:49:35:668 DEBUG 66996 --- [warehouse] [http-nio-8000-exec-3] com.zh.mapper.OrdersMapper.selectList    : ==> Parameters: CREATED(String)
23:49:35:670 DEBUG 66996 --- [warehouse] [http-nio-8000-exec-3] com.zh.mapper.OrdersMapper.selectList    : <==      Total: 1
23:49:35:673 DEBUG 66996 --- [warehouse] [http-nio-8000-exec-3] c.zh.mapper.OrderItemMapper.selectList   : ==>  Preparing: SELECT id,order_id,product_id,product_name,quantity FROM order_item WHERE (order_id IN (?))
23:49:35:674 DEBUG 66996 --- [warehouse] [http-nio-8000-exec-3] c.zh.mapper.OrderItemMapper.selectList   : ==> Parameters: 5(Long)
23:49:35:675 DEBUG 66996 --- [warehouse] [http-nio-8000-exec-3] c.zh.mapper.OrderItemMapper.selectList   : <==      Total: 1
23:49:36:658 DEBUG 66996 --- [warehouse] [http-nio-8000-exec-2] com.zh.mapper.OrdersMapper.selectList    : ==>  Preparing: SELECT id,order_no,type,status,total_quantity,operator_id,operator_name,remark,created_at,confirmed_at FROM orders WHERE (status = ?) ORDER BY created_at DESC
23:49:36:658 DEBUG 66996 --- [warehouse] [http-nio-8000-exec-2] com.zh.mapper.OrdersMapper.selectList    : ==> Parameters: RESERVED(String)
23:49:36:661 DEBUG 66996 --- [warehouse] [http-nio-8000-exec-2] com.zh.mapper.OrdersMapper.selectList    : <==      Total: 0
23:49:39:026 DEBUG 66996 --- [warehouse] [http-nio-8000-exec-5] com.zh.mapper.OrdersMapper.selectList    : ==>  Preparing: SELECT id,order_no,type,status,total_quantity,operator_id,operator_name,remark,created_at,confirmed_at FROM orders WHERE (status = ?) ORDER BY created_at DESC
23:49:39:027 DEBUG 66996 --- [warehouse] [http-nio-8000-exec-5] com.zh.mapper.OrdersMapper.selectList    : ==> Parameters: CONFIRMED(String)
23:49:39:035 DEBUG 66996 --- [warehouse] [http-nio-8000-exec-5] com.zh.mapper.OrdersMapper.selectList    : <==      Total: 14
23:49:39:037 DEBUG 66996 --- [warehouse] [http-nio-8000-exec-5] c.zh.mapper.OrderItemMapper.selectList   : ==>  Preparing: SELECT id,order_id,product_id,product_name,quantity FROM order_item WHERE (order_id IN (?,?,?,?,?,?,?,?,?,?,?,?,?,?))
23:49:39:040 DEBUG 66996 --- [warehouse] [http-nio-8000-exec-5] c.zh.mapper.OrderItemMapper.selectList   : ==> Parameters: 22(Long), 21(Long), 20(Long), 17(Long), 15(Long), 14(Long), 13(Long), 12(Long), 8(Long), 7(Long), 6(Long), 2(Long), 3(Long), 1(Long)
23:49:39:043 DEBUG 66996 --- [warehouse] [http-nio-8000-exec-5] c.zh.mapper.OrderItemMapper.selectList   : <==      Total: 17
23:49:40:028 DEBUG 66996 --- [warehouse] [http-nio-8000-exec-7] com.zh.mapper.OrdersMapper.selectList    : ==>  Preparing: SELECT id,order_no,type,status,total_quantity,operator_id,operator_name,remark,created_at,confirmed_at FROM orders ORDER BY created_at DESC
23:49:40:030 DEBUG 66996 --- [warehouse] [http-nio-8000-exec-7] com.zh.mapper.OrdersMapper.selectList    : ==> Parameters: 
23:49:40:033 DEBUG 66996 --- [warehouse] [http-nio-8000-exec-7] com.zh.mapper.OrdersMapper.selectList    : <==      Total: 22
23:49:40:036 DEBUG 66996 --- [warehouse] [http-nio-8000-exec-7] c.zh.mapper.OrderItemMapper.selectList   : ==>  Preparing: SELECT id,order_id,product_id,product_name,quantity FROM order_item WHERE (order_id IN (?,?,?,?,?,?,?,?,?,?,?,?,?,?,?,?,?,?,?,?,?,?))
23:49:40:036 DEBUG 66996 --- [warehouse] [http-nio-8000-exec-7] c.zh.mapper.OrderItemMapper.selectList   : ==> Parameters: 22(Long), 21(Long), 20(Long), 19(Long), 18(Long), 17(Long), 16(Long), 15(Long), 14(Long), 13(Long), 12(Long), 11(Long), 10(Long), 9(Long), 8(Long), 7(Long), 6(Long), 5(Long), 4(Long), 2(Long), 3(Long), 1(Long)
23:49:40:041 DEBUG 66996 --- [warehouse] [http-nio-8000-exec-7] c.zh.mapper.OrderItemMapper.selectList   : <==      Total: 25
23:49:41:262 DEBUG 66996 --- [warehouse] [http-nio-8000-exec-6] com.zh.mapper.OrdersMapper.selectList    : ==>  Preparing: SELECT id,order_no,type,status,total_quantity,operator_id,operator_name,remark,created_at,confirmed_at FROM orders WHERE (type = ?) ORDER BY created_at DESC
23:49:41:263 DEBUG 66996 --- [warehouse] [http-nio-8000-exec-6] com.zh.mapper.OrdersMapper.selectList    : ==> Parameters: INBOUND(String)
23:49:41:266 DEBUG 66996 --- [warehouse] [http-nio-8000-exec-6] com.zh.mapper.OrdersMapper.selectList    : <==      Total: 9
23:49:41:268 DEBUG 66996 --- [warehouse] [http-nio-8000-exec-6] c.zh.mapper.OrderItemMapper.selectList   : ==>  Preparing: SELECT id,order_id,product_id,product_name,quantity FROM order_item WHERE (order_id IN (?,?,?,?,?,?,?,?,?))
23:49:41:269 DEBUG 66996 --- [warehouse] [http-nio-8000-exec-6] c.zh.mapper.OrderItemMapper.selectList   : ==> Parameters: 15(Long), 12(Long), 10(Long), 8(Long), 7(Long), 6(Long), 5(Long), 2(Long), 1(Long)
23:49:41:271 DEBUG 66996 --- [warehouse] [http-nio-8000-exec-6] c.zh.mapper.OrderItemMapper.selectList   : <==      Total: 11
23:49:41:885 DEBUG 66996 --- [warehouse] [http-nio-8000-exec-9] com.zh.mapper.OrdersMapper.selectList    : ==>  Preparing: SELECT id,order_no,type,status,total_quantity,operator_id,operator_name,remark,created_at,confirmed_at FROM orders WHERE (type = ?) ORDER BY created_at DESC
23:49:41:886 DEBUG 66996 --- [warehouse] [http-nio-8000-exec-9] com.zh.mapper.OrdersMapper.selectList    : ==> Parameters: OUTBOUND(String)
23:49:41:890 DEBUG 66996 --- [warehouse] [http-nio-8000-exec-9] com.zh.mapper.OrdersMapper.selectList    : <==      Total: 13
23:49:41:893 DEBUG 66996 --- [warehouse] [http-nio-8000-exec-9] c.zh.mapper.OrderItemMapper.selectList   : ==>  Preparing: SELECT id,order_id,product_id,product_name,quantity FROM order_item WHERE (order_id IN (?,?,?,?,?,?,?,?,?,?,?,?,?))
23:49:41:894 DEBUG 66996 --- [warehouse] [http-nio-8000-exec-9] c.zh.mapper.OrderItemMapper.selectList   : ==> Parameters: 22(Long), 21(Long), 20(Long), 19(Long), 18(Long), 17(Long), 16(Long), 14(Long), 13(Long), 11(Long), 9(Long), 4(Long), 3(Long)
23:49:41:897 DEBUG 66996 --- [warehouse] [http-nio-8000-exec-9] c.zh.mapper.OrderItemMapper.selectList   : <==      Total: 14
23:49:43:225 DEBUG 66996 --- [warehouse] [http-nio-8000-exec-10] com.zh.mapper.OrdersMapper.selectList    : ==>  Preparing: SELECT id,order_no,type,status,total_quantity,operator_id,operator_name,remark,created_at,confirmed_at FROM orders WHERE (type = ?) ORDER BY created_at DESC
23:49:43:227 DEBUG 66996 --- [warehouse] [http-nio-8000-exec-10] com.zh.mapper.OrdersMapper.selectList    : ==> Parameters: INBOUND(String)
23:49:43:231 DEBUG 66996 --- [warehouse] [http-nio-8000-exec-10] com.zh.mapper.OrdersMapper.selectList    : <==      Total: 9
23:49:43:233 DEBUG 66996 --- [warehouse] [http-nio-8000-exec-10] c.zh.mapper.OrderItemMapper.selectList   : ==>  Preparing: SELECT id,order_id,product_id,product_name,quantity FROM order_item WHERE (order_id IN (?,?,?,?,?,?,?,?,?))
23:49:43:234 DEBUG 66996 --- [warehouse] [http-nio-8000-exec-10] c.zh.mapper.OrderItemMapper.selectList   : ==> Parameters: 15(Long), 12(Long), 10(Long), 8(Long), 7(Long), 6(Long), 5(Long), 2(Long), 1(Long)
23:49:43:237 DEBUG 66996 --- [warehouse] [http-nio-8000-exec-10] c.zh.mapper.OrderItemMapper.selectList   : <==      Total: 11
23:49:44:548 DEBUG 66996 --- [warehouse] [http-nio-8000-exec-8] com.zh.mapper.OrdersMapper.selectList    : ==>  Preparing: SELECT id,order_no,type,status,total_quantity,operator_id,operator_name,remark,created_at,confirmed_at FROM orders ORDER BY created_at DESC
23:49:44:550 DEBUG 66996 --- [warehouse] [http-nio-8000-exec-8] com.zh.mapper.OrdersMapper.selectList    : ==> Parameters: 
23:49:44:554 DEBUG 66996 --- [warehouse] [http-nio-8000-exec-8] com.zh.mapper.OrdersMapper.selectList    : <==      Total: 22
23:49:44:557 DEBUG 66996 --- [warehouse] [http-nio-8000-exec-8] c.zh.mapper.OrderItemMapper.selectList   : ==>  Preparing: SELECT id,order_id,product_id,product_name,quantity FROM order_item WHERE (order_id IN (?,?,?,?,?,?,?,?,?,?,?,?,?,?,?,?,?,?,?,?,?,?))
23:49:44:558 DEBUG 66996 --- [warehouse] [http-nio-8000-exec-8] c.zh.mapper.OrderItemMapper.selectList   : ==> Parameters: 22(Long), 21(Long), 20(Long), 19(Long), 18(Long), 17(Long), 16(Long), 15(Long), 14(Long), 13(Long), 12(Long), 11(Long), 10(Long), 9(Long), 8(Long), 7(Long), 6(Long), 5(Long), 4(Long), 2(Long), 3(Long), 1(Long)
23:49:44:561 DEBUG 66996 --- [warehouse] [http-nio-8000-exec-8] c.zh.mapper.OrderItemMapper.selectList   : <==      Total: 25
23:50:05:741 DEBUG 66996 --- [warehouse] [http-nio-8000-exec-1] com.zh.mapper.OrdersMapper.selectById    : ==>  Preparing: SELECT id,order_no,type,status,total_quantity,operator_id,operator_name,remark,created_at,confirmed_at FROM orders WHERE id=?
23:50:05:742 DEBUG 66996 --- [warehouse] [http-nio-8000-exec-1] com.zh.mapper.OrdersMapper.selectById    : ==> Parameters: 5(Long)
23:50:05:782 DEBUG 66996 --- [warehouse] [http-nio-8000-exec-1] com.zh.mapper.OrdersMapper.selectById    : <==      Total: 1
23:50:05:783 DEBUG 66996 --- [warehouse] [http-nio-8000-exec-1] com.zh.mapper.OrdersMapper.updateById    : ==>  Preparing: UPDATE orders SET order_no=?, type=?, status=?, total_quantity=?, operator_id=?, operator_name=?, remark=?, created_at=? WHERE id=?
23:50:05:786 DEBUG 66996 --- [warehouse] [http-nio-8000-exec-1] com.zh.mapper.OrdersMapper.updateById    : ==> Parameters: IN202608030001(String), INBOUND(String), CONFIRMING(String), 1(Integer), 1(Long), 管理员(String), (String), 2026-08-03T19:44:55(LocalDateTime), 5(Long)
23:50:05:794 DEBUG 66996 --- [warehouse] [http-nio-8000-exec-1] com.zh.mapper.OrdersMapper.updateById    : <==    Updates: 1
23:50:05:809 DEBUG 66996 --- [warehouse] [org.springframework.amqp.rabbit.RabbitListenerEndpointContainer#1-1] com.zh.mapper.OrdersMapper.selectById    : ==>  Preparing: SELECT id,order_no,type,status,total_quantity,operator_id,operator_name,remark,created_at,confirmed_at FROM orders WHERE id=?
23:50:05:810 DEBUG 66996 --- [warehouse] [org.springframework.amqp.rabbit.RabbitListenerEndpointContainer#1-1] com.zh.mapper.OrdersMapper.selectById    : ==> Parameters: 5(Long)
23:50:05:812 DEBUG 66996 --- [warehouse] [org.springframework.amqp.rabbit.RabbitListenerEndpointContainer#1-1] com.zh.mapper.OrdersMapper.selectById    : <==      Total: 1
23:50:05:814 DEBUG 66996 --- [warehouse] [org.springframework.amqp.rabbit.RabbitListenerEndpointContainer#1-1] c.z.m.InventoryLogMapper.selectCount     : ==>  Preparing: SELECT COUNT( * ) AS total FROM inventory_log WHERE (order_id = ?)
23:50:05:814 DEBUG 66996 --- [warehouse] [org.springframework.amqp.rabbit.RabbitListenerEndpointContainer#1-1] c.z.m.InventoryLogMapper.selectCount     : ==> Parameters: 5(Long)
23:50:05:816 DEBUG 66996 --- [warehouse] [org.springframework.amqp.rabbit.RabbitListenerEndpointContainer#1-1] c.z.m.InventoryLogMapper.selectCount     : <==      Total: 1
23:50:05:817 DEBUG 66996 --- [warehouse] [org.springframework.amqp.rabbit.RabbitListenerEndpointContainer#1-1] c.zh.mapper.OrderItemMapper.selectList   : ==>  Preparing: SELECT id,order_id,product_id,product_name,quantity FROM order_item WHERE (order_id = ?)
23:50:05:819 DEBUG 66996 --- [warehouse] [org.springframework.amqp.rabbit.RabbitListenerEndpointContainer#1-1] c.zh.mapper.OrderItemMapper.selectList   : ==> Parameters: 5(Long)
23:50:05:821 DEBUG 66996 --- [warehouse] [org.springframework.amqp.rabbit.RabbitListenerEndpointContainer#1-1] c.zh.mapper.OrderItemMapper.selectList   : <==      Total: 1
23:50:05:823 DEBUG 66996 --- [warehouse] [org.springframework.amqp.rabbit.RabbitListenerEndpointContainer#1-1] c.z.m.InventoryMapper.selectWithCursor   : ==>  Preparing: SELECT id,product_id,quantity,reserved_quantity,version,updated_at FROM inventory WHERE (product_id = ?)
23:50:05:827 DEBUG 66996 --- [warehouse] [org.springframework.amqp.rabbit.RabbitListenerEndpointContainer#1-1] c.z.m.InventoryMapper.selectWithCursor   : ==> Parameters: 2(Long)
23:50:05:829 DEBUG 66996 --- [warehouse] [org.springframework.amqp.rabbit.RabbitListenerEndpointContainer#1-1] c.z.m.InventoryMapper.selectWithCursor   : <==      Total: 1
23:50:05:832 DEBUG 66996 --- [warehouse] [org.springframework.amqp.rabbit.RabbitListenerEndpointContainer#1-1] com.zh.mapper.InventoryMapper.update     : ==>  Preparing: UPDATE inventory SET quantity = quantity + ?,updated_at=? WHERE (id = ?)
23:50:05:832 DEBUG 66996 --- [warehouse] [org.springframework.amqp.rabbit.RabbitListenerEndpointContainer#1-1] com.zh.mapper.InventoryMapper.update     : ==> Parameters: 1(Integer), 2026-08-04T23:50:05.830462700(LocalDateTime), 2(Long)
23:50:05:834 DEBUG 66996 --- [warehouse] [org.springframework.amqp.rabbit.RabbitListenerEndpointContainer#1-1] com.zh.mapper.InventoryMapper.update     : <==    Updates: 1
23:50:05:835 DEBUG 66996 --- [warehouse] [org.springframework.amqp.rabbit.RabbitListenerEndpointContainer#1-1] c.z.m.InventoryMapper.selectWithCursor   : ==>  Preparing: SELECT id,product_id,quantity,reserved_quantity,version,updated_at FROM inventory WHERE (product_id = ?)
23:50:05:837 DEBUG 66996 --- [warehouse] [org.springframework.amqp.rabbit.RabbitListenerEndpointContainer#1-1] c.z.m.InventoryMapper.selectWithCursor   : ==> Parameters: 2(Long)
23:50:05:839 DEBUG 66996 --- [warehouse] [org.springframework.amqp.rabbit.RabbitListenerEndpointContainer#1-1] c.z.m.InventoryMapper.selectWithCursor   : <==      Total: 1
23:50:05:841 DEBUG 66996 --- [warehouse] [org.springframework.amqp.rabbit.RabbitListenerEndpointContainer#1-1] c.zh.mapper.InventoryLogMapper.insert    : ==>  Preparing: INSERT INTO inventory_log ( product_id, change_type, change_quantity, before_quantity, after_quantity, order_id, created_at ) VALUES ( ?, ?, ?, ?, ?, ?, ? )
23:50:05:844 DEBUG 66996 --- [warehouse] [org.springframework.amqp.rabbit.RabbitListenerEndpointContainer#1-1] c.zh.mapper.InventoryLogMapper.insert    : ==> Parameters: 2(Long), INBOUND(String), 1(Integer), 54(Integer), 55(Integer), 5(Long), 2026-08-04T23:50:05.840274200(LocalDateTime)
23:50:05:847 DEBUG 66996 --- [warehouse] [org.springframework.amqp.rabbit.RabbitListenerEndpointContainer#1-1] c.zh.mapper.InventoryLogMapper.insert    : <==    Updates: 1
23:50:05:850 DEBUG 66996 --- [warehouse] [org.springframework.amqp.rabbit.RabbitListenerEndpointContainer#1-1] com.zh.mapper.ProductMapper.selectById   : ==>  Preparing: SELECT id,sku,name,category,unit,price,low_stock_threshold,created_at,updated_at FROM product WHERE id=?
23:50:05:851 DEBUG 66996 --- [warehouse] [org.springframework.amqp.rabbit.RabbitListenerEndpointContainer#1-1] com.zh.mapper.ProductMapper.selectById   : ==> Parameters: 2(Long)
23:50:05:853 DEBUG 66996 --- [warehouse] [org.springframework.amqp.rabbit.RabbitListenerEndpointContainer#1-1] com.zh.mapper.ProductMapper.selectById   : <==      Total: 1
23:50:05:855 DEBUG 66996 --- [warehouse] [org.springframework.amqp.rabbit.RabbitListenerEndpointContainer#1-1] c.z.m.InventoryMapper.selectWithCursor   : ==>  Preparing: SELECT id,product_id,quantity,reserved_quantity,version,updated_at FROM inventory WHERE (product_id = ?)
23:50:05:857 DEBUG 66996 --- [warehouse] [org.springframework.amqp.rabbit.RabbitListenerEndpointContainer#1-1] c.z.m.InventoryMapper.selectWithCursor   : ==> Parameters: 2(Long)
23:50:05:859 DEBUG 66996 --- [warehouse] [org.springframework.amqp.rabbit.RabbitListenerEndpointContainer#1-1] c.z.m.InventoryMapper.selectWithCursor   : <==      Total: 1
23:50:05:860 DEBUG 66996 --- [warehouse] [org.springframework.amqp.rabbit.RabbitListenerEndpointContainer#1-1] com.zh.mapper.OrdersMapper.updateById    : ==>  Preparing: UPDATE orders SET order_no=?, type=?, status=?, total_quantity=?, operator_id=?, operator_name=?, remark=?, created_at=?, confirmed_at=? WHERE id=?
23:50:05:861 DEBUG 66996 --- [warehouse] [org.springframework.amqp.rabbit.RabbitListenerEndpointContainer#1-1] com.zh.mapper.OrdersMapper.updateById    : ==> Parameters: IN202608030001(String), INBOUND(String), CONFIRMED(String), 1(Integer), 1(Long), 管理员(String), (String), 2026-08-03T19:44:55(LocalDateTime), 2026-08-04T23:50:05.860694700(LocalDateTime), 5(Long)
23:50:05:864 DEBUG 66996 --- [warehouse] [org.springframework.amqp.rabbit.RabbitListenerEndpointContainer#1-1] com.zh.mapper.OrdersMapper.updateById    : <==    Updates: 1
23:50:05:865  INFO 66996 --- [warehouse] [org.springframework.amqp.rabbit.RabbitListenerEndpointContainer#1-1] c.z.s.impl.OrderConfirmServiceImpl       : 入库确认处理完成, orderId=5
23:50:06:006 DEBUG 66996 --- [warehouse] [http-nio-8000-exec-4] com.zh.mapper.OrdersMapper.selectList    : ==>  Preparing: SELECT id,order_no,type,status,total_quantity,operator_id,operator_name,remark,created_at,confirmed_at FROM orders ORDER BY created_at DESC
23:50:06:008 DEBUG 66996 --- [warehouse] [http-nio-8000-exec-4] com.zh.mapper.OrdersMapper.selectList    : ==> Parameters: 
23:50:06:011 DEBUG 66996 --- [warehouse] [http-nio-8000-exec-4] com.zh.mapper.OrdersMapper.selectList    : <==      Total: 22
23:50:06:014 DEBUG 66996 --- [warehouse] [http-nio-8000-exec-4] c.zh.mapper.OrderItemMapper.selectList   : ==>  Preparing: SELECT id,order_id,product_id,product_name,quantity FROM order_item WHERE (order_id IN (?,?,?,?,?,?,?,?,?,?,?,?,?,?,?,?,?,?,?,?,?,?))
23:50:06:015 DEBUG 66996 --- [warehouse] [http-nio-8000-exec-4] c.zh.mapper.OrderItemMapper.selectList   : ==> Parameters: 22(Long), 21(Long), 20(Long), 19(Long), 18(Long), 17(Long), 16(Long), 15(Long), 14(Long), 13(Long), 12(Long), 11(Long), 10(Long), 9(Long), 8(Long), 7(Long), 6(Long), 5(Long), 4(Long), 2(Long), 3(Long), 1(Long)
23:50:06:020 DEBUG 66996 --- [warehouse] [http-nio-8000-exec-4] c.zh.mapper.OrderItemMapper.selectList   : <==      Total: 25
23:50:06:333 DEBUG 66996 --- [warehouse] [http-nio-8000-exec-3] com.zh.mapper.OrdersMapper.selectList    : ==>  Preparing: SELECT id,order_no,type,status,total_quantity,operator_id,operator_name,remark,created_at,confirmed_at FROM orders ORDER BY created_at DESC
23:50:06:334 DEBUG 66996 --- [warehouse] [http-nio-8000-exec-3] com.zh.mapper.OrdersMapper.selectList    : ==> Parameters: 
23:50:06:339 DEBUG 66996 --- [warehouse] [http-nio-8000-exec-3] com.zh.mapper.OrdersMapper.selectList    : <==      Total: 22
23:50:06:343 DEBUG 66996 --- [warehouse] [http-nio-8000-exec-3] c.zh.mapper.OrderItemMapper.selectList   : ==>  Preparing: SELECT id,order_id,product_id,product_name,quantity FROM order_item WHERE (order_id IN (?,?,?,?,?,?,?,?,?,?,?,?,?,?,?,?,?,?,?,?,?,?))
23:50:06:345 DEBUG 66996 --- [warehouse] [http-nio-8000-exec-3] c.zh.mapper.OrderItemMapper.selectList   : ==> Parameters: 22(Long), 21(Long), 20(Long), 19(Long), 18(Long), 17(Long), 16(Long), 15(Long), 14(Long), 13(Long), 12(Long), 11(Long), 10(Long), 9(Long), 8(Long), 7(Long), 6(Long), 5(Long), 4(Long), 2(Long), 3(Long), 1(Long)
23:50:06:349 DEBUG 66996 --- [warehouse] [http-nio-8000-exec-3] c.zh.mapper.OrderItemMapper.selectList   : <==      Total: 25
23:50:13:193 DEBUG 66996 --- [warehouse] [http-nio-8000-exec-2] com.zh.mapper.OrdersMapper.selectList    : ==>  Preparing: SELECT id,order_no,type,status,total_quantity,operator_id,operator_name,remark,created_at,confirmed_at FROM orders WHERE (status = ?) ORDER BY created_at DESC
23:50:13:196 DEBUG 66996 --- [warehouse] [http-nio-8000-exec-2] com.zh.mapper.OrdersMapper.selectList    : ==> Parameters: CONFIRMED(String)
23:50:13:202 DEBUG 66996 --- [warehouse] [http-nio-8000-exec-2] com.zh.mapper.OrdersMapper.selectList    : <==      Total: 15
23:50:13:206 DEBUG 66996 --- [warehouse] [http-nio-8000-exec-2] c.zh.mapper.OrderItemMapper.selectList   : ==>  Preparing: SELECT id,order_id,product_id,product_name,quantity FROM order_item WHERE (order_id IN (?,?,?,?,?,?,?,?,?,?,?,?,?,?,?))
23:50:13:207 DEBUG 66996 --- [warehouse] [http-nio-8000-exec-2] c.zh.mapper.OrderItemMapper.selectList   : ==> Parameters: 22(Long), 21(Long), 20(Long), 17(Long), 15(Long), 14(Long), 13(Long), 12(Long), 8(Long), 7(Long), 6(Long), 5(Long), 2(Long), 3(Long), 1(Long)
23:50:13:210 DEBUG 66996 --- [warehouse] [http-nio-8000-exec-2] c.zh.mapper.OrderItemMapper.selectList   : <==      Total: 18
23:50:14:197 DEBUG 66996 --- [warehouse] [http-nio-8000-exec-5] com.zh.mapper.OrdersMapper.selectList    : ==>  Preparing: SELECT id,order_no,type,status,total_quantity,operator_id,operator_name,remark,created_at,confirmed_at FROM orders WHERE (status = ?) ORDER BY created_at DESC
23:50:14:198 DEBUG 66996 --- [warehouse] [http-nio-8000-exec-5] com.zh.mapper.OrdersMapper.selectList    : ==> Parameters: CANCELLED(String)
23:50:14:200 DEBUG 66996 --- [warehouse] [http-nio-8000-exec-5] com.zh.mapper.OrdersMapper.selectList    : <==      Total: 5
23:50:14:201 DEBUG 66996 --- [warehouse] [http-nio-8000-exec-5] c.zh.mapper.OrderItemMapper.selectList   : ==>  Preparing: SELECT id,order_id,product_id,product_name,quantity FROM order_item WHERE (order_id IN (?,?,?,?,?))
23:50:14:202 DEBUG 66996 --- [warehouse] [http-nio-8000-exec-5] c.zh.mapper.OrderItemMapper.selectList   : ==> Parameters: 19(Long), 18(Long), 16(Long), 11(Long), 4(Long)
23:50:14:204 DEBUG 66996 --- [warehouse] [http-nio-8000-exec-5] c.zh.mapper.OrderItemMapper.selectList   : <==      Total: 5
23:50:16:512 DEBUG 66996 --- [warehouse] [http-nio-8000-exec-7] com.zh.mapper.OrdersMapper.selectList    : ==>  Preparing: SELECT id,order_no,type,status,total_quantity,operator_id,operator_name,remark,created_at,confirmed_at FROM orders WHERE (status = ?) ORDER BY created_at DESC
23:50:16:513 DEBUG 66996 --- [warehouse] [http-nio-8000-exec-7] com.zh.mapper.OrdersMapper.selectList    : ==> Parameters: CONFIRMING(String)
23:50:16:515 DEBUG 66996 --- [warehouse] [http-nio-8000-exec-7] com.zh.mapper.OrdersMapper.selectList    : <==      Total: 2
23:50:16:517 DEBUG 66996 --- [warehouse] [http-nio-8000-exec-7] c.zh.mapper.OrderItemMapper.selectList   : ==>  Preparing: SELECT id,order_id,product_id,product_name,quantity FROM order_item WHERE (order_id IN (?,?))
23:50:16:517 DEBUG 66996 --- [warehouse] [http-nio-8000-exec-7] c.zh.mapper.OrderItemMapper.selectList   : ==> Parameters: 10(Long), 9(Long)
23:50:16:520 DEBUG 66996 --- [warehouse] [http-nio-8000-exec-7] c.zh.mapper.OrderItemMapper.selectList   : <==      Total: 2
23:50:30:349 DEBUG 66996 --- [warehouse] [http-nio-8000-exec-6] com.zh.mapper.OrdersMapper.selectList    : ==>  Preparing: SELECT id,order_no,type,status,total_quantity,operator_id,operator_name,remark,created_at,confirmed_at FROM orders WHERE (status = ?) ORDER BY created_at DESC
23:50:30:351 DEBUG 66996 --- [warehouse] [http-nio-8000-exec-6] com.zh.mapper.OrdersMapper.selectList    : ==> Parameters: CONFIRMING(String)
23:50:30:353 DEBUG 66996 --- [warehouse] [http-nio-8000-exec-6] com.zh.mapper.OrdersMapper.selectList    : <==      Total: 2
23:50:30:354 DEBUG 66996 --- [warehouse] [http-nio-8000-exec-6] c.zh.mapper.OrderItemMapper.selectList   : ==>  Preparing: SELECT id,order_id,product_id,product_name,quantity FROM order_item WHERE (order_id IN (?,?))
23:50:30:355 DEBUG 66996 --- [warehouse] [http-nio-8000-exec-6] c.zh.mapper.OrderItemMapper.selectList   : ==> Parameters: 10(Long), 9(Long)
23:50:30:357 DEBUG 66996 --- [warehouse] [http-nio-8000-exec-6] c.zh.mapper.OrderItemMapper.selectList   : <==      Total: 2
23:50:32:269 DEBUG 66996 --- [warehouse] [http-nio-8000-exec-9] com.zh.mapper.OrdersMapper.selectList    : ==>  Preparing: SELECT id,order_no,type,status,total_quantity,operator_id,operator_name,remark,created_at,confirmed_at FROM orders ORDER BY created_at DESC
23:50:32:270 DEBUG 66996 --- [warehouse] [http-nio-8000-exec-9] com.zh.mapper.OrdersMapper.selectList    : ==> Parameters: 
23:50:32:274 DEBUG 66996 --- [warehouse] [http-nio-8000-exec-9] com.zh.mapper.OrdersMapper.selectList    : <==      Total: 22
23:50:32:277 DEBUG 66996 --- [warehouse] [http-nio-8000-exec-9] c.zh.mapper.OrderItemMapper.selectList   : ==>  Preparing: SELECT id,order_id,product_id,product_name,quantity FROM order_item WHERE (order_id IN (?,?,?,?,?,?,?,?,?,?,?,?,?,?,?,?,?,?,?,?,?,?))
23:50:32:279 DEBUG 66996 --- [warehouse] [http-nio-8000-exec-9] c.zh.mapper.OrderItemMapper.selectList   : ==> Parameters: 22(Long), 21(Long), 20(Long), 19(Long), 18(Long), 17(Long), 16(Long), 15(Long), 14(Long), 13(Long), 12(Long), 11(Long), 10(Long), 9(Long), 8(Long), 7(Long), 6(Long), 5(Long), 4(Long), 2(Long), 3(Long), 1(Long)
23:50:32:284 DEBUG 66996 --- [warehouse] [http-nio-8000-exec-9] c.zh.mapper.OrderItemMapper.selectList   : <==      Total: 25
23:50:33:332 DEBUG 66996 --- [warehouse] [http-nio-8000-exec-10] c.zh.mapper.ProductMapper.selectCount    : ==>  Preparing: SELECT COUNT( * ) AS total FROM product
23:50:33:332 DEBUG 66996 --- [warehouse] [http-nio-8000-exec-10] c.zh.mapper.ProductMapper.selectCount    : ==> Parameters: 
23:50:33:333 DEBUG 66996 --- [warehouse] [http-nio-8000-exec-10] c.zh.mapper.ProductMapper.selectCount    : <==      Total: 1
23:50:33:334 DEBUG 66996 --- [warehouse] [http-nio-8000-exec-10] c.zh.mapper.InventoryMapper.selectMaps   : ==>  Preparing: SELECT IFNULL(SUM(quantity), 0) AS total FROM inventory
23:50:33:336 DEBUG 66996 --- [warehouse] [http-nio-8000-exec-10] c.zh.mapper.InventoryMapper.selectMaps   : ==> Parameters: 
23:50:33:337 DEBUG 66996 --- [warehouse] [http-nio-8000-exec-10] c.zh.mapper.InventoryMapper.selectMaps   : <==      Total: 1
23:50:33:338 DEBUG 66996 --- [warehouse] [http-nio-8000-exec-10] c.z.m.InventoryMapper.countLowStock      : ==>  Preparing: SELECT COUNT(*) FROM inventory i JOIN product p ON i.product_id = p.id WHERE i.quantity - i.reserved_quantity <= IFNULL(p.low_stock_threshold, 0)
23:50:33:339 DEBUG 66996 --- [warehouse] [http-nio-8000-exec-10] c.z.m.InventoryMapper.countLowStock      : ==> Parameters: 
23:50:33:341 DEBUG 66996 --- [warehouse] [http-nio-8000-exec-10] c.z.m.InventoryMapper.countLowStock      : <==      Total: 1
23:50:33:343 DEBUG 66996 --- [warehouse] [http-nio-8000-exec-10] com.zh.mapper.OrdersMapper.selectCount   : ==>  Preparing: SELECT COUNT( * ) AS total FROM orders WHERE (type = ? AND status = ?)
23:50:33:343 DEBUG 66996 --- [warehouse] [http-nio-8000-exec-10] com.zh.mapper.OrdersMapper.selectCount   : ==> Parameters: INBOUND(String), CREATED(String)
23:50:33:347 DEBUG 66996 --- [warehouse] [http-nio-8000-exec-10] com.zh.mapper.OrdersMapper.selectCount   : <==      Total: 1
23:50:33:349 DEBUG 66996 --- [warehouse] [http-nio-8000-exec-10] com.zh.mapper.OrdersMapper.selectCount   : ==>  Preparing: SELECT COUNT( * ) AS total FROM orders WHERE (type = ? AND status = ?)
23:50:33:350 DEBUG 66996 --- [warehouse] [http-nio-8000-exec-10] com.zh.mapper.OrdersMapper.selectCount   : ==> Parameters: OUTBOUND(String), RESERVED(String)
23:50:33:352 DEBUG 66996 --- [warehouse] [http-nio-8000-exec-10] com.zh.mapper.OrdersMapper.selectCount   : <==      Total: 1
